date,PREC,PREC_raw_qc,PREC_official,PREC_official_qc,SNWD,SNWD_raw_qc,SNWD_official,SNWD_official_qc,TMAX,TMAX_raw_qc,TMAX_official,TMAX_official_qc,TMIN,TMIN_raw_qc,TMIN_official,TMIN_official_qc,TOBS,TOBS_raw_qc,TOBS_official,TOBS_official_qc,WTEQ,WTEQ_raw_qc,WTEQ_official,WTEQ_official_qc,is_extreme_jump,is_missing,BATT_daily_min,SMS_-2,SMS_-8,SMS_-20,STO_-2,STO_-8,STO_-20,SNWD_denoised,SNWD_is_imputed,SNWD_fill_method
2015-10-01,1.5,V,1.5,V,1.0,V,0,E,46.9,C,46.9,C,39.2,C,39.2,C,39.2,C,39.2,C,0.0,V,0.0,V,False,False,13.55,0.0,6.1,8.7,54,57,58,1.0,False,original
2015-10-02,1.9,V,1.9,V,1.0,V,0,E,61.7,C,61.7,C,36.9,C,36.9,C,38.7,C,38.7,C,0.0,V,0.0,V,False,False,13.53,0.0,6.5,11.2,57,57,58,1.0,False,original
2015-10-03,2.0,V,1.9,E,1.0,V,0,E,60.1,C,60.1,C,35.1,C,35.1,C,42.3,C,42.3,C,0.0,V,0.0,V,False,False,13.55,0.0,5.1,11.8,56,57,57,1.0,False,original
2015-10-04,2.0,V,1.9,E,0.0,V,0,V,54.9,C,54.9,C,41.7,C,41.7,C,45.0,C,45.0,C,0.0,V,0.0,V,False,False,13.53,0.0,4.9,11.0,56,56,57,1.0,True,7-day window
2015-10-05,2.0,V,1.9,E,1.0,V,0,E,62.4,C,62.4,C,38.5,C,38.5,C,40.5,C,40.5,C,0.0,V,0.0,V,False,False,13.52,0.0,4.0,11.1,58,57,57,1.0,False,original
2015-10-06,2.0,V,1.9,E,1.0,V,0,E,67.1,C,67.1,C,37.0,C,37.0,C,42.1,C,42.1,C,,V,0.0,E,False,True,13.51,0.0,3.6,11.1,59,58,57,0.0,True,7-day window
2015-10-07,2.0,V,1.9,E,0.0,V,0,V,67.5,C,67.5,C,39.9,C,39.9,C,51.3,C,51.3,C,0.0,V,0.0,V,False,False,13.51,0.0,3.0,9.9,60,58,57,0.0,False,original
2015-10-08,1.9,V,1.9,V,0.0,V,0,V,75.0,C,75.0,C,45.9,C,45.9,C,50.9,C,50.9,C,0.0,V,0.0,V,False,False,13.48,0.0,3.6,10.4,61,59,57,0.0,False,original
2015-10-09,1.9,V,1.9,V,0.0,V,0,V,76.3,C,76.3,C,43.9,C,43.9,C,45.3,C,45.3,C,,V,0.0,E,False,True,13.45,0.0,3.1,9.4,62,60,57,0.0,False,original
2015-10-10,1.9,V,1.9,V,0.0,V,0,V,68.5,C,68.5,C,44.2,C,44.2,C,50.2,C,50.2,C,0.0,V,0.0,V,False,False,13.47,0.0,3.2,9.5,62,60,57,0.0,False,original
2015-10-11,1.9,V,1.9,V,1.0,V,0,E,72.0,C,72.0,C,40.8,C,40.8,C,46.2,C,46.2,C,0.0,V,0.0,V,False,False,13.46,0.0,1.7,9.1,63,60,57,0.0,True,7-day window
2015-10-12,1.9,V,1.9,V,0.0,V,0,V,74.3,C,74.3,C,43.9,C,43.9,C,47.8,C,47.8,C,0.0,V,0.0,V,False,False,13.45,0.0,2.0,8.6,64,61,58,0.0,False,original
2015-10-13,2.0,V,1.9,E,0.0,V,0,V,76.5,C,76.5,C,45.5,C,45.5,C,47.7,C,47.7,C,0.0,V,0.0,V,False,False,13.43,0.0,1.7,8.9,64,61,58,0.0,False,original
2015-10-14,1.9,V,1.9,V,1.0,V,0,E,74.7,C,74.7,C,45.9,C,45.9,C,48.0,C,48.0,C,,V,0.0,E,False,True,13.45,0.0,2.0,8.6,64,61,58,0.0,True,7-day window
2015-10-15,1.9,V,1.9,V,0.0,V,0,V,70.3,C,70.3,C,45.5,C,45.5,C,51.3,C,51.3,C,0.0,V,0.0,V,False,False,13.48,0.0,1.0,7.9,62,61,58,0.0,False,original
2015-10-16,1.9,V,1.9,V,0.0,V,0,V,63.0,C,63.0,C,45.0,C,45.0,C,48.0,C,48.0,C,0.0,V,0.0,V,False,False,13.49,0.0,1.6,8.2,60,60,58,0.0,False,original
2015-10-17,3.0,V,3.0,V,0.0,V,0,V,51.4,C,51.4,C,44.1,C,44.1,C,44.4,C,44.4,C,0.0,V,0.0,V,False,False,13.5,0.0,4.5,10.3,56,58,58,1.0,True,7-day window
2015-10-18,3.1,V,3.1,V,1.0,V,0,E,50.9,C,50.9,C,31.6,C,31.6,C,31.6,C,31.6,C,,V,0.0,E,False,True,13.56,0.0,4.7,10.3,56,57,58,1.0,False,original
2015-10-19,3.2,V,3.2,V,1.0,V,0,E,53.1,C,53.1,C,29.1,C,29.1,C,33.8,C,33.8,C,0.0,V,0.0,V,False,False,13.6,0.0,4.3,9.4,54,56,57,1.0,False,original
2015-10-20,3.2,V,3.2,V,1.0,V,0,E,52.9,C,52.9,C,32.9,C,32.9,C,39.7,C,39.7,C,0.0,V,0.0,V,False,False,13.58,0.0,3.4,9.1,54,55,56,1.0,False,original
2015-10-21,3.2,V,3.2,V,1.0,V,0,E,56.1,C,56.1,C,35.8,C,35.8,C,36.1,C,36.1,C,0.0,V,0.0,V,False,False,13.56,0.0,3.8,8.9,54,55,56,1.0,False,original
2015-10-22,3.2,V,3.2,V,1.0,V,0,E,59.2,C,59.2,C,34.2,C,34.2,C,45.3,C,45.3,C,0.0,V,0.0,V,False,False,13.56,0.0,2.6,9.1,55,55,56,1.0,False,original
2015-10-23,3.2,V,3.2,V,1.0,V,0,E,61.0,C,61.0,C,34.3,C,34.3,C,34.3,C,34.3,C,0.0,V,0.0,V,False,False,13.57,0.0,2.7,8.3,55,55,56,1.0,False,original
2015-10-24,3.2,V,3.2,V,1.0,V,0,E,57.2,C,57.2,C,33.8,C,33.8,C,36.3,C,36.3,C,0.0,V,0.0,V,False,False,13.6,0.0,2.1,7.5,53,54,55,1.0,False,original
2015-10-25,3.2,V,3.2,V,0.0,V,0,V,57.0,C,57.0,C,35.4,C,35.4,C,41.0,C,41.0,C,0.0,V,0.0,V,False,False,13.58,0.0,1.5,7.6,54,54,55,1.0,True,7-day window
2015-10-26,3.2,V,3.2,V,1.0,V,0,E,60.1,C,60.1,C,30.7,C,30.7,C,36.1,C,36.1,C,0.0,V,0.0,V,False,False,13.58,0.0,1.4,7.0,54,54,55,1.0,False,original
2015-10-27,3.2,V,3.2,V,1.0,V,0,E,52.9,C,52.9,C,36.0,C,36.0,C,43.5,C,43.5,C,0.1,V,0.0,E,False,False,13.63,0.0,1.1,7.6,51,53,55,1.0,False,original
2015-10-28,3.7,V,3.7,V,,V,0,E,43.7,C,43.7,C,34.2,C,34.2,C,34.2,C,34.2,C,0.1,V,0.0,E,False,True,13.65,0.0,1.2,7.5,49,52,54,1.0,True,7-day window
2015-10-29,3.7,V,3.7,V,1.0,V,0,E,49.3,C,49.3,C,30.7,C,30.7,C,36.3,C,36.3,C,0.1,V,0.0,E,False,False,13.63,0.0,1.2,7.2,49,51,54,1.0,False,original
2015-10-30,3.7,V,3.7,V,,V,0,E,60.1,C,60.1,C,31.8,C,31.8,C,36.5,C,36.5,C,0.1,V,0.0,E,False,True,13.6,0.0,1.0,6.8,51,51,53,1.0,True,7-day window
2015-10-31,3.7,V,3.7,V,,V,0,E,61.0,C,61.0,C,34.0,C,34.0,C,45.7,C,45.7,C,0.0,V,0.0,V,False,True,13.57,0.0,1.2,7.1,52,51,53,1.0,True,7-day window
2015-11-01,4.8,V,4.8,V,1.0,V,0,E,47.8,C,47.8,C,37.0,C,37.0,C,38.3,C,38.3,C,0.2,V,0.0,E,False,False,13.61,0.0,3.3,27.7,44,49,52,1.0,False,original
2015-11-02,6.0,V,6.0,V,6.0,V,6,V,39.4,C,39.4,C,28.9,C,28.9,C,29.3,C,29.3,C,0.4,V,0.4,V,False,False,13.65,0.0,7.4,23.4,42,46,51,6.0,False,original
2015-11-03,6.1,V,6.1,V,,S,3,E,31.6,C,31.6,C,21.7,C,21.7,C,24.8,C,24.8,C,0.3,V,0.3,V,False,True,13.69,0.0,7.4,21.1,42,45,51,2.0,True,7-day window
2015-11-04,6.1,V,6.1,V,3.0,V,3,V,32.0,C,32.0,C,19.2,C,19.2,C,20.7,C,20.7,C,0.3,V,0.3,V,False,False,13.72,0.0,7.1,19.9,41,45,50,3.0,False,original
2015-11-05,6.1,V,6.1,V,2.0,V,2,V,39.7,C,39.7,C,18.1,C,18.1,C,27.1,C,27.1,C,0.5,V,0.3,E,False,False,13.73,0.0,6.0,19.0,41,44,50,2.0,False,original
2015-11-06,6.1,V,6.1,V,2.0,V,2,V,49.3,C,49.3,C,25.2,C,25.2,C,27.5,C,27.5,C,,V,0.2,E,False,True,13.64,0.0,6.1,18.3,43,44,49,2.0,False,original
2015-11-07,6.1,V,6.1,V,,V,2,E,55.8,C,55.8,C,25.3,C,25.3,C,29.1,C,29.1,C,,V,0.2,E,False,True,13.65,0.0,5.8,17.5,44,45,49,3.0,True,7-day window
2015-11-08,6.5,V,6.5,V,,S,5,E,41.4,C,41.4,C,28.4,C,28.4,C,28.4,C,28.4,C,0.5,V,0.5,V,False,True,13.65,0.0,5.5,17.2,41,44,49,7.0,True,7-day window
2015-11-09,7.0,V,7.0,V,10.0,V,10,V,28.4,C,28.4,C,23.9,C,23.9,C,23.9,C,23.9,C,0.9,V,0.8,E,False,False,13.75,0.0,5.6,16.5,41,44,48,10.0,False,original
2015-11-10,7.1,V,7.1,V,8.0,V,8,V,36.5,C,36.5,C,15.6,C,15.6,C,15.8,C,15.8,C,0.9,V,0.9,V,False,False,13.73,0.0,8.1,19.6,39,42,48,8.0,False,original
2015-11-11,7.1,V,7.1,V,7.0,V,7,V,46.6,C,46.6,C,13.6,C,13.6,C,21.4,C,21.4,C,0.9,V,0.9,V,False,False,13.75,0.0,8.9,20.3,38,41,47,7.0,False,original
2015-11-12,7.1,V,7.1,V,4.0,V,4,V,48.4,C,48.4,C,19.2,C,19.2,C,27.7,C,27.7,C,0.9,V,0.9,V,False,False,13.74,0.0,9.0,20.5,38,40,46,4.0,False,original
2015-11-13,7.2,V,7.1,E,5.0,V,5,V,57.6,C,57.6,C,24.6,C,24.6,C,29.7,C,29.7,C,0.8,V,0.9,E,False,False,13.69,0.0,8.7,19.8,40,41,46,5.0,False,original
2015-11-14,7.1,V,7.1,V,3.0,V,3,V,51.1,C,51.1,C,27.7,C,27.7,C,35.8,C,35.8,C,0.8,V,0.9,E,False,False,13.67,0.0,8.4,19.4,41,42,46,3.0,False,original
2015-11-15,7.7,V,7.7,V,12.0,V,12,V,36.3,C,36.3,C,18.9,C,18.9,C,18.9,C,18.9,C,1.5,V,1.5,V,False,False,13.68,0.0,7.7,19.0,38,41,46,12.0,False,original
2015-11-16,7.8,V,7.8,V,10.0,V,10,V,28.9,C,28.9,C,16.3,C,16.3,C,17.4,C,17.4,C,1.5,V,1.5,V,False,False,13.77,0.0,7.6,18.9,38,41,46,10.0,False,original
2015-11-17,7.8,V,7.8,V,8.0,V,8,V,46.6,C,46.6,C,17.1,C,17.1,C,26.6,C,26.6,C,1.5,V,1.5,V,False,False,13.68,0.0,7.4,18.1,38,40,45,8.0,False,original
2015-11-18,7.8,V,7.8,V,7.0,V,7,V,53.2,C,53.2,C,24.6,C,24.6,C,28.9,C,28.9,C,1.5,V,1.5,V,False,False,13.71,1.5,8.1,19.5,37,40,45,7.0,False,original
2015-11-19,7.9,V,7.9,V,6.0,V,6,V,54.9,C,54.9,C,27.7,C,27.7,C,29.7,C,29.7,C,1.4,V,1.4,V,False,False,13.67,0.8,8.0,19.3,40,40,44,6.0,False,original
2015-11-20,7.9,V,7.9,V,5.0,V,5,V,50.4,C,50.4,C,28.6,C,28.6,C,35.1,C,35.1,C,1.2,V,1.2,V,False,False,13.68,0.4,7.7,19.6,41,41,44,5.0,False,original
2015-11-21,7.9,V,7.9,V,5.0,V,5,V,55.0,C,55.0,C,28.4,C,28.4,C,31.8,C,31.8,C,1.2,V,1.2,V,False,False,13.67,0.1,7.9,19.0,42,42,44,5.0,False,original
2015-11-22,7.9,V,7.9,V,4.0,V,4,V,54.9,C,54.9,C,28.6,C,28.6,C,31.6,C,31.6,C,1.0,V,1.1,E,False,False,13.67,0.3,7.7,18.6,42,42,44,5.0,True,7-day window
2015-11-23,7.9,V,7.9,V,4.0,V,4,V,46.0,C,46.0,C,29.8,C,29.8,C,35.2,C,35.2,C,0.7,V,1.1,E,False,False,13.69,0.1,6.7,18.1,41,42,44,5.0,True,7-day window
2015-11-24,9.0,V,9.0,V,,S,13,E,35.4,C,35.4,C,19.9,C,19.9,C,19.9,C,19.9,C,2.2,V,2.2,V,False,True,13.69,0.0,7.2,18.0,38,41,44,9.5,True,7-day window
2015-11-25,9.3,V,9.2,E,14.0,V,14,V,25.9,C,25.9,C,11.1,C,11.1,C,10.9,C,10.9,C,2.3,V,2.3,V,False,False,13.78,0.2,6.8,18.0,38,40,44,14.0,False,original
2015-11-26,9.2,V,9.2,V,14.0,V,14,V,21.6,C,21.6,C,10.9,C,10.9,C,16.0,C,16.0,C,2.3,V,2.3,V,False,False,13.82,0.0,6.6,17.7,38,40,44,14.0,False,original
2015-11-27,9.2,V,9.2,V,14.0,V,14,V,24.6,C,24.6,C,12.9,C,12.9,C,14.2,C,14.2,C,2.3,V,2.3,V,False,False,13.8,0.2,6.3,17.6,37,40,44,14.0,False,original
2015-11-28,9.2,V,9.2,V,14.0,V,14,V,27.9,C,27.9,C,6.6,C,6.6,C,11.1,C,11.1,C,2.3,V,2.3,V,False,False,13.83,0.0,6.5,17.3,37,39,43,14.0,False,original
2015-11-29,9.2,V,9.2,V,13.0,V,13,V,38.8,C,38.8,C,5.9,C,5.9,C,10.9,C,10.9,C,2.4,V,2.3,E,False,False,13.82,0.0,6.3,17.3,36,39,43,13.0,False,original
2015-11-30,9.3,V,9.3,V,13.0,V,13,V,41.0,C,41.0,C,9.9,C,9.9,C,19.6,C,19.6,C,2.3,V,2.4,E,False,False,13.84,0.0,6.1,17.1,36,39,43,13.0,False,original
2015-12-01,9.2,V,9.3,E,12.0,V,12,V,47.5,C,47.5,C,16.3,C,16.3,C,27.9,C,27.9,C,2.3,V,2.4,E,False,False,13.79,1.7,6.6,16.8,36,38,42,12.0,False,original
2015-12-02,9.3,V,9.3,V,9.0,V,9,V,47.5,C,47.5,C,27.5,C,27.5,C,39.7,C,39.7,C,2.4,V,2.4,V,False,False,13.76,2.5,6.1,17.0,36,38,42,9.0,False,original
2015-12-03,10.2,V,10.3,E,18.0,V,18,V,43.9,C,43.9,C,27.1,C,27.1,C,27.3,C,27.3,C,3.4,V,3.4,V,False,False,13.73,2.9,6.5,17.3,36,38,42,18.0,False,original
2015-12-04,10.5,V,10.6,E,19.0,V,19,V,32.4,C,32.4,C,16.7,C,16.7,C,16.7,C,16.7,C,3.7,V,3.7,V,False,False,13.74,2.3,6.8,17.5,36,38,42,19.0,False,original
2015-12-05,10.5,V,10.6,E,18.0,V,18,V,40.6,C,40.6,C,14.7,C,14.7,C,32.4,C,32.4,C,3.7,V,3.7,V,False,False,13.75,4.3,6.9,17.8,36,38,42,18.0,False,original
2015-12-06,10.8,V,10.8,V,17.0,V,17,V,36.3,C,36.3,C,27.5,C,27.5,C,34.2,C,34.2,C,3.9,V,3.9,V,False,False,13.73,2.1,6.6,17.6,36,38,41,17.0,False,original
2015-12-07,10.8,V,10.8,V,15.0,V,15,V,38.8,C,38.8,C,31.6,C,31.6,C,31.6,C,31.6,C,3.8,V,3.8,V,False,False,13.76,5.3,7.2,17.5,36,38,41,15.0,False,original
2015-12-08,10.9,V,10.9,V,13.0,V,13,V,51.3,C,51.3,C,30.7,C,30.7,C,34.0,C,34.0,C,3.7,V,3.7,V,False,False,13.67,6.0,7.2,17.9,36,37,41,13.0,False,original
2015-12-09,11.2,V,11.2,V,11.0,V,11,V,41.9,C,41.9,C,30.6,C,30.6,C,38.3,C,38.3,C,3.8,V,3.8,V,False,False,13.69,5.2,10.0,18.0,36,37,41,11.0,False,original
2015-12-10,13.9,V,13.9,V,21.0,V,21,V,38.8,C,38.8,C,25.0,C,25.0,C,25.0,C,25.0,C,4.9,V,5.1,E,False,False,13.67,5.0,11.4,26.2,34,35,39,21.0,False,original
2015-12-11,14.5,V,14.5,V,25.0,V,25,V,28.6,C,28.6,C,19.6,C,19.6,C,19.9,C,19.9,C,5.5,V,5.7,E,False,False,13.67,3.7,10.3,24.3,35,36,39,25.0,False,original
2015-12-12,14.6,V,14.6,V,24.0,V,24,V,29.5,C,29.5,C,13.8,C,13.8,C,29.5,C,29.5,C,5.6,V,5.8,E,False,False,13.75,3.7,9.5,23.7,35,36,39,24.0,False,original
2015-12-13,16.0,V,16.3,E,,S,35,E,30.9,C,30.9,C,18.7,C,18.7,C,18.7,C,18.7,C,7.5,V,7.5,V,False,True,13.73,3.3,9.3,22.8,35,36,39,27.5,True,7-day window
2015-12-14,16.3,V,16.3,V,33.0,V,33,V,23.0,C,23.0,C,9.3,C,9.3,C,13.3,C,13.3,C,7.5,V,7.5,V,False,False,13.75,3.0,9.0,22.4,35,36,39,33.0,False,original
2015-12-15,16.3,V,16.3,V,32.0,V,32,V,24.4,C,24.4,C,11.5,C,11.5,C,15.3,C,15.3,C,7.4,V,7.5,E,False,False,13.78,2.9,8.6,22.2,35,36,39,32.0,False,original
2015-12-16,16.3,V,16.3,V,30.0,V,30,V,36.5,C,36.5,C,12.9,C,12.9,C,21.4,C,21.4,C,7.5,V,7.5,V,False,False,13.81,3.4,8.4,21.7,35,36,39,30.0,False,original
2015-12-17,16.3,V,16.3,V,29.0,V,29,V,31.8,C,31.8,C,21.4,C,21.4,C,24.1,C,24.1,C,7.5,V,7.5,V,False,False,13.78,2.9,8.5,21.7,35,36,39,29.0,False,original
2015-12-18,16.5,V,16.5,V,29.0,V,29,V,36.5,C,36.5,C,22.1,C,22.1,C,27.3,C,27.3,C,7.7,V,7.7,V,False,False,13.78,2.6,8.3,21.3,35,36,39,29.0,False,original
2015-12-19,17.1,V,17.4,E,35.0,V,35,V,28.0,C,28.0,C,20.1,C,20.1,C,20.1,C,20.1,C,8.6,V,8.6,V,False,False,13.72,2.9,8.2,21.1,35,36,39,35.0,False,original
2015-12-20,17.5,V,18.1,E,37.0,V,37,V,29.5,C,29.5,C,14.5,C,14.5,C,29.5,C,29.5,C,9.2,V,9.2,V,False,False,13.78,2.7,8.3,20.6,35,36,39,37.0,False,original
2015-12-21,19.4,V,20.8,E,54.0,V,54,V,32.4,C,32.4,C,29.5,C,29.5,C,32.0,C,32.0,C,12.3,V,12.3,V,False,False,13.79,2.5,8.0,20.7,35,36,39,54.0,False,original
2015-12-22,21.8,V,22.2,E,48.0,V,48,V,36.1,C,36.1,C,29.7,C,29.7,C,30.0,C,30.0,C,13.7,V,13.7,V,False,False,13.76,3.1,11.0,24.9,35,36,39,48.0,False,original
2015-12-23,22.3,V,22.7,E,49.0,V,49,V,30.0,C,30.0,C,18.9,C,18.9,C,19.0,C,19.0,C,14.1,V,14.2,E,False,False,13.77,4.0,11.0,27.8,35,36,39,49.0,False,original
2015-12-24,22.6,V,23.9,E,62.0,V,62,V,21.4,C,21.4,C,14.9,C,14.9,C,14.9,C,14.9,C,15.6,V,15.4,E,False,False,13.76,3.9,10.8,28.4,35,36,39,62.0,False,original
2015-12-25,23.4,V,23.9,E,57.0,V,57,V,24.6,C,24.6,C,9.1,C,9.1,C,13.5,C,13.5,C,15.6,V,15.4,E,False,False,13.83,3.9,11.0,28.7,35,36,39,57.0,False,original
2015-12-26,23.5,V,23.9,E,56.0,V,56,V,25.5,C,25.5,C,10.0,C,10.0,C,14.4,C,14.4,C,15.4,V,15.4,V,False,False,13.78,4.2,10.7,28.9,35,36,39,56.0,False,original
2015-12-27,23.6,V,23.9,E,53.0,V,53,V,30.2,C,30.2,C,12.4,C,12.4,C,18.9,C,18.9,C,15.3,V,15.4,E,False,False,13.8,3.6,11.0,29.7,35,36,39,53.0,False,original
2015-12-28,23.7,V,23.9,E,53.0,V,53,V,26.6,C,26.6,C,17.2,C,17.2,C,18.7,C,18.7,C,15.3,V,15.4,E,False,False,13.76,3.8,11.0,29.9,35,36,39,53.0,False,original
2015-12-29,23.8,V,23.9,E,52.0,V,52,V,32.0,C,32.0,C,9.9,C,9.9,C,10.8,C,10.8,C,15.2,V,15.4,E,False,False,13.8,4.1,11.4,30.3,35,36,39,52.0,False,original
2015-12-30,23.9,V,23.9,V,51.0,V,51,V,29.7,C,29.7,C,10.2,C,10.2,C,16.5,C,16.5,C,15.2,V,15.4,E,False,False,13.81,4.1,11.3,30.6,35,36,39,51.0,False,original
2015-12-31,23.8,V,23.9,E,51.0,V,51,V,25.2,C,25.2,C,7.9,C,7.9,C,7.7,C,7.7,C,15.2,V,15.4,E,False,False,13.82,3.8,11.3,31.0,35,36,39,51.0,False,original
2016-01-01,23.9,V,23.9,V,51.0,V,51,V,21.6,C,21.6,C,2.3,C,2.3,C,2.5,C,2.5,C,15.2,V,15.4,E,False,False,13.85,4.2,11.2,31.1,35,36,39,51.0,False,original
2016-01-02,23.8,V,23.9,E,49.0,V,49,V,35.1,C,35.1,C,2.3,C,2.3,C,24.4,C,24.4,C,15.2,V,15.4,E,False,False,13.82,3.3,11.5,31.6,35,36,39,50.5,True,7-day window
2016-01-03,23.9,V,23.9,V,48.0,V,48,V,40.1,C,40.1,C,23.7,C,23.7,C,26.2,C,26.2,C,15.2,V,15.4,E,False,False,13.81,3.8,11.6,31.6,35,36,39,50.0,True,7-day window
2016-01-04,24.0,V,24.0,V,50.0,V,50,V,33.1,C,33.1,C,20.7,C,20.7,C,29.8,C,29.8,C,15.5,V,15.5,V,False,False,13.8,4.2,11.7,31.9,35,36,39,50.0,False,original
2016-01-05,24.9,V,24.9,V,,S,58,E,30.7,C,30.7,C,25.0,C,25.0,C,25.0,C,25.0,C,16.6,V,16.6,V,False,True,13.79,4.0,11.8,32.2,35,36,39,50.0,True,7-day window
2016-01-06,25.1,V,25.5,E,,S,63,E,27.3,C,27.3,C,21.4,C,21.4,C,24.3,C,24.3,C,17.2,V,17.2,V,False,True,13.78,4.1,11.7,32.1,35,36,39,59.0,True,7-day window
2016-01-07,25.7,V,25.6,E,62.0,V,62,V,30.0,C,30.0,C,11.8,C,11.8,C,12.0,C,12.0,C,17.3,V,17.3,V,False,False,13.77,4.4,11.8,32.1,35,36,39,62.0,False,original
2016-01-08,25.8,V,25.7,E,60.0,V,60,V,35.1,C,35.1,C,9.3,C,9.3,C,23.2,C,23.2,C,17.4,V,17.4,V,False,False,13.79,4.2,11.7,32.5,35,36,39,60.0,False,original
2016-01-09,25.8,V,25.9,E,59.0,V,59,V,31.6,C,31.6,C,22.5,C,22.5,C,26.2,C,26.2,C,17.6,V,17.6,V,False,False,13.77,4.3,11.7,32.1,35,36,39,59.0,False,original
2016-01-10,25.9,V,25.9,V,58.0,V,58,V,35.1,C,35.1,C,20.3,C,20.3,C,21.2,C,21.2,C,17.6,V,17.6,V,False,False,13.75,4.2,11.4,32.1,35,36,39,58.0,False,original
2016-01-11,25.9,V,26.0,E,55.0,V,55,V,40.6,C,40.6,C,15.6,C,15.6,C,21.7,C,21.7,C,17.7,V,17.7,V,False,False,13.78,4.4,11.5,32.0,35,36,39,55.0,False,original
2016-01-12,25.9,V,26.0,E,56.0,V,56,V,45.0,C,45.0,C,17.4,C,17.4,C,30.4,C,30.4,C,17.7,V,17.7,V,False,False,13.78,4.2,11.5,32.1,35,36,39,56.0,False,original
2016-01-13,27.1,V,27.9,E,67.0,V,67,V,33.3,C,33.3,C,22.5,C,22.5,C,23.5,C,23.5,C,19.6,V,19.6,V,False,False,13.78,4.7,11.6,31.9,35,36,39,67.0,False,original
2016-01-14,27.7,V,29.2,E,74.0,V,74,V,29.7,C,29.7,C,15.6,C,15.6,C,27.9,C,27.9,C,20.9,V,20.9,V,False,False,13.8,4.0,11.4,32.2,35,36,38,74.0,False,original
2016-01-15,29.0,V,29.7,E,74.0,V,74,V,34.5,C,34.5,C,17.4,C,17.4,C,27.7,C,27.7,C,21.4,V,21.4,V,False,False,13.79,4.2,11.6,32.0,35,36,38,74.0,False,original
2016-01-16,29.6,V,30.1,E,73.0,V,73,V,38.1,C,38.1,C,27.5,C,27.5,C,30.9,C,30.9,C,21.8,V,21.8,V,False,False,13.77,4.9,12.1,32.4,35,36,38,73.0,False,original
2016-01-17,30.0,V,30.9,E,,S,77,E,36.0,C,36.0,C,29.5,C,29.5,C,30.4,C,30.4,C,22.6,V,22.6,V,False,True,13.76,4.6,12.2,32.9,35,36,38,75.0,True,7-day window
2016-01-18,31.5,V,31.5,V,76.0,V,76,V,34.3,C,34.3,C,29.7,C,29.7,C,30.7,C,30.7,C,23.2,V,23.2,V,False,False,13.76,4.5,12.5,33.5,35,36,38,76.0,False,original
2016-01-19,32.7,V,32.9,E,80.0,V,80,V,34.9,C,34.9,C,29.8,C,29.8,C,31.1,C,31.1,C,24.6,V,24.6,V,False,False,13.75,4.8,12.7,34.2,35,36,38,80.0,False,original
2016-01-20,32.9,V,32.9,V,78.0,V,78,V,41.0,C,41.0,C,26.2,C,26.2,C,26.8,C,26.8,C,24.6,V,24.6,V,False,False,13.76,4.8,12.8,34.5,35,36,38,78.0,False,original
2016-01-21,32.9,V,32.9,V,77.0,V,77,V,48.0,C,48.0,C,26.8,C,26.8,C,36.1,C,36.1,C,24.6,V,24.6,V,False,False,13.76,4.8,12.9,34.7,35,35,38,77.0,False,original
2016-01-22,33.1,V,33.9,E,79.0,V,79,V,37.0,C,37.0,C,31.5,C,31.5,C,32.5,C,32.5,C,25.6,V,25.6,V,False,False,13.76,4.9,13.0,35.0,35,35,38,79.0,False,original
2016-01-23,33.9,V,35.0,E,85.0,V,85,V,32.7,C,32.7,C,26.4,C,26.4,C,27.3,C,27.3,C,26.8,V,26.7,E,False,False,13.77,4.8,13.1,35.3,35,35,38,78.5,True,7-day window
2016-01-24,35.1,V,35.1,V,,S,84,E,31.1,C,31.1,C,25.3,C,25.3,C,26.8,C,26.8,C,26.9,V,26.8,E,False,True,13.77,5.2,13.2,35.6,34,35,38,78.5,True,7-day window
2016-01-25,35.1,V,35.1,V,80.0,V,80,V,39.0,C,39.0,C,19.0,C,19.0,C,27.1,C,27.1,C,26.8,V,26.8,V,False,False,13.76,5.2,13.1,35.5,34,35,38,80.0,False,original
2016-01-26,35.2,V,35.2,V,77.0,V,77,V,44.1,C,44.1,C,20.5,C,20.5,C,27.1,C,27.1,C,26.8,V,26.8,V,False,False,13.77,5.0,13.2,35.7,34,35,38,77.0,False,original
2016-01-27,35.2,V,35.2,V,78.0,V,78,V,51.4,C,51.4,C,23.5,C,23.5,C,23.5,C,23.5,C,26.8,V,26.8,V,False,False,13.77,5.5,13.2,35.9,34,35,37,78.0,False,original
2016-01-28,35.3,V,35.3,V,76.0,V,76,V,46.6,C,46.6,C,21.9,C,21.9,C,36.9,C,36.9,C,26.8,V,26.8,V,False,False,13.76,5.6,13.1,36.1,34,35,37,76.0,False,original
2016-01-29,39.0,V,39.0,V,73.0,V,73,V,40.1,C,40.1,C,32.5,C,32.5,C,33.8,C,33.8,C,26.1,V,26.1,V,False,False,13.73,6.5,36.3,40.6,34,35,37,73.0,False,original
2016-01-30,40.0,V,40.0,V,75.0,V,75,V,34.2,C,34.2,C,23.5,C,23.5,C,24.3,C,24.3,C,26.0,V,26.4,E,False,False,13.74,7.1,23.5,40.6,34,34,36,75.0,False,original
2016-01-31,40.5,V,40.5,V,80.0,V,80,V,24.6,C,24.6,C,15.3,C,15.3,C,15.6,C,15.6,C,26.8,V,26.9,E,False,False,13.79,6.1,21.9,40.4,34,34,36,80.0,False,original
2016-02-01,40.5,V,40.5,V,79.0,V,79,V,27.1,C,27.1,C,8.6,C,8.6,C,12.0,C,12.0,C,26.9,V,26.9,V,False,False,13.82,6.0,21.0,40.4,34,34,36,79.0,False,original
2016-02-02,40.7,V,40.7,V,75.0,V,75,V,28.2,C,28.2,C,7.9,C,7.9,C,7.9,C,7.9,C,27.0,V,27.0,V,False,False,13.83,6.8,20.8,40.4,34,34,36,75.0,False,original
2016-02-03,40.6,V,40.8,E,77.0,V,77,V,30.7,C,30.7,C,6.4,C,6.4,C,24.3,C,24.3,C,27.0,V,27.0,V,False,False,13.84,6.2,20.5,40.4,34,34,36,77.0,False,original
2016-02-04,40.7,V,40.8,E,76.0,V,76,V,41.4,C,41.4,C,16.5,C,16.5,C,24.1,C,24.1,C,26.9,V,26.9,V,False,False,13.8,6.3,20.4,40.4,34,34,36,76.0,False,original
2016-02-05,40.7,V,40.8,E,75.0,V,75,V,48.4,C,48.4,C,18.3,C,18.3,C,24.4,C,24.4,C,26.8,V,26.8,V,False,False,13.79,6.7,20.3,40.4,34,34,36,75.0,False,original
2016-02-06,40.7,V,40.8,E,73.0,V,73,V,50.0,C,50.0,C,20.5,C,20.5,C,28.4,C,28.4,C,26.7,V,26.7,V,False,False,13.77,6.0,20.4,40.2,34,35,36,73.0,False,original
2016-02-07,40.8,V,40.8,V,71.0,V,71,V,50.2,C,50.2,C,27.3,C,27.3,C,35.2,C,35.2,C,26.4,V,26.6,E,False,False,13.74,6.2,20.4,40.2,34,34,36,71.0,False,original
2016-02-08,40.8,V,40.8,V,69.0,V,69,V,54.7,C,54.7,C,28.6,C,28.6,C,36.7,C,36.7,C,26.3,V,26.4,E,False,False,13.71,6.0,20.5,40.2,34,35,36,69.0,False,original
2016-02-09,40.8,V,40.8,V,68.0,V,68,V,62.6,C,62.6,C,28.0,C,28.0,C,32.2,C,32.2,C,26.1,V,26.3,E,False,False,13.72,6.8,20.5,40.2,34,34,36,68.0,False,original
2016-02-10,40.8,V,40.8,V,66.0,V,66,V,57.7,C,57.7,C,27.0,C,27.0,C,32.5,C,32.5,C,26.1,V,26.2,E,False,False,13.72,6.1,20.5,40.2,34,34,36,66.0,False,original
2016-02-11,40.8,V,40.8,V,66.0,V,66,V,58.8,C,58.8,C,29.7,C,29.7,C,31.1,C,31.1,C,26.1,V,26.1,V,False,False,13.72,6.2,20.4,40.3,34,34,36,66.0,False,original
2016-02-12,40.8,V,40.8,V,66.0,V,66,V,56.8,C,56.8,C,27.5,C,27.5,C,29.8,C,29.8,C,26.0,V,26.0,V,False,False,13.73,6.1,20.6,40.3,34,34,36,66.0,False,original
2016-02-13,40.8,V,40.8,V,65.0,V,65,V,56.1,C,56.1,C,24.3,C,24.3,C,32.7,C,32.7,C,25.8,V,25.8,V,False,False,13.72,6.7,20.5,40.3,34,34,36,65.0,False,original
2016-02-14,40.7,V,40.8,E,63.0,V,63,V,50.9,C,50.9,C,28.6,C,28.6,C,39.0,C,39.0,C,25.6,V,25.6,V,False,False,13.71,7.0,20.7,40.3,34,34,36,65.0,True,7-day window
2016-02-15,40.7,V,40.8,E,62.0,V,62,V,55.4,C,55.4,C,32.5,C,32.5,C,32.5,C,32.5,C,25.4,V,25.4,V,False,False,13.69,6.7,20.8,40.3,34,34,36,62.0,False,original
2016-02-16,40.7,V,40.8,E,60.0,V,60,V,61.7,C,61.7,C,29.8,C,29.8,C,36.1,C,36.1,C,24.9,V,24.9,V,False,False,13.69,7.2,20.8,40.3,34,34,36,60.0,False,original
2016-02-17,41.9,V,42.0,E,66.0,V,66,V,46.8,C,46.8,C,25.9,C,25.9,C,26.4,C,26.4,C,26.1,V,26.1,V,False,False,13.73,6.5,21.1,40.3,34,34,36,66.0,False,original
2016-02-18,43.7,V,43.8,E,81.0,V,81,V,28.9,C,28.9,C,23.7,C,23.7,C,25.2,C,25.2,C,27.9,V,27.9,V,False,False,13.77,6.6,20.6,40.3,34,34,36,81.0,False,original
2016-02-19,43.8,V,44.0,E,79.0,V,79,V,30.7,C,30.7,C,22.6,C,22.6,C,30.7,C,30.7,C,28.2,V,28.2,V,False,False,13.79,7.3,20.5,40.3,34,34,36,79.0,False,original
2016-02-20,44.0,V,44.0,V,76.0,V,76,V,41.9,C,41.9,C,23.4,C,23.4,C,25.0,C,25.0,C,28.5,V,28.5,V,False,False,13.76,6.9,20.7,40.3,34,34,35,74.0,True,7-day window
2016-02-21,44.0,V,44.0,V,74.0,V,74,V,51.1,C,51.1,C,17.6,C,17.6,C,29.3,C,29.3,C,28.6,V,28.6,V,False,False,13.75,7.1,20.4,40.3,34,34,35,74.0,False,original
2016-02-22,44.0,V,44.0,V,72.0,V,72,V,49.5,C,49.5,C,21.0,C,21.0,C,32.5,C,32.5,C,28.6,V,28.6,V,False,False,13.73,6.9,20.5,40.3,34,34,35,72.0,False,original
2016-02-23,44.0,V,44.0,V,71.0,V,71,V,56.1,C,56.1,C,26.4,C,26.4,C,31.1,C,31.1,C,28.4,V,28.6,E,False,False,13.73,7.3,20.6,40.3,34,34,35,71.0,False,original
2016-02-24,43.9,V,44.0,E,69.0,V,69,V,53.8,C,53.8,C,27.5,C,27.5,C,29.3,C,29.3,C,28.4,V,28.5,E,False,False,13.71,7.1,20.7,40.3,34,34,35,69.0,False,original
2016-02-25,44.0,V,44.0,V,68.0,V,68,V,57.2,C,57.2,C,28.2,C,28.2,C,32.0,C,32.0,C,28.3,V,28.3,V,False,False,13.69,7.4,20.7,40.3,34,34,35,68.0,False,original
2016-02-26,44.0,V,44.0,V,66.0,V,66,V,55.2,C,55.2,C,30.4,C,30.4,C,39.0,C,39.0,C,28.0,V,28.1,E,False,False,13.7,7.1,20.7,40.3,34,34,35,66.0,False,original
2016-02-27,44.0,V,44.0,V,65.0,V,65,V,50.4,C,50.4,C,28.9,C,28.9,C,28.9,C,28.9,C,27.9,V,27.9,V,False,False,13.69,7.4,20.8,40.3,34,34,35,65.0,False,original
2016-02-28,44.0,V,44.0,V,65.0,V,65,V,50.9,C,50.9,C,27.3,C,27.3,C,29.1,C,29.1,C,27.8,V,27.8,V,False,False,13.72,7.0,21.0,40.3,34,34,35,65.0,False,original
2016-02-29,43.9,V,44.0,E,63.0,V,63,V,49.8,C,49.8,C,25.7,C,25.7,C,34.2,C,34.2,C,27.6,V,27.6,V,False,False,13.71,7.3,20.8,40.3,34,34,35,63.0,False,original
2016-03-01,43.9,V,44.0,E,63.0,V,63,V,49.6,C,49.6,C,31.5,C,31.5,C,36.9,C,36.9,C,27.3,V,27.3,V,False,False,13.69,7.2,21.1,40.3,34,34,35,63.0,False,original
2016-03-02,44.0,V,44.0,V,61.0,V,61,V,53.6,C,53.6,C,30.7,C,30.7,C,40.5,C,40.5,C,26.8,V,26.8,V,False,False,13.69,7.4,21.1,40.4,34,34,35,63.0,True,7-day window
2016-03-03,44.0,V,44.0,V,60.0,V,60,V,47.3,C,47.3,C,36.7,C,36.7,C,37.2,C,37.2,C,26.3,V,26.3,V,False,False,13.71,7.1,21.2,40.4,34,34,35,60.0,False,original
2016-03-04,45.3,V,45.3,V,,S,63,E,44.6,C,44.6,C,33.1,C,33.1,C,33.1,C,33.1,C,26.8,V,26.8,V,False,True,13.73,8.6,22.2,40.6,33,34,35,63.0,True,7-day window
2016-03-05,47.9,V,47.9,V,,S,64,E,38.8,C,38.8,C,32.9,C,32.9,C,33.6,C,33.6,C,27.1,V,27.6,E,False,True,13.74,11.6,28.9,40.6,33,33,35,88.0,True,7-day window
2016-03-06,49.9,V,50.0,E,89.0,V,89,V,33.6,C,33.6,C,25.2,C,25.2,C,26.8,C,26.8,C,28.9,V,29.7,E,False,False,13.76,9.4,23.7,40.6,33,33,35,89.0,False,original
2016-03-07,51.4,V,51.4,V,92.0,V,92,V,33.1,C,33.1,C,26.2,C,26.2,C,26.4,C,26.4,C,30.3,V,31.1,E,False,False,13.79,9.3,22.5,40.5,33,33,35,92.0,False,original
2016-03-08,51.6,V,51.6,V,88.0,V,88,V,34.3,C,34.3,C,17.6,C,17.6,C,29.8,C,29.8,C,30.8,V,31.3,E,False,False,13.8,8.7,22.0,40.4,33,33,35,88.0,False,original
2016-03-09,51.9,V,51.9,V,83.0,V,83,V,38.8,C,38.8,C,29.7,C,29.7,C,36.5,C,36.5,C,31.1,V,31.6,E,False,False,13.78,11.1,23.0,40.6,33,33,34,83.0,False,original
2016-03-10,52.5,V,52.5,V,82.0,V,82,V,39.7,C,39.7,C,32.9,C,32.9,C,33.6,C,33.6,C,31.4,V,32.2,E,False,False,13.77,11.2,23.1,40.6,33,33,35,82.0,False,original
2016-03-11,53.4,V,53.4,V,84.0,V,84,V,38.5,C,38.5,C,25.5,C,25.5,C,27.3,C,27.3,C,32.1,V,33.1,E,False,False,13.77,11.0,22.8,40.5,33,33,35,84.0,False,original
2016-03-12,54.7,V,54.7,V,95.0,V,95,V,31.6,C,31.6,C,27.1,C,27.1,C,30.2,C,30.2,C,33.7,V,34.4,E,False,False,13.77,10.2,22.4,40.5,33,33,35,95.0,False,original
2016-03-13,56.9,V,57.5,E,114.0,V,114,V,33.8,C,33.8,C,29.8,C,29.8,C,33.8,C,33.8,C,37.1,V,37.2,E,False,False,13.79,10.2,21.9,40.4,33,34,35,114.0,False,original
2016-03-14,58.2,V,58.2,V,108.0,V,108,V,35.4,C,35.4,C,22.1,C,22.1,C,22.1,C,22.1,C,37.8,V,37.9,E,False,False,13.78,9.8,21.8,40.4,33,34,35,108.0,False,original
2016-03-15,58.3,V,58.3,V,104.0,V,104,V,43.5,C,43.5,C,18.3,C,18.3,C,30.2,C,30.2,C,38.0,V,38.0,V,False,False,13.78,12.0,21.7,40.4,33,34,35,104.0,False,original
2016-03-16,58.4,V,58.4,V,98.0,V,98,V,53.1,C,53.1,C,25.2,C,25.2,C,30.9,C,30.9,C,37.9,V,37.9,V,False,False,13.75,11.5,21.8,40.4,33,34,35,98.0,False,original
2016-03-17,58.5,V,58.5,V,93.0,V,93,V,57.9,C,57.9,C,28.6,C,28.6,C,30.9,C,30.9,C,37.8,V,37.8,V,False,False,13.73,11.1,21.9,40.4,33,34,35,93.0,False,original
2016-03-18,58.5,V,58.5,V,88.0,V,88,V,57.0,C,57.0,C,28.9,C,28.9,C,32.5,C,32.5,C,37.4,V,37.4,V,False,False,13.71,12.0,22.1,40.4,33,34,35,88.0,False,original
2016-03-19,58.5,V,58.5,V,85.0,V,85,V,55.4,C,55.4,C,29.1,C,29.1,C,36.7,C,36.7,C,37.0,V,37.0,V,False,False,13.71,11.7,22.1,40.5,33,34,35,85.0,False,original
2016-03-20,59.4,V,59.4,V,84.0,V,84,V,43.7,C,43.7,C,34.5,C,34.5,C,36.5,C,36.5,C,37.3,V,37.3,V,False,False,13.74,15.6,23.5,40.6,33,33,35,84.0,False,original
2016-03-21,60.7,V,60.7,V,93.0,V,93,V,36.7,C,36.7,C,26.2,C,26.2,C,26.2,C,26.2,C,37.6,V,38.3,E,False,False,13.75,12.0,23.0,40.5,33,33,34,93.0,False,original
2016-03-22,61.2,V,61.2,V,92.0,V,92,V,32.5,C,32.5,C,21.9,C,21.9,C,23.0,C,23.0,C,37.9,V,38.2,E,False,False,13.77,11.6,22.4,40.5,33,33,34,92.0,False,original
2016-03-23,61.2,V,61.2,V,89.0,V,89,V,44.6,C,44.6,C,22.5,C,22.5,C,29.7,C,29.7,C,37.9,V,37.9,V,False,False,13.76,11.3,22.3,40.5,33,33,34,89.0,False,original
2016-03-24,61.3,V,61.2,E,85.0,V,85,V,49.6,C,49.6,C,25.3,C,25.3,C,30.2,C,30.2,C,37.6,V,37.6,V,False,False,13.73,11.0,22.1,40.5,33,33,34,85.0,False,original
2016-03-25,61.2,V,61.2,V,84.0,V,84,V,52.3,C,52.3,C,27.9,C,27.9,C,30.2,C,30.2,C,37.3,V,37.3,V,False,False,13.71,11.4,22.3,40.5,33,33,34,84.0,False,original
2016-03-26,61.2,V,61.2,V,82.0,V,82,V,54.9,C,54.9,C,28.4,C,28.4,C,32.4,C,32.4,C,36.7,V,36.7,V,False,False,13.71,11.2,22.3,40.5,33,33,34,82.0,False,original
2016-03-27,61.3,V,61.3,V,80.0,V,80,V,49.3,C,49.3,C,31.6,C,31.6,C,33.1,C,33.1,C,35.9,V,35.9,V,False,False,13.72,11.5,22.6,40.5,33,33,34,80.0,False,original
2016-03-28,62.2,V,62.2,V,88.0,V,88,V,33.6,C,33.6,C,23.5,C,23.5,C,24.6,C,24.6,C,36.8,V,36.8,V,False,False,13.75,11.3,22.4,40.5,33,33,34,82.0,True,7-day window
2016-03-29,62.2,V,62.3,E,82.0,V,82,V,36.3,C,36.3,C,20.3,C,20.3,C,27.5,C,27.5,C,37.0,V,36.9,E,False,False,13.8,11.1,22.1,40.5,33,33,34,82.0,False,original
2016-03-30,62.2,V,62.3,E,81.0,V,81,V,44.2,C,44.2,C,23.7,C,23.7,C,32.7,C,32.7,C,36.9,V,36.8,E,False,False,13.77,10.1,21.9,40.4,33,33,34,81.0,False,original
2016-03-31,62.2,V,62.3,E,79.0,V,79,V,54.0,C,54.0,C,26.8,C,26.8,C,35.1,C,35.1,C,36.1,V,36.1,V,False,False,13.73,10.4,22.1,40.5,33,33,34,79.0,False,original
2016-04-01,62.3,V,62.3,V,77.0,V,77,V,58.8,C,58.8,C,32.9,C,32.9,C,34.3,C,34.3,C,35.1,V,35.1,V,False,False,13.69,11.2,22.6,40.5,33,33,34,77.0,False,original
2016-04-02,62.3,V,62.3,V,74.0,V,74,V,55.9,C,55.9,C,31.8,C,31.8,C,34.7,C,34.7,C,33.7,V,33.7,V,False,False,13.68,11.9,23.0,40.6,33,33,34,74.0,False,original
2016-04-03,62.3,V,62.3,V,73.0,V,73,V,55.2,C,55.2,C,30.6,C,30.6,C,34.9,C,34.9,C,32.5,V,32.5,V,False,False,13.69,12.1,23.0,40.6,33,33,34,73.0,False,original
2016-04-04,62.3,V,62.3,V,71.0,V,71,V,55.2,C,55.2,C,32.5,C,32.5,C,34.0,C,34.0,C,31.4,V,31.4,V,False,False,13.68,13.0,23.2,40.7,33,33,34,71.0,False,original
2016-04-05,62.3,V,62.3,V,69.0,V,69,V,57.6,C,57.6,C,31.5,C,31.5,C,43.2,C,43.2,C,30.4,V,30.4,V,False,False,13.67,13.2,23.2,40.7,33,33,34,69.0,False,original
2016-04-06,62.3,V,62.3,V,65.0,V,65,V,64.0,C,64.0,C,37.9,C,37.9,C,47.7,C,47.7,C,29.2,V,29.2,V,False,False,13.65,12.8,23.3,40.7,39,34,34,65.0,False,original
2016-04-07,62.3,V,62.3,V,63.0,V,63,V,63.9,C,63.9,C,37.9,C,37.9,C,39.0,C,39.0,C,28.2,V,28.2,V,False,False,13.67,12.4,23.2,40.7,42,36,34,63.0,False,original
2016-04-08,62.3,V,62.3,V,61.0,V,62,E,59.9,C,59.9,C,35.8,C,35.8,C,36.0,C,36.0,C,27.3,V,27.3,V,False,False,13.68,11.8,23.3,40.6,42,38,35,61.0,False,original
2016-04-09,62.8,V,62.8,V,61.0,V,61,V,44.2,C,44.2,C,34.3,C,34.3,C,34.5,C,34.5,C,27.2,V,27.2,V,False,False,13.71,17.1,23.3,40.7,40,38,36,61.0,False,original
2016-04-10,63.0,V,63.0,V,60.0,V,60,V,43.5,C,43.5,C,34.2,C,34.2,C,36.0,C,36.0,C,26.6,V,26.6,V,False,False,13.74,13.8,23.2,40.6,40,37,36,60.0,False,original
2016-04-11,63.1,V,63.1,V,55.0,V,55,V,49.1,C,49.1,C,35.2,C,35.2,C,38.1,C,38.1,C,25.8,V,25.8,V,False,False,13.71,13.2,23.1,40.6,42,38,36,57.0,True,7-day window
2016-04-12,63.1,V,63.1,V,56.0,V,56,V,47.7,C,47.7,C,36.5,C,36.5,C,38.7,C,38.7,C,25.2,V,25.2,V,False,False,13.69,12.1,23.2,40.6,41,38,36,56.0,False,original
2016-04-13,63.0,V,63.1,E,54.0,V,54,V,44.6,C,44.6,C,33.6,C,33.6,C,34.0,C,34.0,C,24.4,V,24.4,V,False,False,13.69,12.3,23.2,40.6,42,39,37,54.0,False,original
2016-04-14,63.7,V,63.7,V,57.0,V,57,V,36.7,C,36.7,C,27.1,C,27.1,C,27.5,C,27.5,C,25.1,V,25.1,V,False,False,13.74,12.0,22.7,40.6,37,38,37,57.0,False,original
2016-04-15,63.7,V,63.7,V,56.0,V,56,V,45.0,C,45.0,C,21.7,C,21.7,C,35.4,C,35.4,C,25.2,V,25.0,E,False,False,13.73,14.3,22.3,40.5,37,36,37,54.0,True,7-day window
2016-04-16,63.7,V,63.7,V,53.0,V,53,V,56.8,C,56.8,C,34.3,C,34.3,C,43.9,C,43.9,C,24.2,V,24.2,V,False,False,13.68,12.7,22.7,40.5,42,38,37,53.0,False,original
2016-04-17,63.8,V,63.7,E,51.0,V,51,V,61.5,C,61.5,C,36.3,C,36.3,C,37.4,C,37.4,C,23.1,V,23.1,V,False,False,13.64,12.2,22.9,40.6,45,39,37,51.0,False,original
2016-04-18,63.7,V,63.7,V,47.0,V,47,V,64.2,C,64.2,C,34.5,C,34.5,C,37.2,C,37.2,C,21.7,V,21.7,V,False,False,13.63,12.2,23.0,40.6,46,41,37,47.0,False,original
2016-04-19,63.8,V,63.8,V,44.0,V,44,V,64.2,C,64.2,C,34.7,C,34.7,C,37.2,C,37.2,C,20.4,V,20.4,V,False,False,13.63,12.7,23.2,40.7,47,42,38,44.0,False,original
2016-04-20,63.8,V,63.8,V,42.0,V,42,V,58.1,C,58.1,C,34.5,C,34.5,C,36.3,C,36.3,C,19.0,V,19.0,V,False,False,13.64,12.5,23.4,40.7,47,42,38,42.0,False,original
2016-04-21,63.8,V,63.8,V,36.0,V,36,V,56.5,C,56.5,C,33.3,C,33.3,C,41.9,C,41.9,C,18.0,V,18.0,V,False,False,13.66,12.4,23.0,40.6,46,42,39,36.0,False,original
2016-04-22,65.5,V,65.5,V,56.0,V,56,V,42.3,C,42.3,C,28.2,C,28.2,C,29.3,C,29.3,C,19.9,V,19.9,V,False,False,13.67,12.5,22.9,40.6,40,41,39,56.0,False,original
2016-04-23,66.0,V,66.0,V,47.0,V,47,V,41.9,C,41.9,C,28.6,C,28.6,C,32.7,C,32.7,C,20.0,V,20.0,V,False,False,13.75,13.7,23.1,40.6,37,38,39,47.0,False,original
2016-04-24,66.0,V,66.0,V,45.0,V,45,V,45.3,C,45.3,C,29.8,C,29.8,C,30.7,C,30.7,C,20.0,V,20.0,V,False,False,13.74,13.6,22.8,40.5,36,37,39,45.0,False,original
2016-04-25,66.0,V,66.0,V,45.0,V,45,V,40.1,C,40.1,C,23.2,C,23.2,C,28.4,C,28.4,C,20.2,V,20.0,E,False,False,13.76,13.3,22.3,40.5,36,37,38,45.0,False,original
2016-04-26,66.0,V,66.0,V,43.0,V,43,V,47.5,C,47.5,C,25.3,C,25.3,C,32.4,C,32.4,C,19.8,V,20.0,E,False,False,13.76,13.9,22.3,40.5,35,36,38,43.0,False,original
2016-04-27,66.1,V,66.1,V,,S,42,E,45.0,C,45.0,C,31.8,C,31.8,C,34.9,C,34.9,C,20.0,V,20.0,V,False,True,13.75,14.8,22.3,40.5,35,36,38,42.0,True,7-day window
2016-04-28,66.1,V,66.1,V,41.0,V,41,V,50.0,C,50.0,C,31.5,C,31.5,C,31.5,C,31.5,C,19.0,V,19.0,V,False,False,13.7,18.8,22.4,40.5,35,35,37,41.0,False,original
2016-04-29,66.4,V,66.4,V,38.0,V,38,V,50.9,C,50.9,C,30.2,C,30.2,C,32.2,C,32.2,C,18.2,V,18.2,V,False,False,13.7,16.4,22.5,40.5,38,36,37,38.0,False,original
2016-04-30,66.4,V,66.4,V,35.0,V,35,V,47.8,C,47.8,C,31.8,C,31.8,C,42.1,C,42.1,C,17.3,V,17.3,V,False,False,13.7,14.9,22.8,40.5,40,37,37,35.0,False,original
2016-05-01,66.4,V,66.4,V,32.0,V,32,V,56.7,C,56.7,C,33.8,C,33.8,C,33.8,C,33.8,C,15.8,V,15.8,V,False,False,13.66,14.7,22.9,40.6,43,38,37,32.0,False,original
2016-05-02,66.4,V,66.4,V,31.0,V,31,V,56.5,C,56.5,C,31.8,C,31.8,C,36.1,C,36.1,C,14.7,V,14.7,V,False,False,13.67,14.0,22.9,40.5,44,40,37,31.0,False,original
2016-05-03,66.5,V,66.5,V,28.0,V,28,V,57.9,C,57.9,C,34.5,C,34.5,C,36.1,C,36.1,C,13.9,V,13.9,V,False,False,13.69,14.2,23.1,40.5,42,40,38,28.0,False,original
2016-05-04,66.8,V,66.8,V,28.0,V,28,V,57.7,C,57.7,C,35.1,C,35.1,C,38.1,C,38.1,C,13.3,V,13.3,V,False,False,13.65,14.3,23.0,40.6,42,40,38,28.0,False,original
2016-05-05,67.0,V,67.0,V,27.0,V,27,V,50.0,C,50.0,C,35.8,C,35.8,C,37.0,C,37.0,C,12.8,V,12.8,V,False,False,13.68,14.1,23.0,40.5,41,40,38,27.0,False,original
2016-05-06,67.2,V,67.2,V,22.0,V,22,V,53.2,C,53.2,C,34.3,C,34.3,C,37.9,C,37.9,C,11.5,V,11.5,V,False,False,13.69,14.9,23.3,40.6,43,40,38,22.0,False,original
2016-05-07,67.6,V,67.6,V,21.0,V,21,V,42.8,C,42.8,C,35.8,C,35.8,C,36.0,C,36.0,C,10.9,V,10.9,V,False,False,13.68,15.2,23.3,40.6,42,40,39,21.0,False,original
2016-05-08,67.5,V,67.6,E,19.0,V,19,V,54.5,C,54.5,C,36.0,C,36.0,C,38.8,C,38.8,C,9.7,V,9.7,V,False,False,13.66,14.9,23.2,40.6,44,41,39,19.0,False,original
2016-05-09,67.5,V,67.6,E,17.0,V,17,V,54.5,C,54.5,C,33.6,C,33.6,C,36.1,C,36.1,C,8.0,V,8.0,V,False,False,13.61,14.7,23.2,40.6,45,42,39,17.0,False,original
2016-05-10,67.5,V,67.6,E,13.0,V,13,V,60.4,C,60.4,C,34.5,C,34.5,C,41.4,C,41.4,C,6.6,V,6.6,V,False,False,13.62,14.6,23.0,40.5,47,42,39,13.0,False,original
2016-05-11,67.6,V,67.6,V,10.0,V,10,V,66.2,C,66.2,C,36.0,C,36.0,C,39.2,C,39.2,C,4.9,V,4.9,V,False,False,13.6,14.4,23.0,40.5,48,43,40,10.0,False,original
2016-05-12,67.5,V,67.6,E,5.0,V,5,V,66.6,C,66.6,C,37.2,C,37.2,C,40.6,C,40.6,C,2.7,V,2.7,V,False,False,13.59,14.1,23.1,40.5,49,44,40,5.0,False,original
2016-05-13,67.4,V,67.6,E,1.0,V,1,V,67.8,C,67.8,C,38.8,C,38.8,C,40.5,C,40.5,C,0.6,V,0.6,V,False,False,13.57,13.9,22.8,40.5,49,44,40,1.0,False,original
2016-05-14,67.4,V,67.6,E,0.0,V,0,V,53.6,C,53.6,C,34.5,C,34.5,C,34.5,C,34.5,C,,V,0.0,E,False,True,13.6,14.0,23.0,40.5,46,44,41,0.0,False,original
2016-05-15,67.7,V,67.6,E,0.0,V,0,V,55.0,C,55.0,C,31.8,C,31.8,C,36.7,C,36.7,C,0.0,V,0.0,V,False,False,13.66,14.2,22.7,40.5,45,43,41,0.0,False,original
2016-05-16,67.5,V,67.6,E,0.0,V,0,V,57.0,C,57.0,C,33.6,C,33.6,C,43.5,C,43.5,C,0.0,V,0.0,V,False,False,13.64,14.1,22.6,40.5,46,43,41,0.0,False,original
2016-05-17,67.5,V,67.6,E,0.0,V,0,V,61.3,C,61.3,C,40.5,C,40.5,C,49.8,C,49.8,C,,V,0.0,E,False,True,13.6,13.8,22.4,40.5,48,44,41,0.0,False,original
2016-05-18,67.4,V,67.6,E,0.0,V,0,V,68.9,C,68.9,C,38.1,C,38.1,C,42.6,C,42.6,C,,V,0.0,E,False,True,13.56,14.1,22.2,40.5,50,45,41,0.0,False,original
2016-05-19,67.4,V,67.6,E,,V,0,E,57.9,C,57.9,C,41.7,C,41.7,C,41.7,C,41.7,C,,V,0.0,E,False,True,13.59,13.3,22.1,40.5,48,45,42,0.0,True,7-day window
2016-05-20,69.0,V,69.0,V,,S,12,E,41.7,C,41.7,C,28.2,C,28.2,C,29.3,C,29.3,C,1.1,V,1.1,V,False,True,13.64,13.2,22.1,40.5,41,43,42,0.5,True,7-day window
2016-05-21,69.2,V,69.2,V,,S,5,E,38.1,C,38.1,C,27.3,C,27.3,C,30.4,C,30.4,C,1.0,V,1.0,V,False,True,13.75,14.6,22.0,40.5,39,41,42,1.0,True,7-day window
2016-05-22,69.2,V,69.2,V,1.0,V,1,V,43.9,C,43.9,C,25.5,C,25.5,C,30.6,C,30.6,C,0.3,V,0.3,V,False,False,13.74,21.7,22.3,40.5,37,39,41,1.0,False,original
2016-05-23,69.2,V,69.2,V,1.0,V,0,E,48.7,C,48.7,C,28.4,C,28.4,C,36.9,C,36.9,C,0.0,V,0.0,V,False,False,13.73,22.2,22.4,40.5,36,38,40,1.0,False,original
2016-05-24,69.3,V,69.2,E,2.0,V,0,E,44.2,C,44.2,C,33.3,C,33.3,C,33.3,C,33.3,C,0.0,V,0.0,V,False,False,13.71,18.6,22.5,40.5,40,39,40,1.0,True,7-day window
2016-05-25,69.3,V,69.2,E,1.0,V,0,E,52.2,C,52.2,C,32.5,C,32.5,C,36.9,C,36.9,C,0.0,V,0.0,V,False,False,13.68,16.5,22.3,40.5,42,40,40,1.0,False,original
2016-05-26,69.3,V,69.2,E,1.0,V,0,E,58.5,C,58.5,C,34.3,C,34.3,C,38.1,C,38.1,C,,V,0.0,E,False,True,13.65,15.9,22.1,40.5,45,41,40,1.0,False,original
2016-05-27,69.3,V,69.2,E,1.0,V,0,E,61.9,C,61.9,C,35.4,C,35.4,C,38.3,C,38.3,C,,V,0.0,E,False,True,13.61,14.9,21.9,40.5,47,42,40,1.0,False,original
2016-05-28,69.2,V,69.2,V,0.0,V,0,V,65.5,C,65.5,C,37.4,C,37.4,C,42.3,C,42.3,C,,V,0.0,E,False,True,13.59,14.8,21.6,40.5,48,44,40,1.0,True,7-day window
2016-05-29,69.2,V,69.2,V,1.0,V,0,E,68.0,C,68.0,C,38.5,C,38.5,C,40.5,C,40.5,C,,V,0.0,E,False,True,13.56,13.9,21.5,40.5,50,44,41,1.0,False,original
2016-05-30,69.1,V,69.2,E,0.0,V,0,V,73.4,C,73.4,C,40.1,C,40.1,C,46.2,C,46.2,C,,V,0.0,E,False,True,13.55,14.3,21.6,40.5,50,45,41,0.0,False,original
2016-05-31,69.1,V,69.2,E,0.0,V,0,V,75.7,C,75.7,C,45.3,C,45.3,C,48.0,C,48.0,C,,V,0.0,E,False,True,13.49,14.3,21.4,40.4,52,46,42,0.0,False,original
2016-06-01,69.1,V,69.2,E,1.0,V,0,E,73.6,C,73.6,C,43.7,C,43.7,C,43.7,C,43.7,C,,V,0.0,E,False,True,13.5,14.1,21.3,40.4,53,47,42,0.0,True,7-day window
2016-06-02,69.0,V,69.2,E,0.0,V,0,V,74.8,C,74.8,C,38.3,C,38.3,C,43.5,C,43.5,C,,V,0.0,E,False,True,13.52,13.7,20.8,40.4,52,47,43,0.0,False,original
2016-06-03,69.0,V,69.2,E,,V,0,E,81.0,C,81.0,C,42.6,C,42.6,C,50.2,C,50.2,C,,V,0.0,E,False,True,13.49,13.8,20.8,40.4,54,48,43,0.0,True,7-day window
2016-06-04,69.0,V,69.2,E,,V,0,E,80.2,C,80.2,C,48.0,C,48.0,C,58.1,C,58.1,C,,V,0.0,E,False,True,13.48,12.8,20.6,40.3,54,49,44,0.0,True,7-day window
2016-06-05,69.0,V,69.2,E,0.0,V,0,V,75.2,C,75.2,C,46.4,C,46.4,C,50.2,C,50.2,C,,V,0.0,E,False,True,13.49,12.6,19.5,40.3,54,49,44,0.0,False,original
2016-06-06,69.0,V,69.2,E,,V,0,E,76.1,C,76.1,C,46.6,C,46.6,C,51.6,C,51.6,C,,V,0.0,E,False,True,13.48,12.4,18.5,40.2,54,49,45,0.0,True,7-day window
2016-06-07,68.9,V,69.2,E,0.0,V,0,V,77.5,C,77.5,C,47.8,C,47.8,C,49.8,C,49.8,C,,V,0.0,E,False,True,13.47,11.1,17.6,40.0,56,50,45,0.0,False,original
2016-06-08,69.0,V,69.2,E,0.0,V,0,V,73.4,C,73.4,C,46.6,C,46.6,C,51.6,C,51.6,C,,V,0.0,E,False,True,13.49,10.0,16.3,39.8,55,51,46,0.0,False,original
2016-06-09,69.0,V,69.2,E,0.0,V,0,V,67.1,C,67.1,C,48.2,C,48.2,C,48.7,C,48.7,C,,V,0.0,E,False,True,13.5,10.4,15.4,39.5,54,51,46,0.0,False,original
2016-06-10,69.0,V,69.2,E,1.0,V,0,E,64.0,C,64.0,C,40.5,C,40.5,C,40.6,C,40.6,C,,V,0.0,E,False,True,13.53,9.6,15.2,39.1,53,50,46,0.0,True,7-day window
2016-06-11,69.0,V,69.2,E,0.0,V,0,V,66.0,C,66.0,C,38.7,C,38.7,C,47.5,C,47.5,C,,V,0.0,E,False,True,13.55,10.2,14.8,38.7,52,50,46,0.0,False,original
2016-06-12,69.3,V,69.2,E,,S,0,E,64.6,C,64.6,C,43.0,C,43.0,C,43.0,C,43.0,C,,V,0.0,E,False,True,13.55,9.9,14.4,38.3,50,49,46,0.0,True,7-day window
2016-06-13,69.2,V,69.2,V,,V,0,E,64.9,C,64.9,C,39.7,C,39.7,C,48.4,C,48.4,C,,V,0.0,E,False,True,13.47,8.3,13.6,37.8,52,49,46,1.0,True,7-day window
2016-06-14,69.2,V,69.2,V,0.0,V,0,V,57.4,C,57.4,C,40.5,C,40.5,C,40.6,C,40.6,C,,V,0.0,E,False,True,13.58,9.1,13.7,37.3,51,49,46,0.0,False,original
2016-06-15,69.3,V,69.3,V,1.0,V,0,E,50.0,C,50.0,C,34.2,C,34.2,C,34.3,C,34.3,C,,V,0.0,E,False,True,13.63,7.9,13.3,36.3,47,48,46,0.0,True,7-day window
2016-06-16,69.3,V,69.3,V,1.0,V,0,E,54.5,C,54.5,C,31.6,C,31.6,C,37.0,C,37.0,C,,V,0.0,E,False,True,13.64,8.3,13.2,35.8,48,47,46,0.0,True,7-day window
2016-06-17,69.3,V,69.3,V,0.0,V,0,V,58.8,C,58.8,C,35.1,C,35.1,C,48.6,C,48.6,C,,V,0.0,E,False,True,13.6,7.8,13.1,35.2,50,47,46,0.0,False,original
2016-06-18,69.6,V,69.6,V,0.0,V,0,V,59.2,C,59.2,C,41.4,C,41.4,C,41.4,C,41.4,C,,V,0.0,E,False,True,13.57,7.6,12.6,35.2,50,48,46,0.0,False,original
2016-06-19,69.5,V,69.6,E,0.0,V,0,V,71.4,C,71.4,C,38.7,C,38.7,C,46.4,C,46.4,C,,V,0.0,E,False,True,13.53,8.1,12.1,34.2,52,48,46,0.0,False,original
2016-06-20,69.5,V,69.6,E,0.0,V,0,V,74.3,C,74.3,C,40.6,C,40.6,C,49.3,C,49.3,C,,V,0.0,E,False,True,13.5,7.0,12.3,33.5,54,49,46,0.0,False,original
2016-06-21,69.5,V,69.6,E,0.0,V,0,V,78.4,C,78.4,C,44.1,C,44.1,C,49.1,C,49.1,C,,V,0.0,E,False,True,13.49,7.4,11.3,33.2,55,50,46,0.0,False,original
2016-06-22,69.4,V,69.6,E,0.0,V,0,V,75.9,C,75.9,C,44.8,C,44.8,C,50.4,C,50.4,C,,V,0.0,E,False,True,13.48,8.0,11.2,32.2,56,51,46,0.0,False,original
2016-06-23,69.4,V,69.6,E,0.0,V,0,V,71.4,C,71.4,C,45.9,C,45.9,C,51.3,C,51.3,C,,V,0.0,E,False,True,13.49,6.9,10.8,31.6,56,51,47,0.0,False,original
2016-06-24,69.4,V,69.6,E,1.0,V,0,E,72.5,C,72.5,C,45.9,C,45.9,C,51.1,C,51.1,C,,V,0.0,E,False,True,13.49,7.4,11.3,31.0,56,52,47,0.0,True,7-day window
2016-06-25,69.4,V,69.6,E,0.0,V,0,V,78.3,C,78.3,C,46.6,C,46.6,C,51.4,C,51.4,C,,V,0.0,E,False,True,13.46,6.5,10.3,30.5,58,52,47,0.0,False,original
2016-06-26,69.4,V,69.6,E,0.0,V,0,V,80.2,C,80.2,C,47.5,C,47.5,C,50.4,C,50.4,C,,V,0.0,E,False,True,13.45,5.9,9.9,29.9,59,53,48,0.0,False,original
2016-06-27,69.4,V,69.6,E,0.0,V,0,V,80.2,C,80.2,C,47.7,C,47.7,C,51.3,C,51.3,C,,V,0.0,E,False,True,13.45,5.7,9.7,29.2,59,54,48,0.0,False,original
2016-06-28,69.4,V,69.6,E,0.0,V,0,V,81.7,C,81.7,C,47.7,C,47.7,C,54.1,C,54.1,C,,V,0.0,E,False,True,13.44,5.3,10.1,28.8,60,54,48,0.0,False,original
2016-06-29,69.4,V,69.6,E,1.0,V,0,E,81.0,C,81.0,C,47.7,C,47.7,C,47.7,C,47.7,C,,V,0.0,E,False,True,13.43,5.0,9.3,28.6,60,55,49,0.0,True,7-day window
2016-06-30,69.4,V,69.6,E,0.0,V,0,V,81.5,C,81.5,C,46.8,C,46.8,C,53.1,C,53.1,C,,V,0.0,E,False,True,13.44,5.7,9.0,27.8,60,55,49,0.0,False,original
2016-07-01,69.4,V,69.6,E,,V,0,E,79.7,C,79.7,C,49.6,C,49.6,C,53.1,C,53.1,C,,V,0.0,E,False,True,13.41,5.5,9.4,27.2,60,55,49,0.0,True,7-day window
2016-07-02,69.4,V,69.6,E,0.0,V,0,V,77.7,C,77.7,C,49.5,C,49.5,C,50.5,C,50.5,C,,V,0.0,E,False,True,13.41,4.9,8.7,27.2,60,55,49,0.0,False,original
2016-07-03,69.4,V,69.6,E,0.0,V,0,V,74.3,C,74.3,C,46.0,C,46.0,C,47.7,C,47.7,C,,V,0.0,E,False,True,13.44,5.0,8.7,26.7,59,55,50,0.0,False,original
2016-07-04,69.4,V,69.6,E,0.0,V,0,V,72.5,C,72.5,C,44.6,C,44.6,C,46.9,C,46.9,C,,V,0.0,E,False,True,13.42,4.5,8.2,26.0,59,55,50,0.0,False,original
2016-07-05,69.5,V,69.6,E,0.0,V,0,V,72.5,C,72.5,C,43.9,C,43.9,C,46.9,C,46.9,C,,V,0.0,E,False,True,13.47,4.6,8.5,25.9,59,55,50,0.0,False,original
2016-07-06,69.5,V,69.6,E,,V,0,E,71.8,C,71.8,C,43.0,C,43.0,C,46.9,C,46.9,C,,V,0.0,E,False,True,13.46,4.4,8.0,25.6,58,55,50,0.0,True,7-day window
2016-07-07,69.5,V,69.6,E,,V,0,E,71.8,C,71.8,C,42.8,C,42.8,C,53.2,C,53.2,C,,V,0.0,E,False,True,13.48,3.8,7.7,25.0,59,55,50,0.0,True,7-day window
2016-07-08,69.5,V,69.6,E,,V,0,E,70.2,C,70.2,C,48.7,C,48.7,C,49.6,C,49.6,C,,V,0.0,E,False,True,13.48,3.7,7.7,24.7,59,55,50,0.0,True,7-day window
2016-07-09,69.5,V,69.6,E,,S,0,E,65.7,C,65.7,C,46.9,C,46.9,C,50.0,C,50.0,C,,V,0.0,E,False,True,13.5,3.6,7.5,24.5,57,55,50,0.0,True,7-day window
2016-07-10,69.5,V,69.6,E,2.0,V,0,E,62.1,C,62.1,C,40.1,C,40.1,C,40.1,C,40.1,C,,V,0.0,E,False,True,13.52,4.0,7.9,24.8,56,54,50,0.0,True,7-day window
2016-07-11,69.5,V,69.6,E,0.0,V,0,V,68.7,C,68.7,C,39.7,C,39.7,C,44.8,C,44.8,C,,V,0.0,E,False,True,13.51,2.9,7.8,24.3,57,54,50,0.0,False,original
2016-07-12,69.5,V,69.6,E,0.0,V,0,V,70.9,C,70.9,C,40.8,C,40.8,C,45.5,C,45.5,C,,V,0.0,E,False,True,13.48,3.2,7.4,24.4,58,54,50,0.0,False,original
2016-07-13,69.4,V,69.6,E,0.0,V,0,V,78.4,C,78.4,C,43.2,C,43.2,C,46.2,C,46.2,C,,V,0.0,E,False,True,13.47,3.3,6.7,23.7,60,55,50,0.0,False,original
2016-07-14,69.4,V,69.6,E,0.0,V,0,V,79.9,C,79.9,C,43.0,C,43.0,C,49.3,C,49.3,C,,V,0.0,E,False,True,13.46,3.5,7.1,23.5,60,56,50,0.0,False,original
2016-07-15,69.4,V,69.6,E,0.0,V,0,V,79.0,C,79.0,C,45.5,C,45.5,C,49.6,C,49.6,C,,V,0.0,E,False,True,13.45,3.4,5.9,23.1,61,56,51,0.0,False,original
2016-07-16,69.4,V,69.6,E,0.0,V,0,V,75.7,C,75.7,C,45.0,C,45.0,C,51.1,C,51.1,C,,V,0.0,E,False,True,13.46,2.7,5.8,22.8,60,56,51,0.0,False,original
2016-07-17,69.4,V,69.6,E,0.0,V,0,V,72.9,C,72.9,C,46.4,C,46.4,C,53.1,C,53.1,C,,V,0.0,E,False,True,13.47,2.6,5.2,22.5,60,56,51,0.0,False,original
2016-07-18,69.5,V,69.6,E,1.0,V,0,E,67.8,C,67.8,C,48.2,C,48.2,C,48.2,C,48.2,C,,V,0.0,E,False,True,13.48,3.1,5.9,22.2,59,56,51,0.0,True,7-day window
2016-07-19,69.5,V,69.6,E,0.0,V,0,V,70.2,C,70.2,C,44.8,C,44.8,C,47.3,C,47.3,C,,V,0.0,E,False,True,13.47,2.6,5.9,22.4,59,56,51,0.0,False,original
2016-07-20,69.5,V,69.6,E,,V,0,E,74.1,C,74.1,C,43.0,C,43.0,C,48.2,C,48.2,C,,V,0.0,E,False,True,13.46,2.4,4.2,21.8,60,56,51,0.0,True,7-day window
2016-07-21,69.5,V,69.6,E,0.0,V,0,V,75.9,C,75.9,C,45.9,C,45.9,C,49.3,C,49.3,C,,V,0.0,E,False,True,13.46,2.0,5.2,21.4,60,56,51,0.0,False,original
2016-07-22,69.5,V,69.6,E,1.0,V,0,E,76.6,C,76.6,C,45.9,C,45.9,C,46.0,C,46.0,C,,V,0.0,E,False,True,13.44,2.1,4.4,21.3,61,56,51,0.0,True,7-day window
2016-07-23,69.5,V,69.6,E,,V,0,E,80.6,C,80.6,C,43.0,C,43.0,C,55.0,C,55.0,C,,V,0.0,E,False,True,13.44,1.7,4.5,21.0,62,57,52,0.0,True,7-day window
2016-07-24,69.5,V,69.6,E,0.0,V,0,V,82.2,C,82.2,C,50.0,C,50.0,C,50.0,C,50.0,C,,V,0.0,E,False,True,13.41,1.9,4.1,21.1,62,58,52,0.0,False,original
2016-07-25,69.5,V,69.6,E,0.0,V,0,V,80.4,C,80.4,C,45.7,C,45.7,C,51.1,C,51.1,C,,V,0.0,E,False,True,13.39,1.3,3.0,20.7,62,58,52,0.0,False,original
2016-07-26,69.5,V,69.6,E,0.0,V,0,V,84.6,C,84.6,C,46.4,C,46.4,C,52.9,C,52.9,C,,V,0.0,E,False,True,13.41,2.0,3.7,19.8,63,58,52,0.0,False,original
2016-07-27,69.4,V,69.6,E,,V,0,E,86.2,C,86.2,C,50.5,C,50.5,C,58.6,C,58.6,C,0.0,V,0.0,V,False,True,13.38,1.4,3.4,20.2,64,59,52,0.0,True,7-day window
2016-07-28,69.4,V,69.6,E,,S,0,E,87.8,C,87.8,C,56.7,C,56.7,C,61.2,C,61.2,C,,V,0.0,E,False,True,13.35,1.4,3.0,19.3,66,60,53,0.0,True,7-day window
2016-07-29,69.4,V,69.6,E,,S,0,E,86.9,C,86.9,C,57.9,C,57.9,C,58.6,C,58.6,C,,V,0.0,E,False,True,13.34,1.4,2.9,18.9,66,61,53,0.0,True,7-day window
2016-07-30,69.4,V,69.6,E,120.0,S,0,E,82.2,C,82.2,C,55.2,C,55.2,C,55.6,C,55.6,C,,V,0.0,E,False,True,13.36,1.2,2.3,19.0,65,61,53,0.0,True,7-day window
2016-07-31,69.4,V,69.6,E,0.0,V,0,V,80.4,C,80.4,C,52.3,C,52.3,C,53.1,C,53.1,C,,V,0.0,E,True,True,13.38,1.1,2.7,18.5,65,61,54,0.0,False,original
2016-08-01,69.4,V,69.6,E,0.0,V,0,V,80.6,C,80.6,C,51.3,C,51.3,C,53.2,C,53.2,C,,V,0.0,E,False,True,13.38,0.7,1.7,18.0,65,61,54,0.0,False,original
2016-08-02,69.4,V,69.6,E,0.0,V,0,V,80.1,C,80.1,C,49.5,C,49.5,C,51.3,C,51.3,C,,V,0.0,E,False,True,13.4,0.8,2.4,18.0,65,60,54,0.0,False,original
2016-08-03,69.5,V,69.6,E,0.0,V,0,V,82.2,C,82.2,C,46.9,C,46.9,C,54.0,C,54.0,C,,V,0.0,E,False,True,13.38,1.3,1.2,17.1,65,60,54,0.0,False,original
2016-08-04,69.5,V,69.6,E,,V,0,E,80.2,C,80.2,C,47.8,C,47.8,C,51.8,C,51.8,C,,V,0.0,E,False,True,13.4,0.7,2.0,16.9,64,60,54,0.5,True,7-day window
2016-08-05,69.5,V,69.6,E,1.0,V,0,E,73.2,C,73.2,C,43.5,C,43.5,C,43.2,C,43.2,C,,V,0.0,E,False,True,13.44,0.4,1.1,16.9,63,60,54,1.0,False,original
2016-08-06,69.6,V,69.6,V,1.0,V,0,E,74.1,C,74.1,C,39.2,C,39.2,C,45.5,C,45.5,C,,V,0.0,E,False,True,13.46,0.4,1.2,16.7,62,59,54,1.0,False,original
2016-08-07,69.6,V,69.6,V,1.0,V,0,E,72.5,C,72.5,C,39.4,C,39.4,C,45.3,C,45.3,C,,V,0.0,E,False,True,13.47,0.4,0.9,16.0,62,59,54,1.0,False,original
2016-08-08,69.6,V,69.6,V,1.0,V,0,E,71.2,C,71.2,C,40.8,C,40.8,C,45.0,C,45.0,C,,V,0.0,E,False,True,13.47,0.1,1.8,16.1,62,59,54,1.0,False,original
2016-08-09,69.6,V,69.6,V,1.0,V,0,E,72.9,C,72.9,C,40.8,C,40.8,C,46.9,C,46.9,C,,V,0.0,E,False,True,13.44,0.0,1.7,15.8,62,58,54,1.0,False,original
2016-08-10,69.6,V,69.6,V,0.0,V,0,V,72.3,C,72.3,C,42.4,C,42.4,C,49.5,C,49.5,C,,V,0.0,E,False,True,13.46,0.0,0.6,15.2,62,59,54,0.0,False,original
2016-08-11,69.5,V,69.6,E,0.0,V,0,V,78.3,C,78.3,C,49.5,C,49.5,C,52.9,C,52.9,C,,V,0.0,E,False,True,13.42,0.1,0.8,15.2,64,59,54,0.0,False,original
2016-08-12,69.5,V,69.6,E,0.0,V,0,V,81.3,C,81.3,C,49.8,C,49.8,C,54.9,C,54.9,C,,V,0.0,E,False,True,13.39,0.0,1.4,14.8,65,60,54,0.0,False,original
2016-08-13,69.5,V,69.6,E,0.0,V,0,V,84.4,C,84.4,C,52.2,C,52.2,C,54.9,C,54.9,C,,V,0.0,E,False,True,13.38,0.0,1.3,14.4,66,61,54,0.0,False,original
2016-08-14,69.5,V,69.6,E,0.0,V,0,V,79.0,C,79.0,C,49.6,C,49.6,C,51.6,C,51.6,C,,V,0.0,E,False,True,13.4,0.0,0.5,14.0,65,61,55,0.0,False,original
2016-08-15,69.5,V,69.6,E,,V,0,E,79.7,C,79.7,C,49.3,C,49.3,C,54.7,C,54.7,C,,V,0.0,E,False,True,13.4,0.0,1.0,13.6,65,61,55,0.0,True,7-day window
2016-08-16,69.5,V,69.6,E,0.0,V,0,V,83.1,C,83.1,C,52.9,C,52.9,C,57.4,C,57.4,C,,V,0.0,E,False,True,13.38,0.0,0.8,13.1,65,61,55,0.0,False,original
2016-08-17,69.4,V,69.6,E,0.0,V,0,V,83.7,C,83.7,C,57.2,C,57.2,C,57.9,C,57.9,C,,V,0.0,E,False,True,13.37,0.0,0.7,12.9,67,62,55,0.0,False,original
2016-08-18,69.6,V,69.6,V,0.0,V,0,V,84.0,C,84.0,C,53.8,C,53.8,C,57.0,C,57.0,C,,V,0.0,E,False,True,13.41,0.0,0.6,12.7,64,61,55,0.0,False,original
2016-08-19,69.5,V,69.6,E,,V,0,E,84.4,C,84.4,C,54.5,C,54.5,C,56.1,C,56.1,C,,V,0.0,E,False,True,13.39,0.0,0.8,12.1,65,61,56,0.0,True,7-day window
2016-08-20,69.6,V,69.6,V,0.0,V,0,V,83.5,C,83.5,C,50.5,C,50.5,C,57.6,C,57.6,C,,V,0.0,E,False,True,13.38,0.0,0.6,12.2,64,61,56,0.0,False,original
2016-08-21,69.6,V,69.6,V,0.0,V,0,V,80.6,C,80.6,C,52.9,C,52.9,C,55.8,C,55.8,C,,V,0.0,E,False,True,13.4,0.0,0.6,11.6,65,62,56,0.0,False,original
2016-08-22,69.6,V,69.6,V,,V,0,E,79.0,C,79.0,C,51.6,C,51.6,C,53.2,C,53.2,C,,V,0.0,E,False,True,13.39,0.0,0.5,11.4,66,62,56,1.0,True,7-day window
2016-08-23,69.6,V,69.6,V,1.0,V,0,E,76.8,C,76.8,C,48.7,C,48.7,C,49.1,C,49.1,C,,V,0.0,E,False,True,13.4,0.0,0.1,10.9,65,62,56,0.5,True,7-day window
2016-08-24,69.6,V,69.6,V,1.0,V,0,E,76.5,C,76.5,C,43.9,C,43.9,C,47.8,C,47.8,C,,V,0.0,E,False,True,13.42,0.0,0.6,10.8,65,62,56,1.0,False,original
2016-08-25,69.6,V,69.6,V,1.0,V,0,E,77.0,C,77.0,C,44.4,C,44.4,C,49.8,C,49.8,C,,V,0.0,E,False,True,13.43,0.0,0.7,10.3,65,61,56,1.0,False,original
2016-08-26,69.6,V,69.6,V,0.0,V,0,V,74.7,C,74.7,C,46.2,C,46.2,C,47.7,C,47.7,C,,V,0.0,E,False,True,13.42,0.0,0.5,10.1,65,62,56,1.0,True,7-day window
2016-08-27,69.6,V,69.6,V,1.0,V,0,E,76.3,C,76.3,C,43.9,C,43.9,C,47.7,C,47.7,C,,V,0.0,E,False,True,13.42,0.0,0.2,9.5,65,62,56,0.0,True,7-day window
2016-08-28,69.6,V,69.6,V,0.0,V,0,V,77.4,C,77.4,C,44.1,C,44.1,C,49.5,C,49.5,C,,V,0.0,E,False,True,13.43,0.0,0.0,9.3,65,62,56,0.0,False,original
2016-08-29,69.6,V,69.6,V,0.0,V,0,V,79.5,C,79.5,C,45.0,C,45.0,C,53.2,C,53.2,C,,V,0.0,E,False,True,13.43,0.0,0.8,9.5,65,62,56,0.0,False,original
2016-08-30,69.6,V,69.6,V,0.0,V,0,V,75.6,C,75.6,C,52.3,C,52.3,C,56.1,C,56.1,C,,V,0.0,E,False,True,13.42,0.0,0.5,8.6,66,63,57,0.0,False,original
2016-08-31,69.6,V,69.6,V,0.0,V,0,V,74.3,C,74.3,C,48.6,C,48.6,C,48.4,C,48.4,C,,V,0.0,E,False,True,13.42,0.0,0.4,8.3,66,63,57,0.0,False,original
2016-09-01,69.7,V,69.6,E,0.0,V,0,V,71.8,C,71.8,C,45.7,C,45.7,C,48.6,C,48.6,C,,V,0.0,E,False,True,13.44,0.0,0.4,8.5,65,63,57,0.0,False,original
2016-09-02,69.7,V,69.6,E,,V,0,E,69.8,C,69.8,C,44.8,C,44.8,C,48.6,C,48.6,C,,V,0.0,E,False,True,13.46,0.0,0.6,8.0,65,62,57,0.0,True,7-day window
2016-09-03,69.7,V,69.6,E,0.0,V,0,V,67.8,C,67.8,C,42.1,C,42.1,C,46.6,C,46.6,C,,V,0.0,E,False,True,13.46,0.0,0.5,7.8,65,62,57,0.0,False,original
2016-09-04,69.8,V,69.6,E,1.0,V,0,E,59.2,C,59.2,C,38.5,C,38.5,C,44.1,C,44.1,C,,V,0.0,E,False,True,13.52,0.0,0.7,7.3,62,61,57,1.0,False,original
2016-09-05,69.7,V,69.6,E,1.0,V,0,E,68.5,C,68.5,C,38.8,C,38.8,C,46.4,C,46.4,C,,V,0.0,E,False,True,13.49,0.0,0.6,7.2,64,61,57,1.0,False,original
2016-09-06,69.7,V,69.6,E,1.0,V,0,E,70.5,C,70.5,C,41.0,C,41.0,C,47.5,C,47.5,C,,V,0.0,E,False,True,13.47,0.0,0.0,7.4,65,62,57,1.0,False,original
2016-09-07,69.8,V,69.6,E,0.0,V,0,V,77.4,C,77.4,C,45.0,C,45.0,C,48.0,C,48.0,C,,V,0.0,E,False,True,13.44,0.0,0.0,6.7,67,62,57,0.0,False,original
2016-09-08,,S,69.6,E,0.0,V,0,V,77.0,C,77.0,C,44.4,C,44.4,C,56.8,C,56.8,C,,V,0.0,E,False,True,13.41,0.0,0.0,6.9,67,63,57,0.0,False,original
2016-09-09,,S,69.6,E,,V,0,E,81.5,C,81.5,C,53.8,C,53.8,C,55.9,C,55.9,C,,V,0.0,E,False,True,13.4,0.0,0.5,6.8,69,64,57,0.0,True,7-day window
2016-09-10,,S,69.6,E,0.0,V,0,V,80.8,C,80.8,C,51.3,C,51.3,C,52.3,C,52.3,C,,V,0.0,E,False,True,13.39,0.0,0.0,6.2,70,65,58,0.0,False,original
2016-09-11,0.0,S,69.6,E,0.0,V,0,V,75.0,C,75.0,C,48.2,C,48.2,C,54.0,C,54.0,C,,V,0.0,E,False,True,13.41,0.0,0.8,5.8,69,65,58,0.0,False,original
2016-09-12,69.6,V,69.6,V,0.0,V,0,V,65.1,C,65.1,C,46.2,C,46.2,C,48.0,C,48.0,C,,V,0.0,E,False,True,13.46,0.0,0.6,5.9,67,64,58,0.0,False,original
2016-09-13,69.7,V,69.6,E,0.0,V,0,V,55.8,C,55.8,C,36.1,C,36.1,C,36.1,C,36.1,C,,V,0.0,E,False,True,13.5,0.0,0.2,5.7,62,62,59,0.0,False,original
2016-09-14,69.6,V,69.6,V,1.0,V,0,E,64.9,C,64.9,C,33.3,C,33.3,C,45.0,C,45.0,C,,V,0.0,E,False,True,13.49,0.0,0.3,5.6,64,62,58,0.0,True,7-day window
2016-09-15,69.6,V,69.6,V,1.0,V,0,E,69.6,C,69.6,C,42.3,C,42.3,C,48.0,C,48.0,C,,V,0.0,E,False,True,13.48,0.0,0.1,5.8,65,62,58,0.0,True,7-day window
2016-09-16,69.6,V,69.6,V,1.0,V,0,E,73.8,C,73.8,C,43.7,C,43.7,C,45.9,C,45.9,C,,V,0.0,E,False,True,13.46,0.0,0.2,5.4,67,63,58,0.0,True,7-day window
2016-09-17,69.6,V,69.6,V,0.0,V,0,V,76.8,C,76.8,C,43.2,C,43.2,C,49.5,C,49.5,C,,V,0.0,E,False,True,13.45,0.0,0.2,5.2,67,63,58,0.0,False,original
2016-09-18,69.6,V,69.6,V,0.0,V,0,V,77.0,C,77.0,C,47.3,C,47.3,C,49.8,C,49.8,C,,V,0.0,E,False,True,13.42,0.0,0.0,5.7,68,64,58,0.0,False,original
2016-09-19,69.6,V,69.6,V,0.0,V,0,V,75.9,C,75.9,C,46.0,C,46.0,C,56.7,C,56.7,C,,V,0.0,E,False,True,13.41,0.0,0.0,5.3,68,64,58,0.0,False,original
2016-09-20,69.6,V,69.6,V,0.0,V,0,V,72.3,C,72.3,C,50.4,C,50.4,C,53.2,C,53.2,C,,V,0.0,E,False,True,13.42,0.0,0.1,4.8,68,64,59,0.0,False,original
2016-09-21,69.7,V,69.7,V,1.0,V,0,E,62.6,C,62.6,C,39.0,C,39.0,C,38.8,C,38.8,C,,V,0.0,E,False,True,13.46,0.0,0.0,5.3,64,64,59,1.0,False,original
2016-09-22,69.9,V,69.7,E,1.0,V,0,E,46.0,C,46.0,C,30.6,C,30.6,C,30.7,C,30.7,C,,V,0.0,E,False,True,13.54,0.0,0.0,4.9,57,60,59,1.0,False,original
2016-09-23,69.8,V,69.7,E,1.0,V,0,E,65.1,C,65.1,C,30.2,C,30.2,C,40.8,C,40.8,C,,V,0.0,E,False,True,13.56,0.0,0.0,4.5,60,59,58,1.0,False,original
2016-09-24,69.7,V,69.7,V,1.0,V,0,E,72.0,C,72.0,C,39.0,C,39.0,C,56.5,C,56.5,C,,V,0.0,E,False,True,13.49,0.0,0.0,4.7,63,60,58,1.0,False,original
2016-09-25,69.7,V,69.7,V,0.0,V,0,V,77.4,C,77.4,C,52.9,C,52.9,C,60.4,C,60.4,C,,V,0.0,E,False,True,13.45,0.0,0.0,4.7,66,61,58,0.0,False,original
2016-09-26,69.7,V,69.7,V,0.0,V,0,V,78.8,C,78.8,C,50.0,C,50.0,C,50.0,C,50.0,C,,V,0.0,E,False,True,13.4,0.0,0.0,4.9,68,63,58,0.0,False,original
2016-09-27,69.7,V,69.7,V,0.0,V,0,V,78.8,C,78.8,C,47.5,C,47.5,C,51.4,C,51.4,C,,V,0.0,E,False,True,13.41,0.0,0.1,4.4,68,64,58,0.0,False,original
2016-09-28,69.7,V,69.7,V,0.0,V,0,V,77.4,C,77.4,C,47.7,C,47.7,C,55.0,C,55.0,C,,V,0.0,E,False,True,13.39,0.0,0.0,4.7,68,64,58,0.0,False,original
2016-09-29,69.7,V,69.7,V,1.0,V,0,E,70.2,C,70.2,C,47.5,C,47.5,C,47.5,C,47.5,C,,V,0.0,E,False,True,13.41,0.0,0.0,4.2,67,64,59,1.0,False,original
2016-09-30,69.8,V,69.7,E,1.0,V,0,E,64.8,C,64.8,C,44.2,C,44.2,C,45.7,C,45.7,C,,V,0.0,E,False,True,13.46,0.0,0.0,4.6,65,63,59,1.0,False,original
2016-10-01,0.0,V,0.0,V,2.0,V,0,E,58.8,C,58.8,C,31.6,C,31.6,C,31.8,C,31.8,C,,V,0.0,E,False,True,13.52,0.0,0.0,4.3,63,62,59,1.0,True,7-day window
2016-10-02,0.3,V,0.3,V,1.0,V,0,E,46.4,C,46.4,C,31.5,C,31.5,C,31.1,C,31.1,C,,V,0.0,E,False,True,13.59,0.0,0.0,4.6,56,59,59,1.0,False,original
2016-10-03,0.5,V,0.5,V,1.0,V,0,E,36.0,C,36.0,C,29.5,C,29.5,C,35.4,C,35.4,C,0.0,V,0.0,V,False,False,13.66,0.0,0.0,4.5,51,55,58,1.0,False,original
2016-10-04,0.5,V,0.5,V,1.0,V,0,E,49.6,C,49.6,C,30.4,C,30.4,C,30.4,C,30.4,C,,V,0.0,E,False,True,13.6,0.1,0.0,4.5,53,54,57,1.0,False,original
2016-10-05,0.5,V,0.5,V,2.0,V,0,E,51.3,C,51.3,C,27.9,C,27.9,C,32.4,C,32.4,C,,V,0.0,E,False,True,13.64,0.0,0.0,4.1,52,54,56,1.0,True,7-day window
2016-10-06,0.5,V,0.5,V,1.0,V,0,E,61.3,C,61.3,C,30.0,C,30.0,C,36.9,C,36.9,C,0.0,V,0.0,V,False,False,13.58,0.6,0.1,4.1,55,54,56,1.0,False,original
2016-10-07,0.4,V,0.5,E,0.0,V,0,V,69.6,C,69.6,C,34.7,C,34.7,C,46.4,C,46.4,C,0.0,V,0.0,V,False,False,13.48,0.2,0.1,4.3,57,55,55,1.0,True,7-day window
2016-10-08,0.5,V,0.5,V,1.0,V,0,E,69.8,C,69.8,C,38.3,C,38.3,C,40.8,C,40.8,C,,V,0.0,E,False,True,13.5,0.2,0.0,3.8,58,56,55,1.0,False,original
2016-10-09,0.5,V,0.5,V,1.0,V,0,E,68.4,C,68.4,C,37.2,C,37.2,C,45.0,C,45.0,C,,V,0.0,E,False,True,13.5,0.2,0.0,3.7,59,57,55,1.0,False,original
2016-10-10,0.5,V,0.5,V,1.0,V,0,E,64.2,C,64.2,C,40.6,C,40.6,C,44.1,C,44.1,C,0.0,V,0.0,V,False,False,13.52,0.0,0.0,3.8,58,57,56,1.0,False,original
2016-10-11,0.5,V,0.5,V,1.0,V,0,E,63.0,C,63.0,C,36.5,C,36.5,C,38.7,C,38.7,C,,V,0.0,E,False,True,13.52,0.6,0.0,4.0,59,57,56,1.0,False,original
2016-10-12,0.5,V,0.5,V,1.0,V,0,E,63.7,C,63.7,C,34.7,C,34.7,C,37.8,C,37.8,C,,V,0.0,E,False,True,13.53,0.7,0.0,3.9,58,57,56,1.0,False,original
2016-10-13,0.4,V,0.5,E,0.0,V,0,V,59.0,C,59.0,C,37.8,C,37.8,C,46.8,C,46.8,C,,V,0.0,E,False,True,13.56,0.5,0.0,4.0,56,56,56,1.0,True,7-day window
2016-10-14,2.2,V,2.2,V,1.0,V,0,E,46.9,C,46.9,C,39.7,C,39.7,C,42.3,C,42.3,C,,V,0.0,E,False,True,13.54,3.7,7.2,27.3,45,49,51,1.0,False,original
2016-10-15,4.6,V,4.6,V,1.0,V,0,E,42.8,C,42.8,C,36.1,C,36.1,C,39.2,C,39.2,C,,V,0.0,E,False,True,13.63,5.4,18.2,31.9,40,44,48,1.0,False,original
2016-10-16,9.6,V,9.6,V,,S,2,E,42.4,C,42.4,C,32.4,C,32.4,C,32.4,C,32.4,C,0.2,V,0.2,V,False,True,13.67,6.0,22.5,33.8,35,38,42,1.0,True,7-day window
2016-10-17,10.5,V,10.5,V,4.0,V,4,V,37.4,C,37.4,C,31.8,C,31.8,C,32.2,C,32.2,C,0.7,V,0.7,V,False,False,13.7,6.4,17.2,30.2,35,37,41,1.0,True,7-day window
2016-10-18,10.5,V,10.5,V,3.0,V,3,V,45.0,C,45.0,C,31.1,C,31.1,C,32.5,C,32.5,C,0.5,V,0.5,V,False,False,13.66,6.1,15.8,28.1,39,38,42,1.0,True,7-day window
2016-10-19,10.6,V,10.5,E,1.0,V,0,E,54.5,C,54.5,C,29.7,C,29.7,C,34.3,C,34.3,C,0.0,V,0.0,V,False,False,13.64,5.7,11.2,26.3,43,40,43,1.0,False,original
2016-10-20,10.5,V,10.5,V,1.0,V,0,E,65.7,C,65.7,C,32.2,C,32.2,C,34.5,C,34.5,C,,V,0.0,E,False,True,13.58,5.3,9.0,25.6,47,43,44,1.0,False,original
2016-10-21,10.5,V,10.5,V,,V,0,E,61.3,C,61.3,C,32.5,C,32.5,C,34.7,C,34.7,C,,V,0.0,E,False,True,13.53,4.5,7.8,24.2,48,45,45,1.0,True,7-day window
2016-10-22,10.5,V,10.5,V,0.0,V,0,V,57.9,C,57.9,C,31.8,C,31.8,C,36.9,C,36.9,C,,V,0.0,E,False,True,13.57,4.4,8.7,22.9,48,46,46,0.0,False,original
2016-10-23,10.4,V,10.5,E,,V,0,E,57.0,C,57.0,C,33.8,C,33.8,C,45.7,C,45.7,C,,V,0.0,E,False,True,13.59,3.7,6.8,22.9,50,47,46,1.0,True,7-day window
2016-10-24,10.7,V,10.7,V,1.0,V,0,E,45.9,C,45.9,C,37.4,C,37.4,C,37.9,C,37.9,C,,V,0.0,E,False,True,13.61,7.3,7.2,22.5,45,46,47,1.0,False,original
2016-10-25,10.9,V,10.9,V,1.0,V,0,E,47.3,C,47.3,C,36.5,C,36.5,C,36.9,C,36.9,C,,V,0.0,E,False,True,13.66,7.9,12.7,25.1,44,45,47,1.0,False,original
2016-10-26,10.9,V,10.9,V,0.0,V,0,V,56.1,C,56.1,C,35.4,C,35.4,C,45.0,C,45.0,C,,V,0.0,E,False,True,13.59,6.1,9.5,24.4,47,46,47,0.0,False,original
2016-10-27,12.6,V,12.6,V,0.0,V,0,V,47.7,C,47.7,C,41.9,C,41.9,C,46.0,C,46.0,C,0.0,V,0.0,V,False,False,13.62,13.0,34.3,33.1,45,45,46,0.0,False,original
2016-10-28,14.0,V,14.0,V,1.0,V,0,E,46.0,C,46.0,C,41.9,C,41.9,C,41.9,C,41.9,C,0.0,V,0.0,V,False,False,13.62,13.7,29.2,33.2,45,45,46,1.0,False,original
2016-10-29,14.0,V,14.0,V,1.0,V,0,E,46.2,C,46.2,C,41.9,C,41.9,C,42.6,C,42.6,C,,V,0.0,E,False,True,13.64,11.2,18.1,33.4,45,45,46,1.0,False,original
2016-10-30,16.4,V,16.4,V,9.0,V,9,V,43.7,C,43.7,C,31.1,C,31.1,C,33.3,C,33.3,C,1.2,V,1.2,V,False,False,13.65,14.5,23.5,37.7,39,43,46,4.0,True,7-day window
2016-10-31,17.0,V,17.0,V,,S,11,E,37.8,C,37.8,C,31.5,C,31.5,C,32.2,C,32.2,C,1.4,V,1.4,V,False,True,13.69,14.7,25.6,38.6,35,39,44,6.5,True,7-day window
2016-11-01,17.6,V,17.6,V,7.0,V,7,V,42.1,C,42.1,C,31.1,C,31.1,C,32.5,C,32.5,C,1.8,V,1.8,V,False,False,13.7,14.6,25.3,38.8,35,38,43,7.0,False,original
2016-11-02,17.6,E,17.6,E,7.0,E,7,E,50.2,C,50.2,C,28.2,C,28.2,C,31.1,C,31.1,C,1.6,E,1.6,E,False,False,13.68,14.9,24.5,38.7,35,38,43,7.0,False,original
2016-11-03,17.6,V,17.6,V,6.0,V,6,V,61.5,C,61.5,C,30.6,C,30.6,C,32.7,C,32.7,C,1.6,V,1.4,E,False,False,13.64,14.4,24.2,38.8,36,38,43,6.0,False,original
2016-11-04,17.6,V,17.6,V,5.0,V,5,V,61.5,C,61.5,C,31.8,C,31.8,C,32.5,C,32.5,C,1.2,V,1.2,V,False,False,13.64,13.6,22.2,38.9,41,40,43,5.0,False,original
2016-11-05,17.7,V,17.6,E,5.0,V,5,V,56.8,C,56.8,C,30.6,C,30.6,C,36.1,C,36.1,C,1.1,V,1.1,V,False,False,13.65,11.9,21.3,38.9,43,41,43,5.0,False,original
2016-11-06,17.7,V,17.6,E,2.0,V,2,V,45.9,C,45.9,C,35.1,C,35.1,C,40.1,C,40.1,C,0.8,V,0.8,V,False,False,13.68,11.5,20.3,38.9,42,42,44,2.0,False,original
2016-11-07,17.7,V,17.6,E,1.0,V,1,V,62.4,C,62.4,C,36.3,C,36.3,C,38.8,C,38.8,C,0.3,V,0.3,V,False,False,13.62,11.2,19.7,38.9,46,44,44,1.0,False,original
2016-11-08,17.7,V,17.6,E,1.0,V,0,E,63.3,C,63.3,C,36.1,C,36.1,C,39.2,C,39.2,C,0.0,V,0.0,V,False,False,13.59,10.3,20.0,38.8,47,45,44,1.0,False,original
2016-11-09,17.7,V,17.6,E,1.0,V,0,E,64.8,C,64.8,C,36.0,C,36.0,C,39.2,C,39.2,C,,V,0.0,E,False,True,13.58,10.2,19.3,38.9,48,46,45,1.0,False,original
2016-11-10,17.6,V,17.6,V,1.0,V,0,E,64.2,C,64.2,C,36.9,C,36.9,C,39.0,C,39.0,C,,V,0.0,E,False,True,13.6,10.4,19.2,38.9,48,46,45,1.0,False,original
2016-11-11,17.6,V,17.6,V,1.0,V,0,E,59.7,C,59.7,C,35.1,C,35.1,C,46.6,C,46.6,C,,V,0.0,E,False,True,13.62,9.6,18.4,38.8,48,46,46,1.0,False,original
2016-11-12,17.6,V,17.6,V,2.0,V,0,E,55.9,C,55.9,C,35.8,C,35.8,C,35.8,C,35.8,C,,V,0.0,E,False,True,13.59,9.3,19.2,38.7,47,46,46,1.0,True,7-day window
2016-11-13,17.6,V,17.6,V,0.0,V,0,V,59.9,C,59.9,C,32.2,C,32.2,C,37.9,C,37.9,C,,V,0.0,E,False,True,13.62,9.5,18.6,38.7,47,46,46,1.0,True,7-day window
2016-11-14,17.6,V,17.6,V,1.0,V,0,E,63.5,C,63.5,C,33.6,C,33.6,C,44.4,C,44.4,C,,V,0.0,E,False,True,13.61,9.8,18.8,38.8,47,46,46,1.0,False,original
2016-11-15,17.9,V,17.9,V,1.0,V,0,E,55.0,C,55.0,C,35.4,C,35.4,C,35.4,C,35.4,C,0.0,V,0.0,V,False,False,13.62,13.5,19.3,38.9,46,46,46,1.0,False,original
2016-11-16,18.0,V,18.0,V,,S,0,E,35.4,C,35.4,C,20.1,C,20.1,C,20.1,C,20.1,C,0.1,V,0.0,E,False,True,13.67,12.5,18.9,38.9,40,44,46,1.0,True,7-day window
2016-11-17,18.0,V,18.0,V,3.0,V,0,E,42.4,C,42.4,C,19.9,C,19.9,C,25.0,C,25.0,C,0.2,V,0.0,E,False,False,13.73,11.3,19.0,38.9,40,42,46,3.0,False,original
2016-11-18,18.0,V,18.0,V,1.0,V,0,E,49.3,C,49.3,C,24.3,C,24.3,C,41.2,C,41.2,C,0.0,V,0.0,V,False,False,13.71,11.4,19.1,38.9,40,42,45,1.0,False,original
2016-11-19,19.0,V,19.0,V,8.0,V,8,V,45.7,C,45.7,C,30.4,C,30.4,C,33.1,C,33.1,C,1.1,V,1.0,E,False,False,13.71,10.7,18.6,38.8,39,42,45,8.0,False,original
2016-11-20,20.7,V,20.7,V,19.0,V,19,V,33.8,C,33.8,C,31.1,C,31.1,C,33.1,C,33.1,C,2.7,V,2.7,V,False,False,13.73,11.2,18.4,38.8,38,41,45,19.0,False,original
2016-11-21,20.9,V,20.9,V,16.0,V,16,V,37.0,C,37.0,C,23.9,C,23.9,C,24.1,C,24.1,C,2.8,V,2.8,V,False,False,13.74,12.4,19.1,38.8,38,40,44,16.0,False,original
2016-11-22,20.9,V,20.9,V,15.0,V,15,V,37.9,C,37.9,C,20.3,C,20.3,C,30.4,C,30.4,C,2.8,V,2.8,V,False,False,13.74,13.0,19.1,38.8,37,40,44,15.0,False,original
2016-11-23,21.7,V,21.7,V,23.0,V,23,V,30.7,C,30.7,C,16.9,C,16.9,C,17.1,C,17.1,C,3.7,V,3.6,E,False,False,13.77,13.0,18.8,38.9,37,39,44,23.0,False,original
2016-11-24,21.7,V,21.7,V,19.0,V,19,V,38.8,C,38.8,C,14.7,C,14.7,C,21.4,C,21.4,C,3.6,V,3.6,V,False,False,13.77,14.9,20.0,38.9,36,39,43,19.0,False,original
2016-11-25,21.7,V,21.7,V,18.0,V,18,V,36.3,C,36.3,C,21.2,C,21.2,C,29.8,C,29.8,C,3.5,V,3.6,E,False,False,13.78,13.1,19.4,38.9,36,39,43,18.0,False,original
2016-11-26,22.6,V,22.6,V,29.0,V,29,V,36.3,C,36.3,C,24.6,C,24.6,C,25.0,C,25.0,C,4.4,V,4.4,V,False,False,13.77,12.5,19.3,38.9,37,39,43,29.0,False,original
2016-11-27,23.4,V,23.4,V,33.0,V,33,V,31.6,C,31.6,C,20.1,C,20.1,C,24.1,C,24.1,C,5.2,V,5.2,V,False,False,13.77,13.0,19.2,39.0,36,39,42,33.0,False,original
2016-11-28,23.6,V,23.6,V,32.0,V,32,V,32.2,C,32.2,C,21.7,C,21.7,C,22.3,C,22.3,C,5.4,V,5.4,V,False,False,13.77,13.1,19.3,38.9,36,39,42,32.0,False,original
2016-11-29,23.6,V,23.6,V,31.0,V,31,V,37.8,C,37.8,C,17.4,C,17.4,C,17.4,C,17.4,C,5.4,V,5.4,V,False,False,13.77,15.0,19.1,38.9,36,38,42,29.0,True,7-day window
2016-11-30,23.7,V,23.6,E,29.0,V,29,V,30.6,C,30.6,C,16.3,C,16.3,C,25.5,C,25.5,C,5.3,V,5.3,V,False,False,13.78,13.6,19.2,38.9,36,38,42,29.0,False,original
2016-12-01,23.6,V,23.6,V,28.0,V,28,V,34.5,C,34.5,C,19.0,C,19.0,C,19.2,C,19.2,C,5.3,V,5.3,V,False,False,13.77,13.8,19.0,38.9,36,38,42,28.0,False,original
2016-12-02,23.6,V,23.6,V,25.0,V,25,V,31.1,C,31.1,C,17.1,C,17.1,C,22.5,C,22.5,C,5.3,V,5.3,V,False,False,13.79,13.3,19.1,38.9,36,38,42,25.0,False,original
2016-12-03,23.6,V,23.6,V,25.0,V,25,V,49.1,C,49.1,C,21.9,C,21.9,C,28.2,C,28.2,C,5.2,V,5.2,V,False,False,13.75,15.2,19.2,38.9,36,38,41,25.0,False,original
2016-12-04,23.6,V,23.6,V,25.0,V,25,V,46.8,C,46.8,C,24.8,C,24.8,C,25.5,C,25.5,C,5.2,V,5.2,V,False,False,13.75,16.2,19.4,38.9,36,38,41,25.0,False,original
2016-12-05,23.6,V,23.6,V,24.0,V,24,V,38.8,C,38.8,C,17.2,C,17.2,C,19.2,C,19.2,C,5.2,V,5.2,V,False,False,13.77,14.7,19.2,38.9,36,38,41,25.0,True,7-day window
2016-12-06,23.6,V,23.6,V,24.0,V,24,V,28.4,C,28.4,C,14.7,C,14.7,C,16.3,C,16.3,C,5.2,V,5.2,V,False,False,13.81,14.5,19.2,39.0,36,37,41,24.0,False,original
2016-12-07,24.0,V,24.0,V,25.0,V,25,V,37.4,C,37.4,C,12.4,C,12.4,C,30.2,C,30.2,C,5.4,V,5.4,V,False,False,13.82,13.3,18.9,39.0,36,37,41,24.0,True,7-day window
2016-12-08,24.7,V,24.7,V,23.0,V,23,V,38.5,C,38.5,C,30.2,C,30.2,C,36.1,C,36.1,C,5.4,V,5.4,V,False,False,13.76,16.6,29.4,39.3,35,36,40,23.0,False,original
2016-12-09,25.2,V,25.2,V,21.0,V,21,V,38.3,C,38.3,C,33.8,C,33.8,C,34.7,C,34.7,C,5.1,V,5.1,V,False,False,13.75,18.0,27.2,40.6,35,35,40,21.0,False,original
2016-12-10,29.7,V,29.7,V,18.0,V,18,V,40.1,C,40.1,C,31.5,C,31.5,C,31.5,C,31.5,C,4.4,V,4.4,V,False,False,13.73,20.2,39.6,40.6,33,33,36,18.0,False,original
2016-12-11,29.7,V,29.7,V,18.0,V,18,V,39.0,C,39.0,C,23.5,C,23.5,C,28.2,C,28.2,C,4.3,V,4.3,V,False,False,13.74,16.8,33.7,40.6,33,34,37,18.0,False,original
2016-12-12,29.7,V,29.7,V,18.0,V,18,V,43.7,C,43.7,C,21.6,C,21.6,C,25.3,C,25.3,C,4.2,V,4.2,V,False,False,13.75,16.6,31.6,40.6,34,34,37,18.0,False,original
2016-12-13,30.2,V,30.2,V,17.0,V,17,V,38.1,C,38.1,C,25.2,C,25.2,C,38.1,C,38.1,C,4.6,V,4.6,V,False,False,13.74,22.1,32.1,40.6,33,34,37,17.0,False,original
2016-12-14,30.3,V,30.3,V,16.0,V,16,V,40.3,C,40.3,C,36.1,C,36.1,C,36.5,C,36.5,C,4.4,V,4.6,E,False,False,13.73,18.7,31.8,40.6,33,34,37,16.0,False,original
2016-12-15,33.7,V,33.7,V,12.0,V,12,V,41.4,C,41.4,C,32.9,C,32.9,C,37.2,C,37.2,C,4.6,V,4.6,V,False,False,13.73,28.8,40.8,40.6,33,32,35,16.0,True,7-day window
2016-12-16,34.5,V,34.6,E,,S,17,E,37.8,C,37.8,C,12.7,C,12.7,C,12.7,C,12.7,C,4.8,V,4.9,E,False,True,13.75,18.4,35.5,40.6,33,33,36,16.0,True,7-day window
2016-12-17,34.6,V,34.6,V,,S,16,E,34.0,C,34.0,C,9.0,C,9.0,C,14.5,C,14.5,C,4.8,V,4.9,E,False,True,13.77,17.1,33.2,40.6,34,34,36,16.0,True,7-day window
2016-12-18,34.6,V,34.6,V,16.0,V,16,V,30.6,C,30.6,C,11.1,C,11.1,C,15.1,C,15.1,C,4.9,V,4.9,V,False,False,13.81,15.7,31.9,40.5,33,34,36,16.0,False,original
2016-12-19,34.4,V,34.6,E,16.0,V,16,V,41.7,C,41.7,C,14.7,C,14.7,C,25.9,C,25.9,C,4.7,V,4.9,E,False,False,13.8,16.2,31.4,40.4,33,34,36,16.0,False,original
2016-12-20,34.4,V,34.6,E,17.0,V,17,V,53.1,C,53.1,C,24.3,C,24.3,C,33.6,C,33.6,C,4.5,V,4.9,E,False,False,13.76,16.7,31.2,40.4,33,34,37,16.0,True,7-day window
2016-12-21,34.6,V,34.6,V,16.0,V,16,V,38.1,C,38.1,C,28.6,C,28.6,C,28.6,C,28.6,C,4.9,V,4.9,V,False,False,13.75,15.8,31.0,40.4,33,35,37,16.0,False,original
2016-12-22,34.6,V,34.6,V,17.0,V,17,V,46.8,C,46.8,C,21.7,C,21.7,C,30.6,C,30.6,C,5.0,V,5.0,V,False,False,13.75,16.2,30.8,40.4,33,35,37,17.0,False,original
2016-12-23,35.7,V,35.9,E,,S,29,E,32.5,C,32.5,C,20.5,C,20.5,C,20.5,C,20.5,C,6.3,V,6.3,V,False,True,13.77,15.4,30.5,40.4,33,35,37,17.0,True,7-day window
2016-12-24,36.4,V,36.2,E,,S,33,E,27.3,C,27.3,C,6.3,C,6.3,C,6.3,C,6.3,C,6.7,V,6.7,V,False,True,13.8,15.2,30.0,40.4,33,35,37,17.0,True,7-day window
2016-12-25,36.7,V,36.2,E,,S,31,E,22.1,C,22.1,C,-1.1,C,-1.1,C,3.4,C,3.4,C,7.0,V,6.7,E,False,True,13.84,15.2,29.6,40.3,33,35,37,27.0,True,7-day window
2016-12-26,36.5,V,36.2,E,28.0,V,28,V,33.8,C,33.8,C,2.1,C,2.1,C,19.8,C,19.8,C,6.9,V,6.7,E,False,False,13.85,16.2,29.1,40.3,33,35,37,28.0,False,original
2016-12-27,36.3,V,36.2,E,,S,28,E,40.8,C,40.8,C,19.8,C,19.8,C,24.3,C,24.3,C,6.7,V,6.7,V,False,True,13.78,17.3,29.1,40.3,33,35,37,26.5,True,7-day window
2016-12-28,36.2,V,36.2,V,27.0,V,27,V,46.2,C,46.2,C,19.8,C,19.8,C,24.3,C,24.3,C,6.7,V,6.7,V,False,False,13.75,16.9,29.0,40.3,33,35,37,26.0,True,7-day window
2016-12-29,36.2,V,36.2,V,26.0,V,26,V,56.7,C,56.7,C,21.7,C,21.7,C,26.6,C,26.6,C,6.7,V,6.7,V,False,False,13.75,16.9,29.1,40.3,33,35,37,26.0,False,original
2016-12-30,36.2,V,36.2,V,26.0,V,26,V,46.6,C,46.6,C,23.9,C,23.9,C,24.1,C,24.1,C,6.8,V,6.7,E,False,False,13.72,17.1,29.1,40.3,33,35,37,26.0,False,original
2016-12-31,36.2,V,36.2,V,26.0,V,26,V,39.7,C,39.7,C,19.9,C,19.9,C,19.8,C,19.8,C,6.9,V,6.7,E,False,False,13.75,16.1,28.9,40.3,34,35,36,26.0,False,original
2017-01-01,36.1,V,36.9,E,,S,30,E,29.5,C,29.5,C,18.1,C,18.1,C,18.7,C,18.7,C,7.4,V,7.4,V,False,True,13.79,15.4,28.5,40.3,34,35,36,26.0,True,7-day window
2017-01-02,36.6,V,38.4,E,48.0,V,48,V,21.6,C,21.6,C,16.3,C,16.3,C,21.4,C,21.4,C,9.0,V,9.0,V,False,False,13.84,14.6,27.5,40.2,34,35,36,48.0,False,original
2017-01-03,36.9,V,41.1,E,,S,60,E,30.9,C,30.9,C,21.4,C,21.4,C,30.9,C,30.9,C,11.5,V,11.5,V,False,True,13.81,14.2,26.0,40.2,34,35,36,67.0,True,7-day window
2017-01-04,43.4,V,45.9,E,77.0,V,77,V,32.0,C,32.0,C,27.5,C,27.5,C,27.5,C,27.5,C,16.0,V,16.0,V,False,False,13.81,13.8,24.5,40.1,34,35,36,67.0,True,7-day window
2017-01-05,45.0,V,46.5,E,72.0,V,72,V,27.5,C,27.5,C,8.8,C,8.8,C,9.3,C,9.3,C,16.6,V,16.6,V,False,False,13.79,13.5,23.2,40.0,34,35,36,72.0,False,original
2017-01-06,44.8,V,46.5,E,67.0,V,67,V,31.1,C,31.1,C,3.9,C,3.9,C,21.9,C,21.9,C,16.6,V,16.6,V,False,False,13.83,12.9,21.8,39.8,34,35,36,67.0,False,original
2017-01-07,46.9,V,48.1,E,65.0,V,65,V,37.4,C,37.4,C,21.9,C,21.9,C,35.4,C,35.4,C,17.7,V,18.0,E,False,False,13.8,40.1,40.9,40.4,33,34,34,65.0,False,original
2017-01-08,37.2,S,53.8,E,60.0,V,60,V,42.6,C,42.6,C,32.5,C,32.5,C,34.7,C,34.7,C,5.6,S,19.6,E,False,False,13.76,40.7,41.0,40.5,32,32,34,60.0,False,original
2017-01-09,27.9,S,56.3,E,,S,74,E,34.7,C,34.7,C,23.5,C,23.5,C,28.2,C,28.2,C,,S,22.0,E,False,True,13.74,36.2,38.6,40.4,33,33,34,67.0,True,7-day window
2017-01-10,26.5,S,60.6,E,,S,112,E,32.0,C,32.0,C,27.1,C,27.1,C,29.5,C,29.5,C,,S,26.0,E,False,True,13.79,32.6,36.2,40.4,33,33,34,106.0,True,7-day window
2017-01-11,,S,62.0,E,113.0,V,113,V,29.5,C,29.5,C,21.0,C,21.0,C,21.4,C,21.4,C,,S,27.4,E,False,True,13.76,30.6,34.7,40.4,33,33,35,113.0,False,original
2017-01-12,,S,62.7,E,112.0,V,112,V,27.9,C,27.9,C,20.8,C,20.8,C,22.1,C,22.1,C,,S,28.1,E,False,True,13.8,29.5,33.8,40.4,33,33,35,112.0,False,original
2017-01-13,,S,62.7,E,106.0,V,106,V,30.7,C,30.7,C,20.1,C,20.1,C,20.1,C,20.1,C,,S,28.1,E,False,True,13.79,28.6,33.2,40.3,33,33,35,106.0,False,original
2017-01-14,,S,62.7,E,103.0,V,103,V,31.1,C,31.1,C,17.8,C,17.8,C,17.8,C,17.8,C,,S,28.1,E,False,True,13.79,28.3,32.8,40.3,33,33,35,103.0,False,original
2017-01-15,,S,62.7,E,,S,99,E,33.6,C,33.6,C,13.8,C,13.8,C,19.0,C,19.0,C,,S,28.1,E,False,True,13.8,27.8,32.6,40.3,33,33,35,104.5,True,7-day window
2017-01-16,,S,62.7,E,96.0,V,96,V,34.5,C,34.5,C,16.0,C,16.0,C,22.1,C,22.1,C,,S,28.1,E,False,True,13.8,27.5,32.4,40.3,33,34,35,96.0,False,original
2017-01-17,63.6,V,62.7,E,94.0,V,94,V,41.9,C,41.9,C,20.7,C,20.7,C,31.5,C,31.5,C,31.6,V,28.1,E,False,False,13.78,27.5,32.3,40.3,33,34,35,94.0,False,original
2017-01-18,63.8,V,65.7,E,108.0,V,108,V,33.1,C,33.1,C,27.1,C,27.1,C,27.9,C,27.9,C,33.8,V,30.3,E,False,False,13.78,27.2,32.3,40.3,33,34,35,108.0,False,original
2017-01-19,64.8,V,67.9,E,120.0,V,120,V,28.0,C,28.0,C,23.5,C,23.5,C,23.9,C,23.9,C,35.5,V,32.0,E,False,False,13.78,27.1,32.1,40.3,33,34,35,120.0,False,original
2017-01-20,64.8,V,70.3,E,130.0,V,130,V,26.6,C,26.6,C,21.4,C,21.4,C,22.1,C,22.1,C,37.3,V,33.8,E,False,False,13.79,26.9,32.0,40.3,33,34,35,130.0,False,original
2017-01-21,64.9,V,71.2,E,132.0,V,132,V,26.6,C,26.6,C,21.6,C,21.6,C,23.9,C,23.9,C,38.1,V,34.6,E,False,False,13.8,26.5,31.7,40.3,33,34,35,132.0,False,original
2017-01-22,65.3,S,74.8,E,147.0,S,147,V,30.0,C,30.0,C,21.2,C,21.2,C,21.4,C,21.4,C,41.1,V,37.6,E,False,False,13.8,26.3,31.7,40.3,33,34,35,133.0,True,7-day window
2017-01-23,66.2,S,76.3,E,142.0,V,142,V,25.2,C,25.2,C,17.8,C,17.8,C,18.3,C,18.3,C,41.6,V,38.1,E,False,False,13.83,26.0,31.5,40.3,33,34,35,133.0,True,7-day window
2017-01-24,66.8,S,76.3,E,137.0,V,137,V,29.8,C,29.8,C,8.8,C,8.8,C,8.8,C,8.8,C,41.6,V,38.1,E,False,False,13.81,25.9,31.2,40.3,33,34,35,133.0,True,7-day window
2017-01-25,66.8,S,76.3,E,133.0,V,133,V,25.0,C,25.0,C,6.1,C,6.1,C,17.6,C,17.6,C,41.6,V,38.1,E,False,False,13.83,25.8,31.2,40.3,33,34,35,133.0,False,original
2017-01-26,67.2,S,76.3,E,130.0,V,130,V,30.7,C,30.7,C,15.3,C,15.3,C,17.6,C,17.6,C,41.6,V,38.1,E,False,False,13.82,25.7,31.1,40.3,33,34,35,130.0,False,original
2017-01-27,68.2,S,76.3,E,126.0,V,126,V,35.8,C,35.8,C,15.4,C,15.4,C,18.1,C,18.1,C,41.6,V,38.1,E,False,False,13.77,25.4,31.0,40.3,33,34,35,126.0,False,original
2017-01-28,69.2,S,76.3,E,124.0,V,124,V,43.7,C,43.7,C,17.8,C,17.8,C,23.0,C,23.0,C,41.8,V,38.3,E,False,False,13.81,25.8,31.1,40.3,33,34,35,124.0,False,original
2017-01-29,69.9,V,76.3,E,121.0,V,121,V,45.5,C,45.5,C,20.3,C,20.3,C,27.1,C,27.1,C,41.9,V,38.4,E,False,False,13.79,25.6,31.2,40.3,33,34,35,121.0,False,original
2017-01-30,70.7,S,76.3,E,118.0,V,118,V,54.5,C,54.5,C,23.2,C,23.2,C,23.2,C,23.2,C,42.0,V,38.5,E,False,False,13.79,25.6,31.2,40.3,33,34,35,118.0,False,original
2017-01-31,71.2,S,76.3,E,116.0,V,116,V,52.2,C,52.2,C,19.8,C,19.8,C,21.6,C,21.6,C,42.1,V,38.6,E,False,False,13.79,25.5,31.0,40.3,33,34,35,116.0,False,original
2017-02-01,71.6,V,76.3,E,114.0,V,114,V,42.8,C,42.8,C,21.0,C,21.0,C,34.2,C,34.2,C,42.1,V,38.6,E,False,False,13.79,25.3,30.9,40.3,33,34,35,114.0,False,original
2017-02-02,72.3,V,77.2,E,115.0,V,115,V,35.2,C,35.2,C,28.4,C,28.4,C,32.9,C,32.9,C,42.9,V,39.4,E,False,False,13.78,26.5,31.1,40.3,33,34,35,115.0,False,original
2017-02-03,73.0,V,80.4,E,130.0,V,130,V,34.0,C,34.0,C,30.6,C,30.6,C,31.5,C,31.5,C,45.7,V,42.2,E,False,False,13.77,26.4,31.4,40.3,33,34,35,130.0,False,original
2017-02-04,73.4,V,81.2,E,128.0,V,128,V,33.1,C,33.1,C,30.0,C,30.0,C,30.2,C,30.2,C,46.4,V,42.9,E,False,False,13.74,26.2,31.2,40.3,33,34,35,128.0,False,original
2017-02-05,73.7,V,82.4,E,133.0,V,133,V,39.4,C,39.4,C,25.9,C,25.9,C,30.9,C,30.9,C,47.4,V,43.9,E,False,False,13.77,25.8,31.2,40.3,33,34,35,133.0,False,original
2017-02-06,74.0,V,85.3,E,149.0,V,149,V,32.7,C,32.7,C,29.3,C,29.3,C,30.4,C,30.4,C,50.0,V,46.5,E,False,False,13.78,25.6,31.1,40.3,33,34,35,131.5,True,7-day window
2017-02-07,81.6,V,87.4,E,136.0,V,136,V,39.9,C,39.9,C,30.4,C,30.4,C,36.9,C,36.9,C,51.8,V,48.3,E,False,False,13.77,38.2,40.1,40.5,32,33,33,136.0,False,original
2017-02-08,87.7,V,89.9,E,124.0,V,124,V,42.8,C,42.8,C,35.8,C,35.8,C,40.8,C,40.8,C,54.2,V,50.7,E,False,False,13.77,39.8,40.7,40.5,32,32,33,124.0,False,original
2017-02-09,90.1,S,90.3,E,,S,123,E,41.9,C,41.9,C,32.7,C,32.7,C,32.7,C,32.7,C,54.0,V,50.5,E,False,True,13.77,39.8,40.7,40.5,32,32,33,130.0,True,7-day window
2017-02-10,90.8,S,90.4,E,130.0,V,130,V,34.3,C,34.3,C,23.0,C,23.0,C,23.2,C,23.2,C,54.3,V,50.8,E,False,False,13.76,34.9,38.0,40.5,33,32,33,130.0,False,original
2017-02-11,92.1,S,90.4,E,130.0,V,130,V,36.7,C,36.7,C,21.7,C,21.7,C,26.8,C,26.8,C,54.1,V,50.6,E,False,False,13.77,32.0,35.7,40.5,33,33,33,130.0,False,original
2017-02-12,92.4,S,90.4,E,127.0,V,127,V,39.7,C,39.7,C,23.5,C,23.5,C,25.2,C,25.2,C,54.0,V,50.5,E,False,False,13.78,31.0,34.8,40.5,33,33,34,127.0,False,original
2017-02-13,92.3,S,90.4,E,126.0,V,126,V,44.2,C,44.2,C,23.0,C,23.0,C,27.9,C,27.9,C,54.0,V,50.5,E,False,False,13.78,30.3,34.2,40.5,33,33,34,126.0,False,original
2017-02-14,92.3,V,90.4,E,124.0,V,124,V,51.3,C,51.3,C,24.4,C,24.4,C,28.9,C,28.9,C,54.0,V,50.5,E,False,False,13.77,30.2,34.0,40.4,33,33,34,124.0,False,original
2017-02-15,92.3,V,90.4,E,121.0,V,121,V,46.9,C,46.9,C,27.3,C,27.3,C,40.6,C,40.6,C,54.1,V,50.6,E,False,False,13.77,29.8,33.7,40.4,33,33,34,126.0,True,7-day window
2017-02-16,93.0,V,91.1,E,122.0,V,122,V,42.6,C,42.6,C,30.6,C,30.6,C,32.5,C,32.5,C,55.0,V,51.5,E,False,False,13.71,29.3,33.4,40.4,33,33,34,122.0,False,original
2017-02-17,93.1,V,92.0,E,131.0,V,131,V,33.6,C,33.6,C,29.5,C,29.5,C,32.7,C,32.7,C,55.8,V,52.3,E,False,False,13.77,28.8,33.3,40.4,33,33,34,131.0,False,original
2017-02-18,94.2,V,92.7,E,132.0,V,132,V,34.2,C,34.2,C,28.6,C,28.6,C,28.6,C,28.6,C,56.4,V,52.9,E,False,False,13.75,28.2,32.8,40.4,33,33,34,132.0,False,original
2017-02-19,94.2,V,93.6,E,135.0,V,135,V,33.1,C,33.1,C,22.1,C,22.1,C,32.9,C,32.9,C,57.2,V,53.7,E,False,False,13.77,27.8,32.6,40.4,33,33,34,135.0,False,original
2017-02-20,94.5,V,98.5,E,156.0,V,156,V,34.3,C,34.3,C,30.0,C,30.0,C,32.4,C,32.4,C,61.5,V,58.0,E,False,False,13.79,28.1,32.6,40.4,33,33,34,156.0,False,original
2017-02-21,94.3,S,101.7,E,167.0,V,167,V,32.4,C,32.4,C,25.3,C,25.3,C,25.3,C,25.3,C,64.3,V,60.8,E,False,False,13.81,27.8,32.5,40.4,33,33,34,167.0,False,original
2017-02-22,94.5,S,102.7,E,,S,169,E,25.9,C,25.9,C,16.0,C,16.0,C,16.0,C,16.0,C,65.2,V,61.7,E,False,True,13.77,27.7,32.4,40.4,33,33,34,160.0,True,7-day window
2017-02-23,94.2,V,102.7,E,164.0,V,164,V,24.4,C,24.4,C,7.7,C,7.7,C,7.7,C,7.7,C,65.2,V,61.7,E,False,False,13.81,27.5,32.2,40.4,33,33,34,164.0,False,original
2017-02-24,94.2,S,102.7,E,161.0,V,161,V,22.5,C,22.5,C,0.5,C,0.5,C,16.2,C,16.2,C,65.2,V,61.7,E,False,False,13.83,27.0,32.1,40.4,33,33,34,161.0,False,original
2017-02-25,94.2,S,103.0,E,159.0,V,159,V,28.9,C,28.9,C,15.6,C,15.6,C,15.6,C,15.6,C,65.4,V,61.9,E,False,False,13.82,26.8,31.8,40.4,33,33,34,159.0,False,original
2017-02-26,94.2,S,103.2,E,160.0,V,160,V,25.9,C,25.9,C,7.3,C,7.3,C,18.7,C,18.7,C,65.6,V,62.1,E,False,False,13.82,26.6,31.8,40.4,33,33,34,160.0,False,original
2017-02-27,94.3,S,103.2,E,159.0,V,159,V,26.2,C,26.2,C,10.0,C,10.0,C,9.9,C,9.9,C,65.7,V,62.2,E,False,False,13.81,26.4,31.6,40.3,33,33,34,159.0,False,original
2017-02-28,94.5,S,103.2,E,157.0,V,157,V,30.4,C,30.4,C,8.8,C,8.8,C,13.6,C,13.6,C,65.6,V,62.1,E,False,False,13.81,26.2,31.3,40.4,33,33,34,157.0,False,original
2017-03-01,95.0,S,103.2,E,153.0,V,153,V,40.3,C,40.3,C,12.6,C,12.6,C,21.9,C,21.9,C,65.7,V,62.2,E,False,False,13.81,26.5,31.3,40.3,33,33,34,153.0,False,original
2017-03-02,97.7,S,103.2,E,152.0,V,152,V,49.1,C,49.1,C,15.8,C,15.8,C,21.7,C,21.7,C,65.7,V,62.2,E,False,False,13.8,26.7,31.4,40.3,33,33,34,152.0,False,original
2017-03-03,103.2,V,103.2,V,149.0,V,149,V,46.4,C,46.4,C,17.4,C,17.4,C,30.2,C,30.2,C,65.6,V,62.1,E,False,False,13.79,26.8,31.6,40.3,33,33,34,149.0,False,original
2017-03-04,103.8,V,103.8,V,157.0,V,157,V,33.6,C,33.6,C,26.8,C,26.8,C,27.3,C,27.3,C,66.6,V,63.1,E,False,False,13.78,26.5,31.4,40.3,33,33,34,157.0,False,original
2017-03-05,105.5,V,106.0,E,176.0,V,176,V,27.3,C,27.3,C,14.2,C,14.2,C,14.9,C,14.9,C,68.8,V,65.3,E,False,False,13.8,26.2,31.3,40.3,33,33,34,176.0,False,original
2017-03-06,105.6,V,106.8,E,178.0,V,178,V,23.9,C,23.9,C,14.7,C,14.7,C,21.7,C,21.7,C,69.5,V,66.0,E,False,False,13.82,26.0,31.2,40.3,33,33,34,178.0,False,original
2017-03-07,105.6,V,107.2,E,173.0,V,173,V,30.9,C,30.9,C,14.7,C,14.7,C,27.7,C,27.7,C,69.7,V,66.2,E,False,False,13.81,25.8,31.0,40.3,33,33,34,165.0,True,7-day window
2017-03-08,106.8,V,107.2,E,165.0,V,165,V,47.7,C,47.7,C,27.7,C,27.7,C,29.8,C,29.8,C,69.6,V,66.1,E,False,False,13.79,26.3,31.2,40.3,33,33,34,165.0,False,original
2017-03-09,107.1,V,107.2,E,160.0,V,160,V,56.1,C,56.1,C,27.5,C,27.5,C,31.8,C,31.8,C,69.5,V,66.0,E,False,False,13.78,26.4,31.4,40.3,33,33,34,160.0,False,original
2017-03-10,107.1,V,107.2,E,157.0,V,157,V,51.6,C,51.6,C,30.2,C,30.2,C,30.2,C,30.2,C,69.5,V,66.0,E,False,False,13.77,26.3,31.4,40.3,33,33,34,157.0,False,original
2017-03-11,107.1,V,107.2,E,153.0,V,153,V,55.4,C,55.4,C,28.9,C,28.9,C,30.0,C,30.0,C,69.8,V,66.3,E,False,False,13.77,26.6,31.4,40.3,33,33,34,153.0,False,original
2017-03-12,107.1,V,107.2,E,150.0,V,150,V,60.6,C,60.6,C,27.3,C,27.3,C,30.4,C,30.4,C,69.7,V,66.2,E,False,False,13.77,26.8,31.4,40.3,33,33,34,150.0,False,original
2017-03-13,107.1,V,107.2,E,147.0,V,147,V,62.4,C,62.4,C,28.2,C,28.2,C,31.5,C,31.5,C,69.8,V,66.3,E,False,False,13.77,27.4,31.7,40.4,33,33,34,147.0,False,original
2017-03-14,107.1,V,107.2,E,144.0,V,144,V,58.8,C,58.8,C,29.7,C,29.7,C,34.5,C,34.5,C,69.9,V,66.4,E,False,False,13.77,27.8,32.1,40.4,33,33,34,144.0,False,original
2017-03-15,107.1,V,107.2,E,142.0,V,142,V,52.7,C,52.7,C,31.1,C,31.1,C,39.4,C,39.4,C,70.3,V,66.8,E,False,False,13.76,28.3,32.5,40.4,33,33,34,142.0,False,original
2017-03-16,107.2,V,107.2,V,140.0,V,140,V,51.6,C,51.6,C,31.8,C,31.8,C,31.8,C,31.8,C,70.5,V,67.0,E,False,False,13.73,28.9,32.8,40.5,33,33,34,140.0,False,original
2017-03-17,107.2,V,107.2,V,137.0,V,137,V,58.6,C,58.6,C,29.8,C,29.8,C,36.1,C,36.1,C,70.3,V,66.8,E,False,False,13.74,29.4,33.1,40.5,33,33,33,137.0,False,original
2017-03-18,107.3,V,107.3,V,136.0,V,136,V,43.9,C,43.9,C,34.3,C,34.3,C,34.5,C,34.5,C,69.8,V,66.3,E,False,False,13.75,29.0,33.1,40.5,33,33,33,136.0,False,original
2017-03-19,107.3,V,107.3,V,134.0,V,134,V,52.9,C,52.9,C,34.0,C,34.0,C,34.0,C,34.0,C,69.7,V,66.2,E,False,False,13.75,29.4,33.3,40.5,33,33,33,134.0,False,original
2017-03-20,107.5,V,107.5,V,132.0,V,132,V,48.7,C,48.7,C,33.6,C,33.6,C,34.7,C,34.7,C,69.1,V,65.6,E,False,False,13.75,29.0,33.2,40.5,33,33,33,132.0,False,original
2017-03-21,109.0,V,109.0,V,133.0,V,133,V,39.0,C,39.0,C,27.7,C,27.7,C,29.7,C,29.7,C,69.6,V,66.1,E,False,False,13.76,34.7,36.7,40.6,32,32,33,133.0,False,original
2017-03-22,109.4,V,109.4,V,136.0,V,136,V,34.7,C,34.7,C,21.7,C,21.7,C,21.7,C,21.7,C,69.1,V,65.6,E,False,False,13.78,31.0,34.6,40.6,33,32,33,136.0,False,original
2017-03-23,109.4,V,109.4,V,134.0,V,134,V,38.1,C,38.1,C,18.0,C,18.0,C,31.6,C,31.6,C,68.7,V,65.2,E,False,False,13.79,29.1,33.5,40.5,33,33,33,134.0,False,original
2017-03-24,110.5,V,110.5,V,143.0,V,143,V,32.2,C,32.2,C,28.0,C,28.0,C,31.6,C,31.6,C,69.8,V,66.3,E,False,False,13.78,28.2,32.7,40.5,33,33,33,143.0,False,original
2017-03-25,110.8,V,110.8,V,139.0,V,139,V,39.7,C,39.7,C,29.1,C,29.1,C,28.9,C,28.9,C,69.9,V,66.4,E,False,False,13.76,27.7,32.5,40.4,33,33,33,139.0,False,original
2017-03-26,111.5,V,112.0,E,144.0,V,144,V,35.1,C,35.1,C,28.6,C,28.6,C,30.7,C,30.7,C,70.7,V,67.2,E,False,False,13.77,27.7,32.3,40.4,33,33,33,144.0,False,original
2017-03-27,111.8,V,112.0,E,142.0,V,142,V,38.3,C,38.3,C,27.1,C,27.1,C,28.9,C,28.9,C,70.8,V,67.3,E,False,False,13.78,27.3,32.0,40.4,33,33,33,139.0,True,7-day window
2017-03-28,111.9,V,112.0,E,139.0,V,139,V,46.6,C,46.6,C,26.4,C,26.4,C,31.6,C,31.6,C,70.7,V,67.2,E,False,False,13.77,27.0,31.8,40.4,33,33,34,139.0,False,original
2017-03-29,112.0,V,112.0,V,136.0,V,136,V,59.5,C,59.5,C,29.3,C,29.3,C,39.2,C,39.2,C,71.1,V,67.6,E,False,False,13.77,27.6,32.1,40.4,33,33,34,136.0,False,original
2017-03-30,112.7,V,112.7,V,136.0,V,136,V,39.7,C,39.7,C,25.9,C,25.9,C,26.2,C,26.2,C,71.4,V,67.9,E,False,False,13.76,30.1,33.8,40.5,33,33,33,136.0,False,original
2017-03-31,112.7,V,112.7,V,134.0,V,134,V,42.6,C,42.6,C,24.1,C,24.1,C,35.8,C,35.8,C,70.4,V,66.9,E,False,False,13.78,28.6,33.1,40.5,33,33,33,134.0,False,original
2017-04-01,112.7,V,112.7,V,132.0,V,132,V,56.5,C,56.5,C,33.6,C,33.6,C,34.9,C,34.9,C,70.5,V,67.0,E,False,False,13.76,28.8,33.2,40.5,33,33,33,132.0,False,original
2017-04-02,112.7,V,112.7,V,130.0,V,130,V,53.8,C,53.8,C,29.1,C,29.1,C,29.1,C,29.1,C,70.1,V,66.6,E,False,False,13.77,29.6,33.7,40.5,33,33,33,130.0,False,original
2017-04-03,112.7,V,112.7,V,129.0,V,129,V,49.5,C,49.5,C,25.9,C,25.9,C,28.4,C,28.4,C,69.0,V,65.5,E,False,False,13.76,29.1,33.6,40.5,33,33,33,130.0,True,7-day window
2017-04-04,112.7,V,112.7,V,127.0,V,127,V,52.3,C,52.3,C,28.2,C,28.2,C,35.1,C,35.1,C,68.3,V,64.8,E,False,False,13.75,29.2,33.5,40.5,33,33,33,127.0,False,original
2017-04-05,112.7,V,112.7,V,124.0,V,124,V,53.2,C,53.2,C,34.2,C,34.2,C,41.4,C,41.4,C,67.8,V,64.3,E,False,False,13.73,30.2,34.0,40.6,33,33,33,124.0,False,original
2017-04-06,114.2,V,114.2,V,130.0,V,130,V,42.8,C,42.8,C,31.8,C,31.8,C,31.8,C,31.8,C,68.4,V,64.9,E,False,False,13.72,33.4,35.3,40.6,33,33,33,130.0,False,original
2017-04-07,116.1,V,116.1,V,140.0,V,140,V,33.1,C,33.1,C,30.4,C,30.4,C,30.9,C,30.9,C,69.1,V,65.6,E,False,False,13.77,30.2,34.4,40.6,33,33,33,140.0,False,original
2017-04-08,117.1,V,117.1,V,148.0,V,148,V,30.9,C,30.9,C,14.5,C,14.5,C,14.7,C,14.7,C,69.7,V,66.2,E,False,False,13.79,28.6,33.3,40.5,33,33,33,148.0,False,original
2017-04-09,117.1,V,117.1,V,143.0,V,143,V,34.7,C,34.7,C,11.8,C,11.8,C,24.4,C,24.4,C,69.7,V,66.2,E,False,False,13.8,27.8,32.7,40.5,33,33,33,143.0,False,original
2017-04-10,117.1,V,117.1,V,138.0,V,138,V,40.6,C,40.6,C,23.0,C,23.0,C,28.9,C,28.9,C,69.5,V,66.0,E,False,False,13.8,27.4,32.3,40.5,33,33,33,138.0,False,original
2017-04-11,117.3,V,117.3,V,137.0,V,137,V,37.9,C,37.9,C,28.6,C,28.6,C,35.2,C,35.2,C,69.6,V,66.1,E,False,False,13.79,27.4,32.0,40.4,33,33,33,137.0,False,original
2017-04-12,118.7,V,118.7,V,,S,139,E,40.1,C,40.1,C,31.8,C,31.8,C,31.8,C,31.8,C,72.7,V,69.2,E,False,True,13.78,31.5,33.9,40.5,33,33,33,143.0,True,7-day window
2017-04-13,120.8,V,120.8,V,157.0,V,157,V,31.8,C,31.8,C,24.1,C,24.1,C,24.1,C,24.1,C,72.7,V,69.2,E,False,False,13.78,29.4,33.8,40.5,33,33,33,157.0,False,original
2017-04-14,121.3,V,121.3,V,149.0,V,149,V,35.1,C,35.1,C,13.8,C,13.8,C,23.5,C,23.5,C,72.2,V,68.7,E,False,False,13.79,28.3,33.1,40.5,33,33,33,149.0,False,original
2017-04-15,121.3,V,121.3,V,143.0,V,143,V,46.9,C,46.9,C,19.6,C,19.6,C,30.6,C,30.6,C,71.7,V,68.2,E,False,False,13.79,28.1,32.9,40.5,33,33,33,143.0,False,original
2017-04-16,122.0,V,122.0,V,142.0,V,142,V,47.5,C,47.5,C,25.9,C,25.9,C,35.8,C,35.8,C,72.1,V,68.6,E,False,False,13.79,29.7,33.2,40.5,33,33,33,142.0,False,original
2017-04-17,122.9,V,122.9,V,139.0,V,139,V,42.4,C,42.4,C,33.1,C,33.1,C,34.3,C,34.3,C,72.9,V,69.4,E,False,False,13.78,31.0,34.4,40.6,33,33,33,139.0,False,original
2017-04-18,123.3,V,123.3,V,137.0,V,137,V,46.0,C,46.0,C,29.1,C,29.1,C,28.9,C,28.9,C,72.0,V,68.5,E,False,False,13.77,31.1,35.1,40.6,33,33,33,137.0,False,original
2017-04-19,123.4,V,123.4,V,134.0,V,134,V,45.0,C,45.0,C,24.6,C,24.6,C,31.8,C,31.8,C,70.7,V,67.2,E,False,False,13.78,29.6,34.2,40.6,33,33,33,136.0,True,7-day window
2017-04-20,123.7,V,123.7,V,136.0,V,136,V,42.3,C,42.3,C,29.7,C,29.7,C,31.6,C,31.6,C,70.2,V,66.7,E,False,False,13.78,29.0,33.8,40.6,33,33,33,134.0,True,7-day window
2017-04-21,123.7,V,123.7,V,131.0,V,131,V,61.0,C,61.0,C,29.1,C,29.1,C,33.6,C,33.6,C,70.2,V,66.7,E,False,False,13.76,29.0,33.6,40.5,33,33,33,131.0,False,original
2017-04-22,123.7,V,123.7,V,131.0,V,131,V,53.8,C,53.8,C,31.5,C,31.5,C,37.2,C,37.2,C,68.8,V,65.3,E,False,False,13.75,29.2,33.8,40.5,33,33,33,131.0,False,original
2017-04-23,123.7,V,123.7,V,129.0,V,129,V,48.4,C,48.4,C,33.8,C,33.8,C,34.7,C,34.7,C,67.9,V,64.4,E,False,False,13.75,29.3,33.9,40.5,33,33,33,131.0,True,7-day window
2017-04-24,124.4,V,124.4,V,131.0,V,131,V,35.2,C,35.2,C,30.9,C,30.9,C,32.5,C,32.5,C,67.3,V,63.8,E,False,False,13.75,29.1,33.7,40.5,33,33,33,129.0,True,7-day window
2017-04-25,124.5,V,124.5,V,129.0,V,129,V,45.3,C,45.3,C,28.6,C,28.6,C,35.2,C,35.2,C,67.0,V,63.5,E,False,False,13.77,29.0,33.3,40.5,33,33,33,129.0,False,original
2017-04-26,125.0,V,125.0,V,128.0,V,128,V,43.9,C,43.9,C,34.9,C,34.9,C,38.3,C,38.3,C,67.8,V,64.3,E,False,False,13.77,30.7,34.2,40.6,33,33,33,128.0,False,original
2017-04-27,125.2,V,125.2,V,126.0,V,126,V,47.3,C,47.3,C,29.1,C,29.1,C,29.3,C,29.3,C,66.4,V,62.9,E,False,False,13.75,31.4,35.0,40.6,33,32,33,126.0,False,original
2017-04-28,125.2,V,125.2,V,118.0,V,124,E,42.6,C,42.6,C,26.6,C,26.6,C,33.6,C,33.6,C,64.5,V,61.0,E,False,False,13.77,29.8,34.3,40.6,33,32,33,121.0,True,7-day window
2017-04-29,125.3,V,125.2,E,121.0,V,121,V,55.9,C,55.9,C,30.9,C,30.9,C,33.3,C,33.3,C,64.0,V,60.5,E,False,False,13.76,29.7,34.1,40.6,33,32,33,118.0,True,7-day window
2017-04-30,125.2,V,125.2,V,118.0,V,118,V,58.6,C,58.6,C,30.6,C,30.6,C,36.0,C,36.0,C,63.5,V,60.0,E,False,False,13.73,30.9,34.8,40.6,33,32,33,118.0,False,original
2017-05-01,125.2,V,125.2,V,116.0,V,116,V,61.7,C,61.7,C,33.8,C,33.8,C,38.3,C,38.3,C,61.6,V,58.1,E,False,False,13.72,31.3,35.0,40.6,33,32,33,116.0,False,original
2017-05-02,125.2,V,125.2,V,113.0,V,113,V,64.0,C,64.0,C,35.8,C,35.8,C,42.6,C,42.6,C,59.6,V,56.1,E,False,False,13.71,32.1,35.5,40.7,33,32,33,113.0,False,original
2017-05-03,125.2,V,125.2,V,108.0,V,108,V,66.4,C,66.4,C,38.3,C,38.3,C,38.7,C,38.7,C,57.4,V,53.9,E,False,False,13.69,32.7,35.9,40.7,32,32,33,108.0,False,original
2017-05-04,125.2,V,125.2,V,105.0,V,105,V,68.0,C,68.0,C,37.8,C,37.8,C,47.7,C,47.7,C,55.2,V,51.7,E,False,False,13.68,33.1,36.3,40.7,32,32,33,105.0,False,original
2017-05-05,125.2,V,125.2,V,101.0,V,101,V,57.2,C,57.2,C,38.5,C,38.5,C,42.8,C,42.8,C,53.2,V,49.7,E,False,False,13.65,33.2,36.5,40.7,32,32,33,103.0,True,7-day window
2017-05-06,125.9,V,125.9,V,103.0,V,103,V,45.3,C,45.3,C,34.0,C,34.0,C,36.1,C,36.1,C,52.5,V,49.0,E,False,False,13.71,31.3,35.3,40.7,33,32,33,101.0,True,7-day window
2017-05-07,125.9,V,125.9,V,100.0,V,100,V,53.1,C,53.1,C,34.9,C,34.9,C,36.3,C,36.3,C,52.4,V,48.9,E,False,False,13.71,32.4,35.9,40.7,33,32,33,100.0,False,original
2017-05-08,125.9,V,125.9,V,97.0,V,97,V,58.5,C,58.5,C,35.8,C,35.8,C,37.8,C,37.8,C,51.1,V,47.6,E,False,False,13.69,32.1,35.8,40.7,33,32,33,97.0,False,original
2017-05-09,126.0,V,125.9,E,94.0,V,94,V,63.1,C,63.1,C,36.0,C,36.0,C,37.2,C,37.2,C,49.5,V,46.0,E,False,False,13.68,32.3,35.8,40.7,33,32,33,94.0,False,original
2017-05-10,126.0,V,125.9,E,89.0,V,89,V,62.6,C,62.6,C,35.4,C,35.4,C,38.5,C,38.5,C,48.0,V,44.5,E,False,False,13.68,32.6,36.2,40.7,32,32,33,89.0,False,original
2017-05-11,126.0,V,125.9,E,86.0,V,86,V,55.2,C,55.2,C,37.4,C,37.4,C,40.1,C,40.1,C,46.6,V,43.1,E,False,False,13.69,33.1,36.4,40.7,32,32,33,86.0,False,original
2017-05-12,126.0,V,125.9,E,85.0,V,85,V,42.1,C,42.1,C,28.2,C,28.2,C,29.1,C,29.1,C,45.3,V,41.8,E,False,False,13.71,31.6,35.5,40.7,33,32,33,85.0,False,original
2017-05-13,125.9,V,125.9,V,83.0,V,83,V,43.5,C,43.5,C,28.6,C,28.6,C,29.1,C,29.1,C,44.4,V,40.9,E,False,False,13.73,30.6,34.9,40.7,33,32,33,83.0,False,original
2017-05-14,125.9,V,125.9,V,81.0,V,81,V,44.2,C,44.2,C,28.9,C,28.9,C,29.1,C,29.1,C,44.0,V,40.5,E,False,False,13.75,29.5,34.3,40.7,33,32,33,81.0,False,original
2017-05-15,125.9,V,125.9,V,80.0,V,80,V,49.5,C,49.5,C,27.7,C,27.7,C,32.0,C,32.0,C,43.3,V,39.8,E,False,False,13.74,29.9,34.4,40.7,33,32,33,80.0,False,original
2017-05-16,126.4,V,126.4,V,80.0,V,80,V,41.4,C,41.4,C,31.1,C,31.1,C,34.9,C,34.9,C,43.5,V,40.0,E,False,False,13.75,32.5,34.5,40.7,33,32,33,80.0,False,original
2017-05-17,126.5,V,126.5,V,78.0,V,78,V,46.4,C,46.4,C,29.8,C,29.8,C,30.0,C,30.0,C,42.8,V,39.3,E,False,False,13.7,31.2,34.8,40.7,33,32,33,78.0,False,original
2017-05-18,126.6,V,126.6,V,74.0,V,74,V,54.9,C,54.9,C,29.8,C,29.8,C,41.9,C,41.9,C,41.4,V,37.9,E,False,False,13.71,31.2,35.1,40.7,33,32,33,74.0,False,original
2017-05-19,126.6,V,126.6,V,71.0,V,71,V,62.8,C,62.8,C,35.2,C,35.2,C,37.8,C,37.8,C,39.8,V,36.3,E,False,False,13.67,31.9,35.4,40.7,33,32,33,71.0,False,original
2017-05-20,126.6,V,126.6,V,67.0,V,67,V,64.9,C,64.9,C,35.8,C,35.8,C,37.4,C,37.4,C,38.0,V,34.5,E,False,False,13.65,32.8,36.1,40.7,33,32,33,67.0,False,original
2017-05-21,126.6,V,126.6,V,64.0,V,64,V,66.0,C,66.0,C,36.3,C,36.3,C,41.0,C,41.0,C,36.3,V,32.8,E,False,False,13.65,32.6,36.1,40.7,33,32,33,64.0,False,original
2017-05-22,126.6,V,126.6,V,61.0,V,61,V,69.6,C,69.6,C,38.1,C,38.1,C,39.9,C,39.9,C,34.7,V,31.2,E,False,False,13.66,32.4,36.1,40.7,33,32,33,61.0,False,original
2017-05-23,126.6,V,126.6,V,57.0,V,57,V,72.7,C,72.7,C,39.0,C,39.0,C,39.4,C,39.4,C,33.2,V,29.7,E,False,False,13.64,32.3,36.1,40.7,33,32,33,57.0,False,original
2017-05-24,126.6,V,126.6,V,53.0,V,53,V,64.6,C,64.6,C,37.8,C,37.8,C,41.0,C,41.0,C,31.4,V,27.9,E,False,False,13.63,33.0,36.7,40.7,32,32,33,53.0,False,original
2017-05-25,126.7,V,126.6,E,51.0,V,51,V,58.1,C,58.1,C,35.2,C,35.2,C,36.0,C,36.0,C,29.7,V,26.2,E,False,False,13.65,32.3,36.3,40.7,33,32,33,51.0,False,original
2017-05-26,126.6,V,126.6,V,46.0,V,46,V,57.4,C,57.4,C,34.2,C,34.2,C,39.9,C,39.9,C,28.3,V,24.8,E,False,False,13.65,31.9,36.0,40.7,33,32,33,46.0,False,original
2017-05-27,126.6,V,126.6,V,45.0,V,45,V,64.2,C,64.2,C,36.3,C,36.3,C,37.9,C,37.9,C,26.6,V,23.1,E,False,False,13.64,31.7,35.9,40.7,33,32,33,45.0,False,original
2017-05-28,126.6,V,126.6,V,41.0,V,41,V,69.4,C,69.4,C,36.3,C,36.3,C,39.0,C,39.0,C,25.2,V,21.7,E,False,False,13.63,31.4,35.9,40.7,33,32,33,41.0,False,original
2017-05-29,126.6,V,126.6,V,38.0,V,38,V,70.0,C,70.0,C,37.4,C,37.4,C,38.7,C,38.7,C,24.1,V,20.6,E,False,False,13.63,30.6,35.3,40.7,33,32,33,38.0,False,original
2017-05-30,126.7,V,126.7,V,35.0,V,35,V,67.3,C,67.3,C,37.4,C,37.4,C,42.3,C,42.3,C,22.7,V,19.2,E,False,False,13.61,30.6,35.4,40.7,38,33,33,35.0,False,original
2017-05-31,126.7,V,126.7,V,32.0,V,32,V,53.2,C,53.2,C,36.1,C,36.1,C,36.1,C,36.1,C,21.6,V,18.1,E,False,False,13.66,30.2,35.0,40.7,40,35,33,32.0,False,original
2017-06-01,126.7,V,126.7,V,30.0,V,30,V,61.2,C,61.2,C,34.2,C,34.2,C,36.3,C,36.3,C,19.9,V,16.4,E,False,False,13.63,30.3,35.2,40.7,43,37,34,30.0,False,original
2017-06-02,126.7,V,126.7,V,26.0,V,26,V,68.7,C,68.7,C,34.7,C,34.7,C,39.9,C,39.9,C,18.2,V,14.7,E,False,False,13.61,30.0,35.0,40.7,45,38,35,26.0,False,original
2017-06-03,126.8,V,126.7,E,22.0,V,22,V,66.6,C,66.6,C,38.1,C,38.1,C,40.6,C,40.6,C,16.6,V,13.1,E,False,False,13.6,30.1,34.8,40.7,46,40,35,22.0,False,original
2017-06-04,126.7,V,126.7,V,19.0,V,19,V,63.7,C,63.7,C,36.3,C,36.3,C,36.3,C,36.3,C,14.7,V,11.2,E,False,False,13.61,29.9,34.8,40.7,46,41,36,19.0,False,original
2017-06-05,126.7,V,126.7,V,15.0,V,17,E,67.3,C,67.3,C,34.5,C,34.5,C,39.0,C,39.0,C,13.2,S,9.7,E,False,False,13.6,29.5,34.5,40.7,47,42,37,15.0,False,original
2017-06-06,126.7,V,126.7,V,11.0,V,14,E,69.6,C,69.6,C,36.0,C,36.0,C,39.2,C,39.2,C,11.5,V,8.0,E,False,False,13.58,29.1,34.4,40.7,47,42,37,11.0,False,original
2017-06-07,126.7,V,126.7,V,8.0,V,11,E,65.3,C,65.3,C,36.9,C,36.9,C,47.3,C,47.3,C,9.9,V,6.4,E,False,False,13.6,28.4,34.2,40.7,47,42,38,8.0,False,original
2017-06-08,126.9,V,126.9,V,6.0,V,9,E,48.0,C,48.0,C,41.2,C,41.2,C,42.3,C,42.3,C,8.6,S,5.1,E,False,False,13.62,28.7,34.2,40.7,44,42,38,6.0,False,original
2017-06-09,127.0,V,126.9,E,5.0,V,6,E,45.3,C,45.3,C,39.9,C,39.9,C,39.9,C,39.9,C,7.0,V,3.5,E,False,False,13.68,28.5,34.2,40.7,43,42,39,5.0,False,original
2017-06-10,126.9,V,126.9,V,0.0,V,2,E,49.1,C,49.1,C,34.5,C,34.5,C,36.9,C,36.9,C,4.7,V,1.2,E,False,False,13.67,28.4,34.0,40.7,44,41,39,3.0,True,7-day window
2017-06-11,127.1,V,127.1,V,1.0,V,1,V,42.1,C,42.1,C,30.2,C,30.2,C,30.7,C,30.7,C,4.2,V,0.6,E,False,False,13.7,27.9,33.3,40.7,41,41,39,1.0,False,original
2017-06-12,127.6,V,127.6,V,3.0,V,3,V,36.5,C,36.5,C,29.8,C,29.8,C,32.4,C,32.4,C,4.6,S,1.1,E,False,False,13.73,27.9,33.2,40.7,36,38,39,3.0,False,original
2017-06-13,127.7,V,127.7,V,1.0,V,0,E,58.5,C,58.5,C,29.3,C,29.3,C,37.4,C,37.4,C,3.7,S,0.0,E,False,False,13.69,27.9,33.3,40.7,41,38,38,1.0,False,original
2017-06-14,127.7,V,127.7,V,0.0,V,0,V,66.4,C,66.4,C,36.3,C,36.3,C,39.7,C,39.7,C,3.6,V,0.0,E,False,False,13.6,27.7,33.3,40.7,45,40,38,0.0,False,original
2017-06-15,127.7,V,127.7,V,0.0,V,0,V,68.2,C,68.2,C,36.9,C,36.9,C,42.8,C,42.8,C,3.6,S,0.0,E,False,False,13.58,27.6,33.2,40.7,47,42,39,0.0,False,original
2017-06-16,127.7,V,127.7,V,0.0,V,0,V,76.6,C,76.6,C,41.4,C,41.4,C,46.2,C,46.2,C,3.6,S,0.0,E,False,False,13.5,27.4,32.7,40.7,50,44,39,0.0,False,original
2017-06-17,127.7,V,127.7,V,,V,0,E,78.1,C,78.1,C,42.8,C,42.8,C,54.5,C,54.5,C,3.6,V,0.0,E,False,True,13.5,27.0,32.4,40.7,52,46,40,0.0,True,7-day window
2017-06-18,127.7,V,127.7,V,,V,0,E,82.0,C,82.0,C,51.1,C,51.1,C,52.0,C,52.0,C,3.6,V,0.0,E,False,True,13.48,26.3,31.7,40.6,52,47,41,1.0,True,31-day fallback window
2017-06-19,127.7,V,127.7,V,,V,0,E,85.6,C,85.6,C,47.7,C,47.7,C,48.4,C,48.4,C,3.6,S,0.0,E,False,True,13.48,25.8,31.2,40.5,54,48,42,1.0,True,31-day fallback window
2017-06-20,127.7,V,127.7,V,,V,0,E,83.5,C,83.5,C,45.5,C,45.5,C,49.1,C,49.1,C,3.5,S,0.0,E,False,True,13.47,25.6,30.8,40.5,55,49,42,1.0,True,31-day fallback window
2017-06-21,127.8,V,127.7,E,,V,0,E,84.0,C,84.0,C,45.7,C,45.7,C,62.1,C,62.1,C,3.6,S,0.0,E,False,True,13.44,25.0,30.3,40.5,55,49,43,1.0,True,31-day fallback window
2017-06-22,127.8,V,127.7,E,,V,0,E,83.7,C,83.7,C,52.3,C,52.3,C,52.9,C,52.9,C,3.5,S,0.0,E,False,True,13.44,24.1,29.6,40.5,56,50,44,0.5,True,31-day fallback window
2017-06-23,127.8,V,127.7,E,,V,0,E,84.6,C,84.6,C,50.2,C,50.2,C,53.1,C,53.1,C,3.5,S,0.0,E,False,True,13.44,23.3,29.1,40.4,57,51,44,0.0,True,31-day fallback window
2017-06-24,127.8,V,127.7,E,,V,0,E,85.5,C,85.5,C,50.2,C,50.2,C,54.1,C,54.1,C,3.5,S,0.0,E,False,True,13.43,23.6,28.6,40.4,58,52,45,0.0,True,31-day fallback window
2017-06-25,127.7,V,127.7,V,,V,0,E,82.2,C,82.2,C,50.2,C,50.2,C,51.4,C,51.4,C,3.5,V,0.0,E,False,True,13.42,23.1,28.2,40.4,58,52,45,0.0,True,31-day fallback window
2017-06-26,127.7,V,127.7,V,0.0,V,0,V,73.8,C,73.8,C,46.2,C,46.2,C,46.9,C,46.9,C,3.5,S,0.0,E,False,False,13.47,22.7,27.6,40.3,56,52,46,0.0,False,original
2017-06-27,127.7,V,127.7,V,,V,0,E,73.0,C,73.0,C,41.2,C,41.2,C,44.4,C,44.4,C,3.5,S,0.0,E,False,True,13.49,21.3,26.5,40.3,55,51,46,0.0,True,7-day window
2017-06-28,127.7,V,127.7,V,1.0,V,0,E,72.0,C,72.0,C,40.1,C,40.1,C,43.9,C,43.9,C,3.5,V,0.0,E,False,False,13.51,20.4,24.9,40.2,55,51,46,0.0,True,7-day window
2017-06-29,127.7,V,127.7,V,0.0,V,0,V,75.2,C,75.2,C,42.1,C,42.1,C,52.2,C,52.2,C,3.5,V,0.0,E,False,False,13.48,19.4,23.1,40.1,56,51,46,0.0,False,original
2017-06-30,127.7,V,127.7,V,,S,0,E,78.4,C,78.4,C,50.0,C,50.0,C,51.4,C,51.4,C,0.0,V,0.0,V,False,True,13.4,17.5,21.8,40.0,58,52,47,0.0,True,31-day fallback window
2017-07-01,127.7,V,127.7,V,,S,0,E,76.6,C,76.6,C,48.2,C,48.2,C,49.6,C,49.6,C,0.0,V,0.0,V,False,True,13.46,17.3,20.1,39.7,58,53,47,0.0,True,31-day fallback window
2017-07-02,127.7,V,127.7,V,,V,0,E,79.7,C,79.7,C,45.9,C,45.9,C,51.6,C,51.6,C,0.0,V,0.0,V,False,True,13.44,16.0,19.3,39.3,59,53,47,0.0,True,31-day fallback window
2017-07-03,127.7,V,127.7,V,,V,0,E,78.1,C,78.1,C,48.7,C,48.7,C,52.0,C,52.0,C,0.0,V,0.0,V,False,True,13.45,14.7,18.1,38.9,59,54,47,0.0,True,31-day fallback window
2017-07-04,127.7,V,127.7,V,,S,0,E,77.2,C,77.2,C,49.8,C,49.8,C,51.6,C,51.6,C,0.0,V,0.0,V,False,True,13.45,14.0,16.8,38.4,59,54,48,0.0,True,31-day fallback window
2017-07-05,127.7,V,127.7,V,0.0,V,0,V,78.8,C,78.8,C,47.8,C,47.8,C,53.1,C,53.1,C,0.0,V,0.0,V,False,False,13.46,13.6,16.2,37.7,58,54,48,0.0,False,original
2017-07-06,127.7,V,127.7,V,,S,0,E,81.9,C,81.9,C,50.2,C,50.2,C,55.0,C,55.0,C,0.0,V,0.0,V,False,True,13.43,12.9,16.0,36.9,60,55,48,0.0,True,31-day fallback window
2017-07-07,127.7,V,127.7,V,,V,0,E,83.3,C,83.3,C,52.3,C,52.3,C,55.4,C,55.4,C,0.0,V,0.0,V,False,True,13.4,12.1,15.0,36.0,61,56,49,0.0,True,31-day fallback window
2017-07-08,127.7,V,127.7,V,,V,0,E,84.6,C,84.6,C,53.8,C,53.8,C,55.6,C,55.6,C,0.0,V,0.0,V,False,True,13.4,11.1,14.6,35.2,62,56,49,0.0,True,31-day fallback window
2017-07-09,127.7,V,127.7,V,,S,0,E,81.1,C,81.1,C,52.7,C,52.7,C,53.2,C,53.2,C,0.0,V,0.0,V,False,True,13.42,10.3,13.0,34.3,62,57,49,0.0,True,31-day fallback window
2017-07-10,127.7,V,127.7,V,,V,0,E,78.4,C,78.4,C,50.2,C,50.2,C,50.5,C,50.5,C,0.0,V,0.0,V,False,True,13.43,10.1,13.0,33.5,60,56,50,0.0,True,31-day fallback window
2017-07-11,127.7,V,127.7,V,0.0,V,0,V,77.7,C,77.7,C,47.8,C,47.8,C,51.3,C,51.3,C,0.0,V,0.0,V,False,False,13.45,9.3,12.8,32.5,60,56,50,0.0,False,original
2017-07-12,127.7,V,127.7,V,,V,0,E,79.2,C,79.2,C,46.8,C,46.8,C,51.4,C,51.4,C,0.0,V,0.0,V,False,True,13.44,9.3,12.3,31.8,61,56,50,0.0,True,31-day fallback window
2017-07-13,127.7,V,127.7,V,,V,0,E,79.9,C,79.9,C,48.2,C,48.2,C,52.2,C,52.2,C,0.0,V,0.0,V,False,True,13.42,8.2,11.5,31.0,61,56,50,0.0,True,31-day fallback window
2017-07-14,127.8,V,127.7,E,,V,0,E,79.5,C,79.5,C,50.5,C,50.5,C,52.2,C,52.2,C,0.1,V,0.0,E,False,True,13.43,7.8,11.0,30.6,62,57,50,0.0,True,31-day fallback window
2017-07-15,127.7,V,127.7,V,,V,0,E,81.5,C,81.5,C,47.7,C,47.7,C,59.9,C,59.9,C,0.0,V,0.0,V,False,True,13.42,7.4,10.4,30.1,62,57,50,0.0,True,31-day fallback window
2017-07-16,127.7,V,127.7,V,,V,0,E,81.0,C,81.0,C,51.1,C,51.1,C,52.0,C,52.0,C,0.1,V,0.0,E,False,True,13.42,6.9,10.5,29.2,62,58,51,0.0,True,7-day window
2017-07-17,127.7,V,127.7,V,0.0,V,0,V,75.7,C,75.7,C,48.4,C,48.4,C,49.3,C,49.3,C,0.0,V,0.0,V,False,False,13.44,6.3,10.5,28.8,61,57,51,0.0,False,original
2017-07-18,127.7,V,127.7,V,0.0,V,0,V,73.9,C,73.9,C,45.7,C,45.7,C,48.2,C,48.2,C,0.1,V,0.0,E,False,False,13.46,5.9,9.8,28.2,60,57,51,0.0,False,original
2017-07-19,127.7,V,127.7,V,0.0,V,0,V,76.1,C,76.1,C,43.5,C,43.5,C,47.5,C,47.5,C,0.0,V,0.0,V,False,False,13.44,5.5,9.5,27.8,60,56,51,0.0,False,original
2017-07-20,127.7,V,127.7,V,0.0,V,0,V,74.5,C,74.5,C,41.7,C,41.7,C,45.7,C,45.7,C,0.0,V,0.0,V,False,False,13.47,5.7,8.9,27.4,60,56,51,0.0,False,original
2017-07-21,127.7,V,127.7,V,0.0,V,0,V,78.8,C,78.8,C,41.9,C,41.9,C,52.0,C,52.0,C,0.1,V,0.0,E,False,False,13.46,5.1,8.7,26.8,60,56,51,0.0,False,original
2017-07-22,127.8,V,127.8,V,,V,0,E,84.9,C,84.9,C,51.6,C,51.6,C,56.7,C,56.7,C,0.1,V,0.0,E,False,True,13.41,5.2,8.1,26.4,63,57,51,0.0,True,7-day window
2017-07-23,127.8,V,127.8,V,,V,0,E,82.6,C,82.6,C,52.7,C,52.7,C,58.6,C,58.6,C,0.1,V,0.0,E,False,True,13.4,4.7,7.9,26.1,64,58,51,0.0,True,7-day window
2017-07-24,127.8,V,127.8,V,,S,0,E,79.9,C,79.9,C,55.2,C,55.2,C,59.2,C,59.2,C,0.1,V,0.0,E,False,True,13.4,4.5,7.6,25.8,64,59,51,0.0,True,31-day fallback window
2017-07-25,127.7,V,127.8,E,,V,0,E,77.2,C,77.2,C,53.1,C,53.1,C,53.6,C,53.6,C,0.1,V,0.0,E,False,True,13.4,3.8,7.2,25.5,64,59,52,0.0,True,31-day fallback window
2017-07-26,127.8,V,127.8,V,0.0,V,0,V,73.0,C,73.0,C,48.2,C,48.2,C,48.2,C,48.2,C,0.1,V,0.0,E,False,False,13.42,4.1,6.6,25.1,62,58,52,0.0,False,original
2017-07-27,127.8,V,127.8,V,,V,0,E,78.1,C,78.1,C,45.7,C,45.7,C,55.0,C,55.0,C,0.1,V,0.0,E,False,True,13.42,3.5,6.7,24.7,63,58,52,0.0,True,31-day fallback window
2017-07-28,127.8,V,127.8,V,,V,0,E,80.6,C,80.6,C,51.3,C,51.3,C,55.0,C,55.0,C,0.1,V,0.0,E,False,True,13.4,3.2,5.7,24.5,64,59,52,0.0,True,31-day fallback window
2017-07-29,127.7,V,127.8,E,,V,0,E,80.2,C,80.2,C,51.4,C,51.4,C,55.0,C,55.0,C,0.1,V,0.0,E,False,True,13.4,2.7,5.6,24.3,64,59,52,0.0,True,31-day fallback window
2017-07-30,127.8,V,127.8,V,,S,0,E,81.5,C,81.5,C,53.1,C,53.1,C,57.4,C,57.4,C,0.1,V,0.0,E,False,True,13.41,2.6,5.6,23.8,63,59,53,0.0,True,31-day fallback window
2017-07-31,127.8,V,127.8,V,,V,0,E,86.0,C,86.0,C,54.5,C,54.5,C,59.2,C,59.2,C,0.1,V,0.0,E,False,True,13.39,2.6,4.4,23.3,64,59,53,0.0,True,31-day fallback window
2017-08-01,127.9,V,127.8,E,,S,0,E,87.4,C,87.4,C,56.1,C,56.1,C,62.1,C,62.1,C,0.0,V,0.0,V,False,True,13.36,2.1,4.0,23.1,65,60,53,0.0,True,31-day fallback window
2017-08-02,127.8,V,127.8,V,,V,0,E,87.3,C,87.3,C,57.6,C,57.6,C,58.1,C,58.1,C,0.0,V,0.0,V,False,True,13.37,2.0,3.3,22.8,65,60,53,0.0,True,31-day fallback window
2017-08-03,127.9,V,127.8,E,,V,0,E,84.7,C,84.7,C,57.6,C,57.6,C,57.7,C,57.7,C,0.0,V,0.0,V,False,True,13.38,1.8,3.0,22.3,64,60,53,0.0,True,31-day fallback window
2017-08-04,127.8,V,127.8,V,,S,0,E,80.2,C,80.2,C,54.9,C,54.9,C,57.4,C,57.4,C,0.1,V,0.0,E,False,True,13.4,1.8,3.4,22.3,65,60,54,0.0,True,31-day fallback window
2017-08-05,127.9,V,127.8,E,0.0,V,0,V,66.4,C,66.4,C,50.4,C,50.4,C,50.4,C,50.4,C,0.0,V,0.0,V,False,False,13.44,1.6,2.7,22.2,61,59,54,0.0,False,original
2017-08-06,127.8,V,127.8,V,,V,0,E,75.7,C,75.7,C,48.4,C,48.4,C,52.2,C,52.2,C,0.0,V,0.0,V,False,True,13.44,1.2,3.0,21.9,63,59,54,0.0,True,31-day fallback window
2017-08-07,127.8,V,127.8,V,0.0,V,0,V,74.1,C,74.1,C,49.1,C,49.1,C,51.6,C,51.6,C,0.0,V,0.0,V,False,False,13.44,1.4,2.7,21.7,63,59,54,0.0,False,original
2017-08-08,127.8,V,127.8,V,,V,0,E,77.0,C,77.0,C,50.5,C,50.5,C,54.7,C,54.7,C,0.0,V,0.0,V,False,True,13.44,1.4,2.7,21.4,64,59,54,0.0,True,7-day window
2017-08-09,127.9,V,127.8,E,,S,0,E,76.1,C,76.1,C,51.3,C,51.3,C,52.7,C,52.7,C,0.0,V,0.0,V,False,True,13.42,1.3,1.8,21.1,64,60,54,0.0,True,7-day window
2017-08-10,127.9,V,127.8,E,,S,0,E,76.8,C,76.8,C,49.1,C,49.1,C,50.4,C,50.4,C,0.0,V,0.0,V,False,True,13.42,1.1,1.5,21.1,64,60,54,0.0,True,7-day window
2017-08-11,127.8,V,127.8,V,0.0,V,0,V,76.3,C,76.3,C,46.8,C,46.8,C,49.3,C,49.3,C,0.0,V,0.0,V,False,False,13.42,1.2,1.4,20.9,64,60,54,0.0,False,original
2017-08-12,127.8,V,127.8,V,0.0,V,0,V,75.6,C,75.6,C,44.4,C,44.4,C,49.6,C,49.6,C,0.0,V,0.0,V,False,False,13.41,0.9,2.0,20.3,63,59,54,0.0,False,original
2017-08-13,127.8,V,127.8,V,,V,0,E,73.9,C,73.9,C,45.9,C,45.9,C,53.2,C,53.2,C,0.0,V,0.0,V,False,True,13.4,0.3,1.3,19.8,63,59,54,0.0,True,31-day fallback window
2017-08-14,127.9,V,127.9,V,,V,0,E,68.9,C,68.9,C,49.5,C,49.5,C,49.5,C,49.5,C,0.0,V,0.0,V,False,True,13.46,0.7,1.8,19.7,62,59,54,0.0,True,31-day fallback window
2017-08-15,127.9,V,127.9,V,,S,0,E,72.5,C,72.5,C,46.8,C,46.8,C,52.7,C,52.7,C,0.0,V,0.0,V,False,True,13.44,0.6,1.0,19.5,63,59,54,0.0,True,31-day fallback window
2017-08-16,127.9,V,127.9,V,,S,0,E,76.1,C,76.1,C,51.8,C,51.8,C,55.4,C,55.4,C,0.0,V,0.0,V,False,True,13.42,0.8,1.7,19.2,63,59,54,0.0,True,31-day fallback window
2017-08-17,127.9,V,127.9,V,,S,0,E,80.8,C,80.8,C,54.1,C,54.1,C,56.5,C,56.5,C,0.0,V,0.0,V,False,True,13.42,1.0,1.7,19.2,64,60,54,0.0,True,31-day fallback window
2017-08-18,127.9,V,127.9,V,,V,0,E,79.7,C,79.7,C,53.1,C,53.1,C,55.0,C,55.0,C,0.0,V,0.0,V,False,True,13.44,0.7,1.0,18.5,62,59,54,0.0,True,31-day fallback window
2017-08-19,127.9,V,127.9,V,,V,0,E,81.3,C,81.3,C,51.6,C,51.6,C,55.6,C,55.6,C,0.0,V,0.0,V,False,True,13.4,0.3,0.7,18.5,65,60,54,0.0,True,31-day fallback window
2017-08-20,127.9,V,127.9,V,0.0,V,0,V,77.7,C,77.7,C,53.2,C,53.2,C,53.2,C,53.2,C,0.0,V,0.0,V,False,False,13.42,0.7,0.4,18.4,62,59,54,0.0,False,original
2017-08-21,127.9,V,127.9,V,,V,0,E,79.0,C,79.0,C,53.2,C,53.2,C,54.5,C,54.5,C,0.0,V,0.0,V,False,True,13.44,0.5,0.9,18.3,62,59,54,0.0,True,31-day fallback window
2017-08-22,127.9,V,127.9,V,,V,0,E,74.8,C,74.8,C,48.6,C,48.6,C,48.6,C,48.6,C,0.0,V,0.0,V,False,True,13.46,0.4,0.5,17.6,61,59,55,0.0,True,31-day fallback window
2017-08-23,127.9,V,127.9,V,,V,0,E,74.8,C,74.8,C,47.5,C,47.5,C,51.4,C,51.4,C,0.0,V,0.0,V,False,True,13.45,0.5,0.1,17.3,62,58,54,0.0,True,31-day fallback window
2017-08-24,128.0,V,127.9,E,,V,0,E,76.5,C,76.5,C,48.4,C,48.4,C,50.9,C,50.9,C,0.0,V,0.0,V,False,True,13.44,0.8,0.4,17.0,63,59,54,0.0,True,31-day fallback window
2017-08-25,128.0,V,127.9,E,,V,0,E,78.3,C,78.3,C,49.6,C,49.6,C,53.8,C,53.8,C,0.0,V,0.0,V,False,True,13.42,0.8,1.0,16.7,65,60,54,0.0,True,31-day fallback window
2017-08-26,128.0,V,127.9,E,,V,0,E,82.9,C,82.9,C,51.3,C,51.3,C,56.8,C,56.8,C,0.0,V,0.0,V,False,True,13.4,0.2,1.1,16.7,66,61,55,0.0,True,31-day fallback window
2017-08-27,127.9,V,127.9,V,,V,0,E,84.9,C,84.9,C,53.4,C,53.4,C,57.0,C,57.0,C,0.0,V,0.0,V,False,True,13.4,0.8,0.8,16.3,66,61,55,0.0,True,31-day fallback window
2017-08-28,127.9,V,127.9,V,,V,0,E,82.8,C,82.8,C,53.8,C,53.8,C,56.5,C,56.5,C,0.0,V,0.0,V,False,True,13.37,0.5,1.0,16.2,67,62,55,,True,7-day window
2017-08-29,0.9,S,127.9,E,,V,0,E,82.4,C,82.4,C,55.0,C,55.0,C,55.9,C,55.9,C,0.0,V,0.0,V,False,True,13.38,0.0,0.7,15.6,65,62,56,0.0,True,31-day fallback window
2017-08-30,0.9,S,127.9,E,,V,0,E,80.6,C,80.6,C,52.0,C,52.0,C,52.0,C,52.0,C,0.1,V,0.0,E,False,True,13.38,0.4,0.5,15.4,66,62,56,0.0,True,31-day fallback window
2017-08-31,0.9,S,127.9,E,,V,0,E,80.6,C,80.6,C,47.5,C,47.5,C,58.8,C,58.8,C,0.1,V,0.0,E,False,True,13.38,0.3,0.4,15.1,66,62,56,0.0,True,31-day fallback window
2017-09-01,112.2,V,127.9,E,,V,0,E,83.1,C,83.1,C,54.0,C,54.0,C,58.5,C,58.5,C,0.0,V,0.0,V,False,True,13.38,0.4,0.7,14.7,67,63,56,0.0,True,31-day fallback window
2017-09-02,112.2,V,127.9,E,,V,0,E,86.9,C,86.9,C,55.0,C,55.0,C,58.8,C,58.8,C,0.1,V,0.0,E,False,True,13.36,0.0,1.1,14.4,69,64,56,0.0,True,31-day fallback window
2017-09-03,112.2,V,127.9,E,,V,0,E,86.0,C,86.0,C,56.8,C,56.8,C,63.0,C,63.0,C,0.1,V,0.0,E,False,True,13.39,0.0,0.3,14.2,66,63,57,0.0,True,31-day fallback window
2017-09-04,112.2,V,127.9,E,,S,0,E,86.4,C,86.4,C,57.9,C,57.9,C,61.0,C,61.0,C,0.1,V,0.0,E,False,True,13.38,0.0,0.9,13.5,67,63,57,0.0,True,31-day fallback window
2017-09-05,128.1,V,128.1,V,,S,0,E,84.9,C,84.9,C,54.1,C,54.1,C,54.1,C,54.1,C,0.1,V,0.0,E,False,True,13.41,0.0,0.0,13.7,65,63,57,0.0,True,31-day fallback window
2017-09-06,128.2,V,128.2,V,,S,0,E,75.6,C,75.6,C,51.1,C,51.1,C,51.6,C,51.6,C,0.1,V,0.0,E,False,True,13.45,0.0,0.5,12.9,63,62,57,0.0,True,31-day fallback window
2017-09-07,128.2,V,128.2,V,0.0,V,0,V,69.6,C,69.6,C,46.0,C,46.0,C,48.2,C,48.2,C,0.1,V,0.0,E,False,False,13.42,0.0,0.5,12.9,64,62,57,0.0,False,original
2017-09-08,128.3,V,128.3,V,,V,0,E,70.3,C,70.3,C,44.1,C,44.1,C,44.1,C,44.1,C,0.1,V,0.0,E,False,True,13.49,0.0,0.2,12.8,62,61,57,0.0,True,31-day fallback window
2017-09-09,128.3,V,128.3,V,,S,0,E,71.2,C,71.2,C,41.9,C,41.9,C,48.7,C,48.7,C,0.1,V,0.0,E,False,True,13.48,0.0,0.7,12.2,63,60,57,0.0,True,31-day fallback window
2017-09-10,128.3,V,128.3,V,,V,0,E,76.1,C,76.1,C,47.8,C,47.8,C,64.2,C,64.2,C,0.1,V,0.0,E,False,True,13.46,0.0,0.7,12.3,65,61,57,0.0,True,31-day fallback window
2017-09-11,128.6,V,128.6,V,,V,0,E,79.2,C,79.2,C,53.2,C,53.2,C,53.8,C,53.8,C,0.2,V,0.0,E,False,True,13.41,0.0,0.1,12.2,67,62,57,0.0,True,31-day fallback window
2017-09-12,128.6,V,128.6,V,,V,0,E,68.4,C,68.4,C,50.2,C,50.2,C,51.8,C,51.8,C,0.1,V,0.0,E,False,True,13.47,0.0,0.0,11.9,62,61,57,0.0,True,7-day window
2017-09-13,128.7,V,128.7,V,0.0,V,0,V,72.9,C,72.9,C,48.2,C,48.2,C,48.2,C,48.2,C,0.1,V,0.0,E,False,False,13.5,0.0,0.7,11.4,62,60,57,0.0,False,original
2017-09-14,128.7,V,128.7,V,0.0,V,0,V,61.0,C,61.0,C,44.2,C,44.2,C,44.2,C,44.2,C,0.1,V,0.0,E,False,False,13.54,0.0,0.6,11.7,60,59,57,0.0,False,original
2017-09-15,128.7,V,128.7,V,0.0,V,0,V,63.1,C,63.1,C,41.7,C,41.7,C,44.4,C,44.4,C,0.0,V,0.0,V,False,False,13.52,0.0,0.2,11.2,62,59,56,0.0,False,original
2017-09-16,128.7,V,128.7,V,0.0,V,0,V,63.3,C,63.3,C,38.7,C,38.7,C,40.1,C,40.1,C,0.0,V,0.0,V,False,False,13.54,0.0,0.3,11.1,61,59,56,0.0,False,original
2017-09-17,128.7,V,128.7,V,0.0,V,0,V,64.8,C,64.8,C,34.3,C,34.3,C,40.8,C,40.8,C,0.0,V,0.0,V,False,False,13.52,0.0,0.2,10.7,62,59,56,0.0,False,original
2017-09-18,128.7,V,128.7,V,0.0,V,0,V,57.6,C,57.6,C,40.1,C,40.1,C,44.2,C,44.2,C,0.1,V,0.0,E,False,False,13.56,0.0,0.0,10.5,58,58,56,0.0,False,original
2017-09-19,128.7,V,128.7,V,1.0,V,0,E,53.8,C,53.8,C,35.4,C,35.4,C,35.4,C,35.4,C,0.0,V,0.0,V,False,False,13.56,0.0,0.1,10.4,60,58,56,0.0,True,7-day window
2017-09-20,129.2,V,129.2,V,,V,0,E,47.5,C,47.5,C,34.5,C,34.5,C,35.2,C,35.2,C,0.0,V,0.0,V,False,True,13.6,0.0,0.0,10.5,53,55,56,0.5,True,7-day window
2017-09-21,129.7,V,129.7,V,,S,2,E,36.1,C,36.1,C,30.6,C,30.6,C,30.7,C,30.7,C,0.2,V,0.2,V,False,True,13.65,0.0,0.0,10.1,48,52,55,1.0,True,7-day window
2017-09-22,129.7,V,129.7,V,2.0,V,2,V,41.0,C,41.0,C,27.9,C,27.9,C,31.8,C,31.8,C,0.0,V,0.2,E,False,False,13.68,0.0,0.0,9.4,49,51,54,2.0,False,original
2017-09-23,129.9,V,129.8,E,,S,1,E,48.7,C,48.7,C,29.5,C,29.5,C,34.7,C,34.7,C,0.2,V,0.2,V,False,True,13.64,0.0,0.0,9.8,51,51,53,1.0,True,31-day fallback window
2017-09-24,129.8,V,129.8,V,,S,0,E,55.6,C,55.6,C,33.1,C,33.1,C,41.2,C,41.2,C,0.1,V,0.0,E,False,True,13.6,0.0,1.4,9.7,53,51,53,1.0,True,31-day fallback window
2017-09-25,129.9,V,129.8,E,,V,0,E,59.4,C,59.4,C,36.3,C,36.3,C,47.5,C,47.5,C,0.1,V,0.0,E,False,True,13.56,0.0,0.3,9.7,55,53,53,1.0,True,31-day fallback window
2017-09-26,129.9,V,129.8,E,,S,0,E,60.1,C,60.1,C,40.1,C,40.1,C,40.1,C,40.1,C,0.2,V,0.0,E,False,True,13.54,0.0,0.8,9.6,56,54,53,1.0,True,31-day fallback window
2017-09-27,129.8,V,129.8,V,0.0,V,0,V,67.3,C,67.3,C,37.9,C,37.9,C,39.7,C,39.7,C,0.1,V,0.0,E,False,False,13.52,0.0,0.4,10.0,58,55,53,0.0,False,original
2017-09-28,129.8,V,129.8,V,,V,0,E,66.2,C,66.2,C,36.5,C,36.5,C,40.8,C,40.8,C,0.1,V,0.0,E,False,True,13.52,0.0,0.5,9.2,59,56,53,1.0,True,31-day fallback window
2017-09-29,129.8,V,129.8,V,,V,0,E,62.6,C,62.6,C,35.8,C,35.8,C,42.8,C,42.8,C,0.1,V,0.0,E,False,True,13.56,0.0,0.0,9.3,56,55,53,1.0,True,7-day window
2017-09-30,129.8,V,129.8,V,,V,0,E,62.4,C,62.4,C,37.9,C,37.9,C,37.9,C,37.9,C,0.1,V,0.0,E,False,True,13.51,0.0,0.5,9.1,58,56,53,1.0,True,7-day window
2017-10-01,0.0,V,0.0,V,1.0,V,0,E,61.0,C,61.0,C,31.6,C,31.6,C,35.8,C,35.8,C,0.1,V,0.0,E,False,False,13.54,0.0,0.1,8.8,58,56,53,1.0,False,original
2017-10-02,0.0,V,0.0,V,1.0,V,0,E,55.0,C,55.0,C,30.6,C,30.6,C,33.6,C,33.6,C,0.0,V,0.0,V,False,False,13.58,0.0,0.7,9.0,56,55,53,1.0,False,original
2017-10-03,,V,0.0,E,2.0,V,0,E,46.0,C,46.0,C,28.4,C,28.4,C,28.4,C,28.4,C,0.0,V,0.0,V,False,True,13.63,0.0,0.9,8.8,54,54,53,1.0,True,7-day window
2017-10-04,0.0,V,0.0,V,1.0,V,0,E,55.6,C,55.6,C,27.0,C,27.0,C,32.4,C,32.4,C,0.1,V,0.0,E,False,False,13.6,0.0,0.2,8.3,55,54,53,1.0,False,original
2017-10-05,0.0,V,0.0,V,1.0,V,0,E,61.7,C,61.7,C,28.9,C,28.9,C,37.9,C,37.9,C,0.1,V,0.0,E,False,False,13.57,0.0,0.6,8.0,56,54,53,1.0,False,original
2017-10-06,0.1,V,0.1,V,1.0,V,0,E,72.7,C,72.7,C,37.8,C,37.8,C,40.5,C,40.5,C,0.1,V,0.0,E,False,False,13.52,0.0,0.4,8.2,59,55,53,1.0,False,original
2017-10-07,0.1,V,0.1,V,1.0,V,0,E,67.8,C,67.8,C,36.9,C,36.9,C,39.2,C,39.2,C,0.1,V,0.0,E,False,False,13.52,0.0,0.6,8.2,59,56,53,1.0,False,original
2017-10-08,0.0,V,0.1,E,0.0,V,0,V,57.0,C,57.0,C,33.3,C,33.3,C,34.9,C,34.9,C,0.1,V,0.0,E,False,False,13.56,0.0,0.5,7.9,56,56,53,1.0,True,7-day window
2017-10-09,0.1,V,0.1,V,1.0,V,0,E,57.7,C,57.7,C,32.5,C,32.5,C,32.5,C,32.5,C,0.1,V,0.0,E,False,False,13.58,0.0,0.0,7.3,56,55,53,1.0,False,original
2017-10-10,0.1,V,0.1,V,0.0,V,0,V,58.8,C,58.8,C,31.6,C,31.6,C,34.5,C,34.5,C,0.1,V,0.0,E,False,False,13.56,0.0,0.0,7.7,55,54,53,0.0,False,original
2017-10-11,0.0,V,0.1,E,2.0,V,0,E,50.0,C,50.0,C,27.3,C,27.3,C,29.3,C,29.3,C,0.0,V,0.0,V,False,False,13.62,0.0,0.3,7.5,53,53,53,2.0,False,original
2017-10-12,0.1,V,0.1,V,2.0,V,0,E,56.5,C,56.5,C,25.5,C,25.5,C,28.4,C,28.4,C,0.1,V,0.0,E,False,False,13.6,0.0,0.4,7.3,53,52,53,2.0,False,original
2017-10-13,0.0,V,0.1,E,1.0,V,0,E,55.6,C,55.6,C,26.8,C,26.8,C,33.8,C,33.8,C,0.1,V,0.0,E,False,False,13.61,0.0,0.0,7.2,53,52,52,1.0,False,original
2017-10-14,0.1,V,0.1,V,2.0,V,0,E,54.9,C,54.9,C,29.3,C,29.3,C,31.5,C,31.5,C,0.1,V,0.0,E,False,False,13.6,0.0,0.2,6.8,53,52,52,2.0,False,original
2017-10-15,0.1,V,0.1,V,2.0,V,0,E,68.9,C,68.9,C,28.9,C,28.9,C,35.2,C,35.2,C,0.1,V,0.0,E,False,False,13.58,0.0,0.6,6.8,54,52,52,1.0,True,7-day window
2017-10-16,0.1,V,0.1,V,1.0,V,0,E,72.0,C,72.0,C,33.6,C,33.6,C,39.0,C,39.0,C,0.2,V,0.0,E,False,False,13.56,0.0,0.2,6.4,55,53,52,1.0,False,original
2017-10-17,0.3,V,0.3,V,1.0,V,0,E,65.1,C,65.1,C,35.1,C,35.1,C,35.1,C,35.1,C,0.1,V,0.0,E,False,False,13.56,0.0,0.2,7.0,55,53,52,1.0,False,original
2017-10-18,0.3,V,0.3,V,1.0,V,0,E,67.8,C,67.8,C,32.7,C,32.7,C,38.3,C,38.3,C,0.2,V,0.0,E,False,False,13.55,0.0,0.0,6.6,56,53,52,1.0,False,original
2017-10-19,0.5,V,0.5,V,1.0,V,0,E,53.8,C,53.8,C,34.7,C,34.7,C,38.3,C,38.3,C,0.4,V,0.0,E,False,False,13.58,0.0,0.4,8.8,53,53,52,1.0,False,original
2017-10-20,1.2,V,1.2,V,2.0,V,1,E,38.5,C,38.5,C,25.2,C,25.2,C,25.2,C,25.2,C,0.2,V,0.2,V,False,False,13.62,0.0,0.0,17.5,45,48,51,1.0,True,7-day window
2017-10-21,1.2,V,1.2,V,0.0,V,0,V,47.5,C,47.5,C,23.5,C,23.5,C,31.8,C,31.8,C,0.2,V,0.0,E,False,False,13.67,0.0,0.1,15.5,46,47,51,1.0,True,7-day window
2017-10-22,1.3,V,1.3,V,1.0,V,0,E,64.0,C,64.0,C,30.6,C,30.6,C,47.5,C,47.5,C,0.3,V,0.0,E,False,False,13.6,0.0,0.0,14.5,50,48,50,1.0,False,original
2017-10-23,1.4,V,1.4,V,,V,0,E,67.6,C,67.6,C,41.9,C,41.9,C,50.0,C,50.0,C,0.4,V,0.0,E,False,True,13.54,0.0,0.0,13.7,52,50,50,1.0,True,7-day window
2017-10-24,1.4,V,1.4,V,,V,0,E,66.9,C,66.9,C,41.9,C,41.9,C,41.7,C,41.7,C,0.4,V,0.0,E,False,True,13.51,0.0,0.1,13.3,53,51,50,0.5,True,7-day window
2017-10-25,1.4,V,1.4,V,1.0,V,0,E,73.4,C,73.4,C,38.7,C,38.7,C,43.7,C,43.7,C,0.3,V,0.0,E,False,False,13.5,0.0,0.0,12.3,55,52,50,0.5,True,7-day window
2017-10-26,1.4,V,1.4,V,0.0,V,0,V,71.8,C,71.8,C,38.1,C,38.1,C,43.5,C,43.5,C,0.3,V,0.0,E,False,False,13.5,0.0,0.2,11.8,55,53,51,0.0,False,original
2017-10-27,1.4,V,1.4,V,,V,0,E,69.8,C,69.8,C,40.8,C,40.8,C,45.7,C,45.7,C,0.3,V,0.0,E,False,True,13.51,0.0,0.3,11.6,55,53,51,0.0,True,7-day window
2017-10-28,1.4,V,1.4,V,0.0,V,0,V,72.5,C,72.5,C,41.0,C,41.0,C,42.3,C,42.3,C,0.3,V,0.0,E,False,False,13.5,0.0,0.0,11.3,55,53,51,0.0,False,original
2017-10-29,1.4,V,1.4,V,0.0,V,0,V,70.3,C,70.3,C,37.9,C,37.9,C,38.8,C,38.8,C,0.3,V,0.0,E,False,False,13.51,0.0,0.0,11.3,55,53,51,0.0,False,original
2017-10-30,1.4,V,1.4,V,0.0,V,0,V,57.0,C,57.0,C,35.8,C,35.8,C,40.3,C,40.3,C,0.2,V,0.0,E,False,False,13.56,0.0,0.0,10.6,53,52,51,0.0,False,original
2017-10-31,1.4,V,1.4,V,1.0,V,0,E,58.8,C,58.8,C,33.6,C,33.6,C,33.6,C,33.6,C,0.2,V,0.0,E,False,False,13.58,0.0,0.0,9.8,52,52,51,0.0,True,7-day window
2017-11-01,1.4,V,1.4,V,0.0,V,0,V,60.1,C,60.1,C,32.0,C,32.0,C,34.2,C,34.2,C,0.2,V,0.0,E,False,False,13.55,0.0,0.0,10.0,52,51,51,0.0,False,original
2017-11-02,1.3,V,1.4,E,0.0,V,0,V,48.0,C,48.0,C,32.7,C,32.7,C,35.8,C,35.8,C,0.2,V,0.0,E,False,False,13.62,0.0,0.0,9.6,50,50,51,0.0,False,original
2017-11-03,2.1,V,2.1,V,2.0,V,2,V,35.8,C,35.8,C,31.8,C,31.8,C,34.0,C,34.0,C,0.5,V,0.2,E,False,False,13.67,0.0,0.0,18.5,42,47,50,2.0,False,original
2017-11-04,3.5,V,3.5,V,4.0,V,4,V,34.3,C,34.3,C,31.5,C,31.5,C,32.2,C,32.2,C,1.6,V,1.4,E,False,False,13.71,0.0,0.0,17.0,40,44,49,4.0,False,original
2017-11-05,3.8,V,3.8,V,,S,5,E,34.5,C,34.5,C,29.3,C,29.3,C,30.2,C,30.2,C,1.6,V,1.5,E,False,True,13.69,0.0,0.0,15.8,40,42,48,3.0,True,7-day window
2017-11-06,3.8,V,3.8,V,,S,5,E,39.4,C,39.4,C,23.5,C,23.5,C,23.5,C,23.5,C,1.5,V,1.4,E,False,True,13.71,0.0,0.0,17.0,38,42,47,4.0,True,7-day window
2017-11-07,3.8,V,3.8,V,,S,5,E,48.4,C,48.4,C,19.4,C,19.4,C,25.2,C,25.2,C,1.6,V,1.4,E,False,True,13.71,0.0,0.4,22.6,37,40,46,2.0,True,31-day fallback window
2017-11-08,3.8,V,3.8,V,5.0,V,5,V,40.6,C,40.6,C,25.2,C,25.2,C,36.5,C,36.5,C,1.4,V,1.2,E,False,False,13.72,0.0,0.7,22.6,38,40,46,5.0,False,original
2017-11-09,5.6,V,5.6,V,,V,4,E,36.7,C,36.7,C,32.0,C,32.0,C,33.1,C,33.1,C,1.2,V,1.0,E,False,True,13.71,0.0,13.8,32.6,36,37,41,3.0,True,31-day fallback window
2017-11-10,5.8,V,5.8,V,,V,3,E,36.3,C,36.3,C,31.6,C,31.6,C,33.1,C,33.1,C,1.0,V,0.8,E,False,True,13.73,0.0,16.3,28.5,37,37,41,4.5,True,31-day fallback window
2017-11-11,5.8,V,5.8,V,,V,2,E,46.4,C,46.4,C,28.9,C,28.9,C,29.1,C,29.1,C,0.8,V,0.6,E,False,True,13.68,0.0,11.5,26.5,40,38,41,5.0,True,31-day fallback window
2017-11-12,5.8,V,5.8,V,,S,2,E,45.7,C,45.7,C,28.9,C,28.9,C,33.8,C,33.8,C,0.8,V,0.6,E,False,True,13.62,0.0,10.0,25.0,39,39,42,5.0,True,31-day fallback window
2017-11-13,6.7,V,6.7,V,,V,1,E,40.1,C,40.1,C,31.1,C,31.1,C,36.0,C,36.0,C,0.8,V,0.5,E,False,True,13.64,0.0,36.9,33.8,36,37,40,5.0,True,31-day fallback window
2017-11-14,6.8,V,6.8,V,,V,1,E,43.7,C,43.7,C,31.8,C,31.8,C,35.2,C,35.2,C,0.5,V,0.5,V,False,True,13.68,0.0,14.2,28.7,39,38,41,11.0,True,7-day window
2017-11-15,9.2,V,9.2,V,2.0,V,6,E,38.8,C,38.8,C,31.1,C,31.1,C,32.9,C,32.9,C,2.6,V,2.6,V,False,False,13.71,0.3,37.7,35.7,33,35,38,2.0,False,original
2017-11-16,13.5,V,13.5,V,11.0,V,13,E,38.5,C,38.5,C,30.9,C,30.9,C,32.0,C,32.0,C,2.7,V,2.7,V,False,False,13.73,0.5,19.2,34.4,33,33,34,11.0,False,original
2017-11-17,14.2,V,14.2,V,14.0,V,14,V,32.9,C,32.9,C,19.9,C,19.9,C,20.1,C,20.1,C,3.0,V,3.0,V,False,False,13.7,1.0,17.6,30.8,33,33,35,14.0,False,original
2017-11-18,14.3,V,14.2,E,5.0,V,15,E,39.0,C,39.0,C,18.1,C,18.1,C,24.6,C,24.6,C,3.1,V,3.1,V,False,False,13.75,0.9,18.2,31.4,33,33,35,5.0,False,original
2017-11-19,14.2,V,14.2,V,9.0,V,14,E,47.8,C,47.8,C,22.5,C,22.5,C,36.1,C,36.1,C,3.0,V,3.0,V,False,False,13.75,1.3,15.1,30.0,33,33,36,9.0,False,original
2017-11-20,15.2,V,15.2,V,,V,15,E,42.1,C,42.1,C,31.8,C,31.8,C,34.2,C,34.2,C,3.1,V,3.1,V,False,True,13.74,2.3,24.0,33.5,33,33,35,10.0,True,7-day window
2017-11-21,15.1,V,15.2,E,14.0,V,14,V,56.7,C,56.7,C,32.9,C,32.9,C,34.0,C,34.0,C,2.8,V,2.9,E,False,False,13.69,2.3,19.8,33.5,33,33,36,14.0,False,original
2017-11-22,15.1,V,15.2,E,9.0,V,12,E,62.6,C,62.6,C,33.1,C,33.1,C,39.7,C,39.7,C,2.6,V,2.6,V,False,False,13.66,2.6,19.3,34.0,36,35,37,9.0,False,original
2017-11-23,15.2,V,15.2,V,11.0,V,10,E,55.9,C,55.9,C,33.3,C,33.3,C,43.9,C,43.9,C,2.3,V,2.3,V,False,False,13.68,2.7,19.7,34.7,38,36,37,11.0,False,original
2017-11-24,15.1,V,15.2,E,12.0,V,9,E,51.4,C,51.4,C,33.8,C,33.8,C,34.2,C,34.2,C,2.1,V,2.1,V,False,False,13.66,2.5,19.6,35.4,40,38,38,12.0,False,original
2017-11-25,15.2,V,15.2,V,11.0,V,8,E,59.4,C,59.4,C,32.5,C,32.5,C,49.6,C,49.6,C,1.9,V,1.9,V,False,False,13.66,2.8,19.6,35.9,40,38,39,11.0,False,original
2017-11-26,16.8,V,16.8,V,8.0,V,8,V,50.0,C,50.0,C,31.8,C,31.8,C,31.8,C,31.8,C,1.8,V,1.8,V,False,False,13.67,6.8,35.6,40.5,36,37,38,8.0,False,original
2017-11-27,17.3,V,17.3,V,,S,12,E,35.4,C,35.4,C,26.6,C,26.6,C,27.7,C,27.7,C,2.1,V,2.2,E,False,True,13.7,4.0,25.9,40.5,35,36,39,11.0,True,7-day window
2017-11-28,17.3,V,17.3,V,,S,12,E,44.1,C,44.1,C,23.5,C,23.5,C,27.1,C,27.1,C,2.3,V,2.2,E,False,True,13.72,4.3,24.5,40.1,35,36,39,11.0,True,7-day window
2017-11-29,17.3,V,17.3,V,10.0,V,12,E,41.4,C,41.4,C,26.6,C,26.6,C,28.0,C,28.0,C,2.1,V,2.2,E,False,False,13.72,4.3,23.7,40.0,35,36,39,10.0,False,original
2017-11-30,17.3,V,17.3,V,13.0,V,12,E,50.5,C,50.5,C,26.6,C,26.6,C,28.2,C,28.2,C,2.2,V,2.2,V,False,False,13.71,4.4,23.0,39.9,36,37,39,13.0,False,original
2017-12-01,17.3,V,17.3,V,12.0,V,12,V,47.8,C,47.8,C,25.3,C,25.3,C,25.9,C,25.9,C,2.5,V,2.2,E,False,False,13.7,4.2,22.6,39.9,36,37,39,12.0,False,original
2017-12-02,17.3,V,17.3,V,12.0,V,12,V,43.9,C,43.9,C,25.3,C,25.3,C,28.4,C,28.4,C,2.2,V,2.2,V,False,False,13.74,4.3,22.1,39.8,35,37,39,12.0,False,original
2017-12-03,17.7,V,17.8,E,16.0,V,16,V,30.0,C,30.0,C,17.6,C,17.6,C,17.6,C,17.6,C,2.7,V,2.7,V,False,False,13.75,4.2,21.6,39.8,35,36,39,16.0,False,original
2017-12-04,17.7,V,17.8,E,16.0,V,16,V,28.9,C,28.9,C,14.9,C,14.9,C,20.1,C,20.1,C,2.7,V,2.7,V,False,False,13.79,3.9,21.5,39.7,35,36,39,16.0,False,original
2017-12-05,17.7,V,17.8,E,16.0,V,16,V,37.9,C,37.9,C,19.4,C,19.4,C,23.2,C,23.2,C,2.4,V,2.7,E,False,False,13.78,3.9,21.3,39.6,35,36,39,16.0,False,original
2017-12-06,17.7,V,17.8,E,16.0,V,16,V,41.0,C,41.0,C,20.3,C,20.3,C,32.5,C,32.5,C,2.2,V,2.7,E,False,False,13.75,4.0,21.2,39.7,34,36,39,16.0,False,original
2017-12-07,17.8,V,17.8,V,15.0,V,15,V,49.8,C,49.8,C,24.6,C,24.6,C,34.7,C,34.7,C,2.3,V,2.7,E,False,False,13.73,4.8,21.2,39.7,34,36,39,15.0,False,original
2017-12-08,17.8,V,17.8,V,14.0,V,14,V,53.8,C,53.8,C,28.6,C,28.6,C,31.1,C,31.1,C,2.6,V,2.7,E,False,False,13.7,4.4,21.4,39.6,34,36,39,15.0,True,7-day window
2017-12-09,17.7,V,17.8,E,14.0,V,14,V,53.8,C,53.8,C,26.6,C,26.6,C,28.9,C,28.9,C,2.3,V,2.7,E,False,False,13.71,4.2,21.4,39.6,34,36,39,14.0,False,original
2017-12-10,17.8,V,17.8,V,14.0,V,14,V,55.8,C,55.8,C,27.1,C,27.1,C,27.7,C,27.7,C,2.1,V,2.7,E,False,False,13.7,4.6,21.4,39.6,35,36,39,14.0,False,original
2017-12-11,17.9,V,17.8,E,15.0,V,15,V,56.7,C,56.7,C,23.7,C,23.7,C,27.9,C,27.9,C,1.7,V,2.7,E,False,False,13.72,4.4,21.2,39.6,35,36,38,15.0,False,original
2017-12-12,17.8,V,17.8,V,15.0,V,15,V,58.8,C,58.8,C,26.2,C,26.2,C,27.7,C,27.7,C,2.2,V,2.7,E,False,False,13.7,4.3,20.8,39.6,35,36,38,15.0,False,original
2017-12-13,17.9,V,17.8,E,14.0,V,14,V,61.5,C,61.5,C,26.4,C,26.4,C,40.6,C,40.6,C,2.5,V,2.7,E,False,False,13.7,4.5,20.6,39.5,35,36,38,14.0,False,original
2017-12-14,17.9,V,17.8,E,12.0,V,12,V,59.9,C,59.9,C,30.0,C,30.0,C,30.7,C,30.7,C,2.9,V,2.7,E,False,False,13.68,4.6,20.1,39.4,36,36,38,12.0,False,original
2017-12-15,17.9,V,17.9,V,14.0,V,14,V,54.9,C,54.9,C,30.0,C,30.0,C,36.1,C,36.1,C,2.8,V,2.8,V,False,False,13.69,4.2,19.3,39.2,37,37,38,14.0,False,original
2017-12-16,17.7,V,17.9,E,14.0,V,14,V,36.3,C,36.3,C,20.8,C,20.8,C,21.2,C,21.2,C,0.8,V,2.8,E,False,False,13.71,4.4,18.8,39.1,35,36,39,14.0,False,original
2017-12-17,17.7,V,17.9,E,15.0,V,15,V,42.6,C,42.6,C,19.9,C,19.9,C,26.6,C,26.6,C,2.3,V,2.8,E,False,False,13.75,4.1,18.1,38.7,34,36,39,15.0,False,original
2017-12-18,17.9,V,17.9,V,14.0,V,14,V,57.2,C,57.2,C,26.4,C,26.4,C,27.9,C,27.9,C,3.0,V,2.8,E,False,False,13.71,4.5,17.8,38.3,35,36,38,14.0,False,original
2017-12-19,17.9,V,17.9,V,13.0,V,13,V,45.7,C,45.7,C,27.3,C,27.3,C,32.5,C,32.5,C,3.0,V,2.8,E,False,False,13.72,4.3,17.3,38.0,36,36,38,13.0,False,original
2017-12-20,18.3,V,18.3,V,18.0,V,18,V,32.9,C,32.9,C,14.7,C,14.7,C,15.8,C,15.8,C,2.9,V,3.4,E,False,False,13.74,4.5,16.9,37.6,35,36,38,18.0,False,original
2017-12-21,18.2,V,18.3,E,18.0,V,18,V,30.9,C,30.9,C,14.7,C,14.7,C,18.0,C,18.0,C,2.6,V,3.4,E,False,False,13.79,4.2,16.3,37.2,35,36,38,18.0,False,original
2017-12-22,18.3,V,18.3,V,17.0,V,17,V,44.4,C,44.4,C,17.4,C,17.4,C,31.6,C,31.6,C,3.1,V,3.4,E,False,False,13.78,4.2,15.6,36.7,34,36,38,17.0,False,original
2017-12-23,18.4,V,18.4,V,16.0,V,16,V,46.0,C,46.0,C,28.4,C,28.4,C,30.4,C,30.4,C,3.1,V,3.5,E,False,False,13.74,4.2,15.4,36.3,34,35,38,16.0,False,original
2017-12-24,18.4,V,18.4,V,14.0,V,14,V,45.7,C,45.7,C,29.1,C,29.1,C,30.2,C,30.2,C,3.1,V,3.5,E,False,False,13.73,3.9,15.4,36.0,34,35,38,14.0,False,original
2017-12-25,18.4,V,18.4,V,17.0,V,17,V,46.6,C,46.6,C,25.9,C,25.9,C,27.7,C,27.7,C,3.0,V,3.5,E,False,False,13.73,4.9,15.0,35.6,34,35,38,16.0,True,7-day window
2017-12-26,18.4,V,18.4,V,16.0,V,16,V,54.9,C,54.9,C,23.9,C,23.9,C,26.6,C,26.6,C,2.9,V,3.5,E,False,False,13.71,5.4,15.3,35.3,34,35,38,16.0,False,original
2017-12-27,18.4,V,18.4,V,16.0,V,16,V,50.9,C,50.9,C,25.2,C,25.2,C,27.5,C,27.5,C,3.0,V,3.5,E,False,False,13.69,4.9,15.2,35.0,34,35,38,16.0,False,original
2017-12-28,18.4,V,18.4,V,16.0,V,16,V,57.9,C,57.9,C,26.2,C,26.2,C,29.5,C,29.5,C,3.5,V,3.5,V,False,False,13.69,4.8,15.1,34.8,34,35,38,16.0,False,original
2017-12-29,18.4,V,18.4,V,16.0,V,16,V,57.7,C,57.7,C,27.1,C,27.1,C,28.6,C,28.6,C,3.5,V,3.5,V,False,False,13.68,5.1,14.6,34.4,34,35,38,16.0,False,original
2017-12-30,18.4,V,18.4,V,16.0,V,16,V,54.0,C,54.0,C,26.6,C,26.6,C,29.1,C,29.1,C,3.4,V,3.5,E,False,False,13.69,4.9,14.3,34.2,35,35,38,16.0,False,original
2017-12-31,18.4,V,18.4,V,15.0,V,15,V,53.4,C,53.4,C,26.8,C,26.8,C,32.5,C,32.5,C,3.5,V,3.5,V,False,False,13.69,4.8,14.0,33.8,35,35,38,15.0,False,original
2018-01-01,18.4,V,18.4,V,15.0,V,15,V,55.8,C,55.8,C,29.7,C,29.7,C,33.3,C,33.3,C,3.6,V,3.5,E,False,False,13.68,5.1,14.0,33.5,37,36,38,15.0,False,original
2018-01-02,18.5,V,18.5,V,15.0,V,15,V,50.5,C,50.5,C,30.6,C,30.6,C,35.8,C,35.8,C,3.6,V,3.6,V,False,False,13.69,4.8,14.0,33.3,37,37,38,15.0,False,original
2018-01-03,18.6,V,18.6,V,14.0,V,14,V,54.9,C,54.9,C,31.6,C,31.6,C,39.4,C,39.4,C,3.4,V,3.4,V,False,False,13.69,4.7,13.7,33.0,38,37,38,14.0,False,original
2018-01-04,19.0,V,19.0,V,14.0,V,14,V,42.3,C,42.3,C,32.5,C,32.5,C,38.7,C,38.7,C,3.1,V,3.1,V,False,False,13.71,5.5,14.2,33.4,38,38,38,14.0,False,original
2018-01-05,20.1,V,20.1,V,12.0,V,12,V,40.1,C,40.1,C,37.0,C,37.0,C,38.5,C,38.5,C,2.8,V,2.8,V,False,False,13.69,7.0,32.8,36.4,38,38,38,13.0,True,7-day window
2018-01-06,20.9,V,20.9,V,13.0,V,13,V,41.9,C,41.9,C,25.9,C,25.9,C,26.2,C,26.2,C,3.0,V,3.0,V,False,False,13.68,6.8,25.1,39.2,39,38,38,13.0,False,original
2018-01-07,20.9,V,20.9,V,12.0,V,12,V,46.6,C,46.6,C,23.9,C,23.9,C,38.1,C,38.1,C,1.5,V,2.8,E,False,False,13.73,6.6,23.3,39.0,36,37,38,12.0,False,original
2018-01-08,22.2,V,22.2,V,9.0,V,9,V,40.6,C,40.6,C,33.8,C,33.8,C,36.0,C,36.0,C,2.3,V,2.6,E,False,False,13.73,8.5,30.7,40.4,37,37,38,9.0,False,original
2018-01-09,23.5,V,23.5,V,11.0,V,11,V,40.6,C,40.6,C,32.7,C,32.7,C,34.3,C,34.3,C,2.1,V,2.4,E,False,False,13.73,9.8,32.0,40.4,37,37,38,11.0,False,original
2018-01-10,23.8,V,23.8,V,13.0,V,13,V,36.3,C,36.3,C,30.6,C,30.6,C,30.6,C,30.6,C,2.4,V,2.4,V,False,False,13.74,9.5,28.1,40.4,35,36,38,13.0,False,original
2018-01-11,23.8,V,23.8,V,13.0,V,13,V,39.2,C,39.2,C,27.1,C,27.1,C,30.9,C,30.9,C,2.2,V,2.4,E,False,False,13.76,8.6,25.3,40.0,34,35,38,13.0,False,original
2018-01-12,23.9,V,23.8,E,12.0,V,12,V,50.2,C,50.2,C,28.4,C,28.4,C,33.1,C,33.1,C,2.2,V,2.4,E,False,False,13.71,8.3,24.2,39.9,36,36,37,12.0,False,original
2018-01-13,23.9,V,23.8,E,12.0,V,12,V,53.2,C,53.2,C,32.7,C,32.7,C,37.0,C,37.0,C,2.5,V,2.4,E,False,False,13.68,8.4,23.3,39.8,38,36,37,12.0,False,original
2018-01-14,23.9,V,23.8,E,12.0,V,12,V,54.0,C,54.0,C,30.0,C,30.0,C,36.0,C,36.0,C,2.5,V,2.4,E,False,False,13.7,8.2,22.9,39.7,38,37,38,12.0,False,original
2018-01-15,23.8,V,23.8,V,12.0,V,12,V,54.1,C,54.1,C,30.9,C,30.9,C,35.4,C,35.4,C,2.4,V,2.4,V,False,False,13.68,7.9,22.7,39.7,38,37,38,12.0,False,original
2018-01-16,24.0,V,24.0,V,12.0,V,12,V,43.7,C,43.7,C,32.5,C,32.5,C,35.1,C,35.1,C,2.3,V,2.3,V,False,False,13.72,7.8,22.6,39.6,38,37,38,12.0,False,original
2018-01-17,24.0,V,24.0,V,11.0,V,11,V,53.2,C,53.2,C,32.4,C,32.4,C,41.9,C,41.9,C,2.1,V,2.1,V,False,False,13.68,7.6,22.8,39.6,40,38,38,12.0,True,7-day window
2018-01-18,24.4,V,24.4,V,15.0,V,15,V,43.9,C,43.9,C,28.9,C,28.9,C,28.6,C,28.6,C,2.3,V,2.3,V,False,False,13.69,8.0,22.6,39.7,38,38,38,15.0,False,original
2018-01-19,25.1,V,25.3,E,,S,18,E,30.6,C,30.6,C,17.8,C,17.8,C,18.1,C,18.1,C,2.7,V,2.9,E,False,True,13.73,8.4,22.8,39.7,36,37,38,13.5,True,7-day window
2018-01-20,25.1,V,25.3,E,,S,16,E,30.9,C,30.9,C,12.6,C,12.6,C,12.7,C,12.7,C,2.9,V,2.9,V,False,True,13.77,8.2,22.6,39.7,35,36,38,15.0,True,7-day window
2018-01-21,25.0,V,25.3,E,15.0,V,15,V,32.2,C,32.2,C,11.8,C,11.8,C,22.6,C,22.6,C,2.4,V,2.9,E,False,False,13.81,8.0,22.3,39.6,35,36,38,15.0,False,original
2018-01-22,25.3,V,25.3,V,,S,15,E,35.2,C,35.2,C,19.9,C,19.9,C,19.9,C,19.9,C,2.6,V,2.9,E,False,True,13.79,8.2,22.3,39.6,35,36,38,23.5,True,7-day window
2018-01-23,25.4,V,25.4,V,17.0,V,17,V,43.7,C,43.7,C,16.5,C,16.5,C,28.2,C,28.2,C,2.2,V,3.0,E,False,False,13.79,9.2,22.3,39.6,34,36,38,17.0,False,original
2018-01-24,26.3,V,26.4,E,30.0,V,30,V,39.0,C,39.0,C,24.4,C,24.4,C,26.2,C,26.2,C,3.0,V,4.1,E,False,False,13.79,8.3,22.5,39.6,34,35,38,30.0,False,original
2018-01-25,26.7,V,27.5,E,39.0,V,39,V,26.2,C,26.2,C,17.1,C,17.1,C,21.7,C,21.7,C,4.0,V,5.2,E,False,False,13.79,8.2,22.5,39.7,34,35,37,39.0,False,original
2018-01-26,27.5,V,27.5,V,36.0,V,36,V,28.9,C,28.9,C,19.9,C,19.9,C,21.2,C,21.2,C,4.4,V,5.2,E,False,False,13.79,8.6,22.3,39.7,34,35,37,36.0,False,original
2018-01-27,27.3,V,27.5,E,33.0,V,33,V,40.6,C,40.6,C,18.3,C,18.3,C,32.4,C,32.4,C,4.7,V,5.2,E,False,False,13.78,10.0,22.8,39.7,34,35,37,33.0,False,original
2018-01-28,27.5,V,27.5,V,30.0,V,30,V,51.4,C,51.4,C,24.1,C,24.1,C,28.9,C,28.9,C,4.8,V,5.2,E,False,False,13.74,10.7,22.8,39.7,34,35,37,30.0,False,original
2018-01-29,27.5,V,27.5,V,29.0,V,29,V,52.9,C,52.9,C,27.7,C,27.7,C,27.7,C,27.7,C,5.0,V,5.2,E,False,False,13.76,9.8,23.0,39.7,34,35,37,29.0,False,original
2018-01-30,27.5,V,27.5,V,27.0,V,27,V,54.9,C,54.9,C,26.4,C,26.4,C,28.2,C,28.2,C,5.1,V,5.2,E,False,False,13.73,11.2,23.0,39.7,34,35,37,27.0,False,original
2018-01-31,27.5,V,27.5,V,26.0,V,26,V,55.2,C,55.2,C,25.9,C,25.9,C,34.3,C,34.3,C,5.2,V,5.2,V,False,False,13.71,11.2,23.0,39.7,34,35,37,26.0,False,original
2018-02-01,27.5,V,27.5,V,24.0,V,24,V,55.4,C,55.4,C,32.9,C,32.9,C,35.8,C,35.8,C,5.2,V,5.2,V,False,False,13.7,11.7,23.3,39.7,34,35,37,24.0,False,original
2018-02-02,27.6,V,27.5,E,23.0,V,23,V,57.2,C,57.2,C,32.2,C,32.2,C,38.5,C,38.5,C,5.2,V,5.2,V,False,False,13.68,11.9,23.7,39.8,34,35,36,23.0,False,original
2018-02-03,27.6,V,27.5,E,23.0,V,23,V,55.9,C,55.9,C,33.1,C,33.1,C,41.4,C,41.4,C,5.1,V,5.1,V,False,False,13.66,12.3,24.1,39.8,34,35,36,23.0,False,original
2018-02-04,27.5,V,27.5,V,22.0,V,22,V,61.2,C,61.2,C,30.9,C,30.9,C,31.1,C,31.1,C,4.9,V,5.0,E,False,False,13.65,11.7,24.1,39.9,39,36,36,22.0,False,original
2018-02-05,27.6,V,27.5,E,21.0,V,21,V,57.7,C,57.7,C,29.3,C,29.3,C,29.3,C,29.3,C,4.8,V,4.8,V,False,False,13.65,11.0,23.9,39.8,41,37,37,21.0,False,original
2018-02-06,27.5,V,27.5,V,19.0,V,19,V,49.8,C,49.8,C,27.3,C,27.3,C,32.9,C,32.9,C,4.5,V,4.6,E,False,False,13.68,10.6,23.9,39.9,40,38,37,19.0,False,original
2018-02-07,27.6,V,27.5,E,19.0,V,19,V,58.1,C,58.1,C,28.0,C,28.0,C,34.3,C,34.3,C,4.4,V,4.4,V,False,False,13.67,10.5,23.8,39.9,41,38,37,19.0,False,original
2018-02-08,27.6,V,27.5,E,19.0,V,19,V,63.3,C,63.3,C,30.4,C,30.4,C,32.9,C,32.9,C,4.2,V,4.2,V,False,False,13.64,10.6,24.0,39.9,43,39,38,19.0,False,original
2018-02-09,27.6,V,27.5,E,19.0,V,19,V,59.2,C,59.2,C,30.2,C,30.2,C,31.1,C,31.1,C,4.1,V,4.1,V,False,False,13.67,10.1,24.0,39.9,42,39,38,19.0,False,original
2018-02-10,27.5,V,27.5,V,18.0,V,18,V,41.9,C,41.9,C,26.6,C,26.6,C,27.7,C,27.7,C,4.0,V,4.0,V,False,False,13.7,10.0,24.0,39.9,39,39,38,19.0,True,7-day window
2018-02-11,27.5,V,27.5,V,19.0,V,19,V,41.7,C,41.7,C,21.2,C,21.2,C,23.0,C,23.0,C,4.4,V,4.0,E,False,False,13.75,10.0,23.7,39.9,36,37,38,19.0,False,original
2018-02-12,27.5,V,27.6,E,20.0,V,20,V,30.7,C,30.7,C,19.0,C,19.0,C,19.0,C,19.0,C,4.7,V,4.1,E,False,False,13.78,10.1,23.5,39.9,35,36,38,19.0,True,7-day window
2018-02-13,27.5,V,27.6,E,20.0,V,20,V,36.9,C,36.9,C,17.4,C,17.4,C,19.6,C,19.6,C,4.6,V,4.1,E,False,False,13.75,10.4,23.5,39.9,35,36,38,20.0,False,original
2018-02-14,27.5,V,27.6,E,19.0,V,19,V,36.5,C,36.5,C,19.4,C,19.4,C,19.8,C,19.8,C,3.4,V,4.1,E,False,False,13.77,10.1,23.2,39.8,35,35,38,19.0,False,original
2018-02-15,27.5,V,27.6,E,20.0,V,20,V,38.8,C,38.8,C,17.1,C,17.1,C,23.0,C,23.0,C,2.2,V,4.1,E,False,False,13.73,9.9,23.0,39.8,36,35,37,20.0,False,original
2018-02-16,27.6,V,27.6,V,18.0,V,18,V,52.3,C,52.3,C,21.6,C,21.6,C,28.0,C,28.0,C,2.9,V,4.1,E,False,False,13.69,9.8,22.3,39.7,38,36,37,20.0,True,7-day window
2018-02-17,27.7,V,27.7,V,18.0,V,18,V,50.5,C,50.5,C,24.3,C,24.3,C,34.5,C,34.5,C,3.8,V,4.2,E,False,False,13.68,9.9,21.6,39.6,40,37,37,20.0,True,7-day window
2018-02-18,28.0,V,28.1,E,22.0,V,22,V,35.2,C,35.2,C,12.9,C,12.9,C,13.1,C,13.1,C,4.4,V,4.4,V,False,False,13.69,9.4,21.6,39.5,37,37,38,22.0,False,original
2018-02-19,28.0,V,28.1,E,22.0,V,22,V,20.5,C,20.5,C,3.6,C,3.6,C,3.6,C,3.6,C,4.8,V,4.4,E,False,False,13.81,9.6,20.9,39.4,35,36,38,22.0,False,original
2018-02-20,28.3,V,28.1,E,22.0,V,22,V,24.4,C,24.4,C,0.5,C,0.5,C,5.7,C,5.7,C,4.6,V,4.4,E,False,False,13.87,9.1,20.0,39.3,35,36,38,22.0,False,original
2018-02-21,28.0,V,28.1,E,22.0,V,22,V,30.9,C,30.9,C,4.5,C,4.5,C,16.7,C,16.7,C,2.6,V,4.4,E,False,False,13.84,9.3,19.1,38.9,34,35,37,22.0,False,original
2018-02-22,27.7,V,28.7,E,,S,28,E,19.8,C,19.8,C,5.9,C,5.9,C,7.3,C,7.3,C,2.9,V,5.0,E,False,True,13.85,8.9,18.4,38.5,34,35,37,23.0,True,7-day window
2018-02-23,28.1,V,28.7,E,28.0,V,28,V,23.9,C,23.9,C,3.0,C,3.0,C,8.2,C,8.2,C,3.7,V,5.0,E,False,False,13.83,8.7,17.9,38.0,34,35,37,28.0,False,original
2018-02-24,28.3,V,28.7,E,26.0,V,26,V,22.6,C,22.6,C,7.3,C,7.3,C,12.0,C,12.0,C,3.6,V,5.0,E,False,False,13.87,8.6,17.2,37.5,33,35,37,26.0,False,original
2018-02-25,28.7,V,28.7,V,24.0,V,24,V,40.3,C,40.3,C,12.0,C,12.0,C,23.2,C,23.2,C,4.0,V,5.0,E,False,False,13.81,9.0,17.3,37.1,33,34,36,24.0,False,original
2018-02-26,28.9,V,29.7,E,43.0,V,43,V,25.2,C,25.2,C,14.4,C,14.4,C,14.4,C,14.4,C,4.7,V,6.0,E,False,False,13.83,8.9,16.8,36.7,33,34,36,43.0,False,original
2018-02-27,30.0,V,29.7,E,40.0,V,40,V,30.2,C,30.2,C,9.7,C,9.7,C,9.9,C,9.9,C,4.8,V,6.0,E,False,False,13.81,8.6,16.5,36.2,33,34,36,40.0,False,original
2018-02-28,29.8,V,29.8,V,,S,38,E,31.6,C,31.6,C,6.1,C,6.1,C,21.7,C,21.7,C,4.8,V,6.1,E,False,True,13.84,8.8,15.9,35.9,33,34,36,41.5,True,7-day window
2018-03-01,32.3,V,32.3,V,,S,56,E,28.2,C,28.2,C,21.7,C,21.7,C,21.7,C,21.7,C,7.3,S,8.3,E,False,True,13.83,8.9,15.5,35.5,33,34,36,55.0,True,7-day window
2018-03-02,33.3,V,34.4,E,,S,76,E,21.7,C,21.7,C,11.8,C,11.8,C,18.0,C,18.0,C,8.9,S,10.4,E,False,True,13.83,8.5,15.5,35.2,33,34,36,65.5,True,7-day window
2018-03-03,34.8,V,34.8,V,71.0,V,71,V,25.2,C,25.2,C,15.6,C,15.6,C,18.3,C,18.3,C,9.6,S,10.8,E,False,False,13.83,8.7,15.0,34.8,33,34,36,71.0,False,original
2018-03-04,34.9,V,34.9,V,67.0,V,67,V,28.9,C,28.9,C,9.5,C,9.5,C,9.5,C,9.5,C,9.7,S,10.9,E,False,False,13.82,8.5,14.9,34.4,33,34,36,67.0,False,original
2018-03-05,35.1,V,35.1,V,64.0,V,64,V,38.1,C,38.1,C,5.2,C,5.2,C,16.7,C,16.7,C,9.9,S,11.1,E,False,False,13.8,8.3,14.9,34.2,33,34,36,64.0,False,original
2018-03-06,35.1,V,35.1,V,59.0,V,59,V,47.5,C,47.5,C,14.7,C,14.7,C,24.6,C,24.6,C,10.2,S,11.1,E,False,False,13.77,8.6,14.6,34.1,33,34,36,59.0,False,original
2018-03-07,35.1,V,35.1,V,56.0,V,56,V,48.4,C,48.4,C,23.0,C,23.0,C,34.9,C,34.9,C,10.4,V,11.1,E,False,False,13.75,9.0,14.7,34.0,33,34,36,56.0,False,original
2018-03-08,35.2,V,35.2,V,53.0,V,53,V,42.4,C,42.4,C,30.2,C,30.2,C,32.9,C,32.9,C,11.0,V,11.2,E,False,False,13.74,9.5,14.6,34.0,33,34,36,53.0,False,original
2018-03-09,35.3,V,35.3,V,52.0,V,52,V,43.5,C,43.5,C,32.5,C,32.5,C,34.5,C,34.5,C,11.2,V,11.3,E,False,False,13.74,9.4,14.9,34.0,33,34,36,52.0,False,original
2018-03-10,35.6,V,35.6,V,,S,49,E,40.1,C,40.1,C,29.7,C,29.7,C,29.7,C,29.7,C,11.6,V,11.6,V,False,True,13.75,9.7,15.0,34.0,33,34,36,52.0,True,7-day window
2018-03-11,35.6,V,35.6,V,48.0,V,48,V,50.5,C,50.5,C,25.3,C,25.3,C,31.1,C,31.1,C,11.5,V,11.5,V,False,False,13.7,13.3,16.5,34.8,33,34,36,48.0,False,original
2018-03-12,35.7,V,35.7,V,42.0,V,42,V,50.5,C,50.5,C,30.7,C,30.7,C,39.7,C,39.7,C,11.4,V,11.4,V,False,False,13.71,14.6,16.8,35.1,33,34,35,50.0,True,7-day window
2018-03-13,37.1,V,37.1,V,,S,49,E,40.3,C,40.3,C,27.3,C,27.3,C,27.3,C,27.3,C,11.6,V,12.7,E,False,True,13.72,39.1,40.8,40.3,33,33,35,48.0,True,7-day window
2018-03-14,37.9,V,37.9,V,,S,63,E,27.7,C,27.7,C,22.3,C,22.3,C,22.3,C,22.3,C,12.3,V,13.5,E,False,True,13.77,39.9,40.9,40.3,33,33,34,48.0,True,7-day window
2018-03-15,38.6,V,38.8,E,71.0,V,71,V,25.0,C,25.0,C,19.9,C,19.9,C,24.3,C,24.3,C,13.6,V,14.3,E,False,False,13.8,30.3,39.5,40.3,33,33,34,71.0,False,original
2018-03-16,41.4,V,41.7,E,,S,85,E,24.6,C,24.6,C,19.4,C,19.4,C,19.4,C,19.4,C,15.8,V,15.8,V,False,True,13.81,23.2,35.7,40.2,33,33,34,76.0,True,7-day window
2018-03-17,42.0,V,42.0,V,,S,88,E,25.2,C,25.2,C,10.2,C,10.2,C,10.2,C,10.2,C,16.1,V,16.1,V,False,True,13.81,19.6,32.7,39.8,33,33,34,73.5,True,7-day window
2018-03-18,42.8,V,42.8,V,81.0,V,81,V,33.6,C,33.6,C,5.4,C,5.4,C,23.4,C,23.4,C,16.2,V,16.4,E,False,False,13.81,18.1,31.1,39.7,33,33,34,81.0,False,original
2018-03-19,42.9,V,42.9,V,76.0,V,76,V,38.3,C,38.3,C,13.6,C,13.6,C,22.3,C,22.3,C,16.3,V,16.5,E,False,False,13.79,17.7,30.3,39.6,33,33,34,76.0,False,original
2018-03-20,43.4,V,43.4,V,71.0,V,71,V,37.2,C,37.2,C,22.1,C,22.1,C,34.2,C,34.2,C,17.0,V,17.0,V,False,False,13.78,28.3,32.0,39.8,33,33,34,71.0,False,original
2018-03-21,45.9,V,45.9,V,64.0,V,64,V,40.3,C,40.3,C,32.4,C,32.4,C,32.7,C,32.7,C,18.1,V,18.3,E,False,False,13.74,36.9,40.8,40.1,33,33,33,64.0,False,original
2018-03-22,49.2,V,49.2,V,,S,66,E,35.2,C,35.2,C,23.4,C,23.4,C,23.4,C,23.4,C,19.9,V,20.1,E,False,True,13.77,31.4,39.5,40.1,32,32,33,72.0,True,7-day window
2018-03-23,49.1,V,49.2,E,66.0,V,66,V,34.2,C,34.2,C,20.7,C,20.7,C,23.5,C,23.5,C,19.9,V,20.1,E,False,False,13.78,24.3,35.2,40.1,33,33,33,66.0,False,original
2018-03-24,49.4,V,50.3,E,77.0,V,77,V,27.3,C,27.3,C,17.2,C,17.2,C,19.0,C,19.0,C,21.0,V,21.2,E,False,False,13.79,22.3,33.2,40.0,33,33,34,77.0,False,original
2018-03-25,50.5,V,50.4,E,73.0,V,73,V,29.5,C,29.5,C,14.5,C,14.5,C,14.7,C,14.7,C,21.3,V,21.5,E,False,False,13.8,20.9,32.0,39.9,33,33,34,73.0,False,original
2018-03-26,50.5,V,50.4,E,71.0,V,71,V,37.8,C,37.8,C,12.9,C,12.9,C,26.6,C,26.6,C,21.5,V,21.5,V,False,False,13.79,20.2,31.6,39.9,33,33,34,71.0,False,original
2018-03-27,50.4,V,50.4,V,67.0,V,67,V,49.3,C,49.3,C,25.2,C,25.2,C,39.4,C,39.4,C,21.5,V,21.5,V,False,False,13.75,21.4,31.8,39.9,33,33,34,67.0,False,original
2018-03-28,50.4,V,50.4,V,64.0,V,64,V,56.5,C,56.5,C,31.6,C,31.6,C,33.6,C,33.6,C,21.2,V,21.2,V,False,False,13.7,22.9,32.8,40.0,33,33,34,64.0,False,original
2018-03-29,50.3,V,50.4,E,62.0,V,62,V,55.6,C,55.6,C,28.4,C,28.4,C,30.2,C,30.2,C,20.9,V,20.9,V,False,False,13.71,22.7,32.8,40.0,33,33,34,62.0,False,original
2018-03-30,50.4,V,50.4,V,60.0,V,60,V,58.8,C,58.8,C,28.2,C,28.2,C,32.2,C,32.2,C,20.5,V,20.5,V,False,False,13.69,23.6,33.3,40.1,33,33,34,60.0,False,original
2018-03-31,50.4,V,50.4,V,58.0,V,58,V,55.0,C,55.0,C,28.2,C,28.2,C,28.9,C,28.9,C,20.2,V,20.2,V,False,False,13.69,24.0,33.7,40.2,33,33,34,58.0,False,original
2018-04-01,50.4,V,50.4,V,56.0,V,56,V,55.0,C,55.0,C,26.6,C,26.6,C,32.5,C,32.5,C,19.6,V,19.6,V,False,False,13.68,24.4,34.3,40.2,33,33,34,56.0,False,original
2018-04-02,50.4,V,50.4,V,55.0,V,55,V,50.4,C,50.4,C,28.2,C,28.2,C,28.2,C,28.2,C,19.2,V,19.2,V,False,False,13.68,24.3,34.3,40.2,33,33,34,55.0,False,original
2018-04-03,50.4,V,50.4,V,51.0,V,51,V,52.9,C,52.9,C,25.3,C,25.3,C,34.5,C,34.5,C,18.6,V,18.6,V,False,False,13.69,24.1,34.3,40.2,33,33,34,51.0,False,original
2018-04-04,50.4,V,50.4,V,49.0,V,49,V,54.7,C,54.7,C,31.1,C,31.1,C,36.1,C,36.1,C,18.0,V,18.0,V,False,False,13.67,24.5,34.3,40.3,33,33,34,49.0,False,original
2018-04-05,50.6,V,50.6,V,48.0,V,48,V,49.6,C,49.6,C,33.1,C,33.1,C,33.6,C,33.6,C,17.7,V,17.7,V,False,False,13.69,24.0,34.2,40.3,33,33,34,48.0,False,original
2018-04-06,52.6,V,52.6,V,45.0,V,45,V,43.2,C,43.2,C,33.6,C,33.6,C,42.8,C,42.8,C,17.1,V,17.1,V,False,False,13.72,31.8,40.7,40.3,33,32,33,45.0,False,original
2018-04-07,54.1,V,54.1,V,45.0,V,45,V,44.6,C,44.6,C,30.2,C,30.2,C,30.2,C,30.2,C,15.9,V,15.9,V,False,False,13.71,29.3,38.2,40.3,35,33,33,45.0,False,original
2018-04-08,54.2,V,54.2,V,42.0,V,42,V,49.8,C,49.8,C,26.6,C,26.6,C,36.3,C,36.3,C,15.7,V,15.7,V,False,False,13.69,26.3,36.0,40.4,39,34,34,42.0,False,original
2018-04-09,54.3,V,54.3,V,40.0,V,40,V,64.6,C,64.6,C,30.7,C,30.7,C,40.5,C,40.5,C,15.0,V,15.0,V,False,False,13.64,25.5,35.6,40.4,43,36,34,40.0,False,original
2018-04-10,54.3,V,54.3,V,40.0,V,40,V,50.2,C,50.2,C,35.1,C,35.1,C,38.7,C,38.7,C,14.7,V,14.8,E,False,False,13.68,24.6,34.8,40.3,39,37,35,40.0,False,original
2018-04-11,54.7,V,54.7,V,45.0,V,45,V,45.9,C,45.9,C,23.9,C,23.9,C,23.9,C,23.9,C,14.7,V,14.7,V,False,False,13.71,23.9,34.2,40.3,38,37,35,45.0,False,original
2018-04-12,55.0,V,55.0,V,44.0,V,44,V,32.5,C,32.5,C,16.3,C,16.3,C,19.9,C,19.9,C,14.8,V,14.8,V,False,False,13.76,22.8,33.2,40.3,36,36,36,44.0,False,original
2018-04-13,55.0,V,55.0,V,41.0,V,41,V,51.8,C,51.8,C,17.4,C,17.4,C,29.1,C,29.1,C,14.7,V,14.7,V,False,False,13.72,23.2,33.3,40.3,35,35,36,41.0,False,original
2018-04-14,55.0,V,55.0,V,38.0,V,38,V,52.9,C,52.9,C,27.7,C,27.7,C,36.7,C,36.7,C,13.9,V,13.9,V,False,False,13.67,23.2,33.7,40.3,39,36,35,38.0,False,original
2018-04-15,55.8,V,55.8,V,48.0,V,48,V,44.8,C,44.8,C,23.4,C,23.4,C,23.5,C,23.5,C,14.3,V,14.3,V,False,False,13.7,22.9,33.4,40.3,37,37,36,48.0,False,original
2018-04-16,56.4,V,56.4,V,48.0,V,48,V,28.4,C,28.4,C,17.4,C,17.4,C,17.4,C,17.4,C,14.6,V,14.6,V,False,False,13.75,22.4,32.8,40.3,36,36,36,48.0,False,original
2018-04-17,56.4,V,56.4,V,45.0,V,45,V,36.7,C,36.7,C,11.8,C,11.8,C,25.5,C,25.5,C,14.5,V,14.6,E,False,False,13.77,22.2,32.8,40.3,35,35,36,45.0,False,original
2018-04-18,56.4,V,56.4,V,44.0,V,44,V,35.2,C,35.2,C,23.9,C,23.9,C,23.9,C,23.9,C,14.6,V,14.6,V,False,False,13.78,21.8,32.5,40.3,35,35,36,44.0,False,original
2018-04-19,56.4,V,56.4,V,43.0,V,43,V,39.4,C,39.4,C,17.1,C,17.1,C,33.8,C,33.8,C,14.5,V,14.5,V,False,False,13.77,21.2,32.0,40.3,34,35,36,43.0,False,original
2018-04-20,56.4,V,56.4,V,40.0,V,42,E,58.1,C,58.1,C,31.1,C,31.1,C,31.8,C,31.8,C,14.2,V,14.2,V,False,False,13.69,22.8,32.9,40.3,34,34,35,40.0,False,original
2018-04-21,56.5,V,56.5,V,37.0,V,40,E,64.6,C,64.6,C,30.2,C,30.2,C,34.2,C,34.2,C,13.4,V,13.4,V,False,False,13.63,23.6,33.2,40.4,39,35,35,37.0,False,original
2018-04-22,56.5,V,56.5,V,35.0,V,37,E,59.2,C,59.2,C,30.6,C,30.6,C,32.2,C,32.2,C,12.5,V,12.5,V,False,False,13.63,23.2,33.4,40.4,41,37,35,35.0,False,original
2018-04-23,56.6,V,56.5,E,31.0,V,34,E,62.4,C,62.4,C,32.2,C,32.2,C,38.5,C,38.5,C,11.4,V,11.4,V,False,False,13.62,23.7,33.2,40.4,44,39,36,31.0,False,original
2018-04-24,56.6,V,56.6,V,28.0,V,31,E,63.5,C,63.5,C,36.9,C,36.9,C,37.8,C,37.8,C,10.3,V,10.3,V,False,False,13.6,23.7,33.0,40.4,45,40,37,28.0,False,original
2018-04-25,56.7,V,56.6,E,26.0,V,27,E,67.5,C,67.5,C,35.8,C,35.8,C,39.0,C,39.0,C,9.0,V,9.0,V,False,False,13.58,23.0,33.0,40.4,46,41,37,26.0,False,original
2018-04-26,56.7,V,56.6,E,22.0,V,23,E,68.0,C,68.0,C,36.7,C,36.7,C,39.7,C,39.7,C,7.7,V,7.7,V,False,False,13.56,23.0,33.0,40.4,48,42,38,22.0,False,original
2018-04-27,56.6,V,56.6,V,19.0,V,19,V,48.0,C,48.0,C,33.1,C,33.1,C,33.1,C,33.1,C,6.4,V,6.4,V,False,False,13.61,23.1,32.9,40.4,46,43,39,19.0,False,original
2018-04-28,56.5,V,56.6,E,18.0,V,18,V,41.7,C,41.7,C,28.9,C,28.9,C,31.1,C,31.1,C,5.9,V,5.9,V,False,False,13.69,23.0,32.5,40.4,42,42,39,18.0,False,original
2018-04-29,56.6,V,56.6,V,,S,17,E,38.1,C,38.1,C,28.2,C,28.2,C,28.9,C,28.9,C,5.6,V,5.6,V,False,True,13.73,22.2,32.2,40.4,40,40,39,18.0,True,7-day window
2018-04-30,56.8,V,56.8,V,,S,16,E,45.3,C,45.3,C,25.3,C,25.3,C,33.1,C,33.1,C,5.3,V,5.3,V,False,True,13.73,22.2,32.3,40.4,40,39,39,15.0,True,7-day window
2018-05-01,56.8,V,56.8,V,15.0,V,14,E,49.5,C,49.5,C,32.4,C,32.4,C,32.4,C,32.4,C,4.4,V,4.4,V,False,False,13.67,22.4,32.2,40.4,41,40,39,15.0,False,original
2018-05-02,56.8,V,56.8,V,13.0,V,10,E,55.2,C,55.2,C,31.6,C,31.6,C,34.3,C,34.3,C,3.2,V,3.2,V,False,False,13.66,22.1,32.3,40.4,42,40,39,13.0,False,original
2018-05-03,56.9,V,56.8,E,9.0,V,5,E,61.7,C,61.7,C,31.1,C,31.1,C,37.9,C,37.9,C,1.6,V,1.6,V,False,False,13.62,22.1,32.1,40.4,45,41,39,9.0,False,original
2018-05-04,56.9,V,56.8,E,5.0,V,0,E,63.7,C,63.7,C,36.7,C,36.7,C,39.4,C,39.4,C,0.5,V,0.0,E,False,False,13.58,22.3,31.9,40.4,47,42,39,5.0,False,original
2018-05-05,56.8,V,56.8,V,6.0,V,0,E,63.5,C,63.5,C,37.0,C,37.0,C,39.2,C,39.2,C,0.5,V,0.0,E,False,False,13.61,22.1,31.7,40.4,46,43,40,6.0,False,original
2018-05-06,56.8,V,56.8,V,5.0,V,0,E,61.2,C,61.2,C,36.3,C,36.3,C,41.2,C,41.2,C,0.4,V,0.0,E,False,False,13.6,21.6,31.6,40.4,46,43,40,5.0,False,original
2018-05-07,56.8,V,56.8,V,5.0,V,0,E,69.6,C,69.6,C,35.4,C,35.4,C,42.8,C,42.8,C,0.4,V,0.0,E,False,False,13.56,21.9,31.4,40.4,48,44,40,5.0,False,original
2018-05-08,56.8,V,56.8,V,4.0,V,0,E,70.9,C,70.9,C,39.2,C,39.2,C,41.9,C,41.9,C,0.4,V,0.0,E,False,False,13.54,21.9,31.2,40.4,49,45,41,5.0,True,7-day window
2018-05-09,56.8,V,56.8,V,4.0,V,0,E,61.9,C,61.9,C,37.2,C,37.2,C,39.4,C,39.4,C,0.4,V,0.0,E,False,False,13.56,21.2,30.9,40.4,49,45,41,5.0,True,7-day window
2018-05-10,56.7,V,56.8,E,6.0,V,0,E,62.6,C,62.6,C,33.6,C,33.6,C,36.1,C,36.1,C,0.4,V,0.0,E,False,False,13.58,21.1,30.7,40.4,48,45,41,6.0,False,original
2018-05-11,56.7,V,56.8,E,6.0,V,0,E,52.3,C,52.3,C,33.3,C,33.3,C,38.3,C,38.3,C,0.4,V,0.0,E,False,False,13.62,21.0,30.6,40.4,47,45,42,6.0,False,original
2018-05-12,56.8,V,56.8,V,6.0,V,0,E,52.0,C,52.0,C,34.3,C,34.3,C,39.9,C,39.9,C,0.4,V,0.0,E,False,False,13.65,20.9,30.6,40.4,45,44,42,6.0,False,original
2018-05-13,56.9,V,56.9,V,6.0,V,0,E,55.4,C,55.4,C,38.8,C,38.8,C,39.0,C,39.0,C,0.4,V,0.0,E,False,False,13.64,20.9,30.6,40.4,46,44,42,6.0,False,original
2018-05-14,57.0,V,57.0,V,6.0,V,0,E,60.4,C,60.4,C,36.5,C,36.5,C,39.7,C,39.7,C,0.4,V,0.0,E,False,False,13.6,20.7,30.4,40.4,47,44,42,6.0,False,original
2018-05-15,57.5,V,57.5,V,4.0,V,0,E,54.7,C,54.7,C,37.2,C,37.2,C,38.5,C,38.5,C,0.4,V,0.0,E,False,False,13.63,21.3,30.8,40.4,46,44,42,4.0,False,original
2018-05-16,57.9,V,57.9,V,1.0,V,0,E,48.7,C,48.7,C,34.3,C,34.3,C,38.3,C,38.3,C,,V,0.0,E,False,True,13.66,21.7,31.3,40.4,43,43,42,1.0,False,original
2018-05-17,57.9,V,57.9,V,1.0,V,0,E,54.1,C,54.1,C,38.1,C,38.1,C,42.1,C,42.1,C,0.0,V,0.0,V,False,False,13.65,21.4,30.9,40.4,45,43,42,1.0,False,original
2018-05-18,57.9,V,57.9,V,1.0,V,0,E,62.4,C,62.4,C,39.0,C,39.0,C,39.0,C,39.0,C,0.0,V,0.0,V,False,False,13.61,21.1,30.7,40.4,46,43,42,1.0,False,original
2018-05-19,58.0,V,58.0,V,1.0,V,0,E,63.3,C,63.3,C,36.7,C,36.7,C,40.3,C,40.3,C,0.0,V,0.0,V,False,False,13.59,20.5,30.3,40.4,47,44,42,1.0,False,original
2018-05-20,58.0,V,58.0,V,1.0,V,0,E,60.6,C,60.6,C,37.8,C,37.8,C,38.1,C,38.1,C,0.0,V,0.0,V,False,False,13.59,20.5,30.2,40.4,47,44,42,1.0,False,original
2018-05-21,58.1,V,58.1,V,1.0,V,0,E,60.8,C,60.8,C,37.8,C,37.8,C,43.2,C,43.2,C,0.0,V,0.0,V,False,False,13.6,20.4,29.9,40.4,48,45,42,1.0,False,original
2018-05-22,58.2,V,58.2,V,,S,0,E,61.7,C,61.7,C,39.4,C,39.4,C,45.7,C,45.7,C,0.0,V,0.0,V,False,True,13.6,20.8,30.0,40.4,47,45,42,1.0,True,7-day window
2018-05-23,58.3,V,58.3,V,1.0,V,0,E,57.0,C,57.0,C,40.5,C,40.5,C,40.6,C,40.6,C,0.0,V,0.0,V,False,False,13.59,20.8,30.0,40.4,48,45,43,1.0,False,original
2018-05-24,58.4,V,58.4,V,0.0,V,0,V,62.4,C,62.4,C,37.8,C,37.8,C,44.6,C,44.6,C,0.0,V,0.0,V,False,False,13.6,20.7,29.8,40.4,47,45,43,1.0,True,7-day window
2018-05-25,59.0,V,59.0,V,1.0,V,0,E,45.9,C,45.9,C,37.0,C,37.0,C,37.0,C,37.0,C,,V,0.0,E,False,True,13.62,21.3,30.5,40.4,45,45,43,1.0,False,original
2018-05-26,59.0,V,59.0,V,1.0,V,0,E,43.7,C,43.7,C,36.7,C,36.7,C,37.9,C,37.9,C,,V,0.0,E,False,True,13.67,20.8,30.2,40.4,44,44,43,1.0,False,original
2018-05-27,59.1,V,59.1,V,1.0,V,0,E,61.0,C,61.0,C,37.4,C,37.4,C,46.9,C,46.9,C,0.0,V,0.0,V,False,False,13.59,20.4,30.0,40.4,47,44,43,1.0,False,original
2018-05-28,59.1,V,59.1,V,0.0,V,0,V,69.6,C,69.6,C,41.7,C,41.7,C,49.3,C,49.3,C,0.0,V,0.0,V,False,False,13.54,20.7,29.5,40.4,50,45,43,1.0,True,7-day window
2018-05-29,59.1,V,59.1,V,1.0,V,0,E,71.8,C,71.8,C,44.6,C,44.6,C,46.4,C,46.4,C,0.0,V,0.0,V,False,False,13.52,19.6,29.1,40.3,51,47,43,1.0,False,original
2018-05-30,59.1,V,59.1,V,1.0,V,0,E,66.0,C,66.0,C,42.3,C,42.3,C,42.3,C,42.3,C,0.0,V,0.0,V,False,False,13.53,18.9,27.6,40.2,51,47,44,1.0,False,original
2018-05-31,59.0,V,59.1,E,2.0,V,0,E,53.2,C,53.2,C,32.7,C,32.7,C,32.7,C,32.7,C,,V,0.0,E,False,True,13.58,17.4,25.4,40.1,49,47,44,0.0,True,7-day window
2018-06-01,59.1,V,59.1,V,0.0,V,0,V,70.0,C,70.0,C,31.1,C,31.1,C,51.8,C,51.8,C,0.0,V,0.0,V,False,False,13.57,16.5,23.2,39.9,50,47,44,0.0,False,original
2018-06-02,59.1,V,59.1,V,0.0,V,0,V,77.7,C,77.7,C,47.5,C,47.5,C,50.4,C,50.4,C,0.0,V,0.0,V,False,False,13.5,15.4,21.7,39.6,53,48,44,0.0,False,original
2018-06-03,59.1,V,59.1,V,0.0,V,0,V,76.1,C,76.1,C,45.9,C,45.9,C,48.4,C,48.4,C,0.0,V,0.0,V,False,False,13.48,14.3,20.1,39.1,54,49,45,0.0,False,original
2018-06-04,59.1,V,59.1,V,0.0,V,0,V,72.9,C,72.9,C,44.4,C,44.4,C,46.6,C,46.6,C,0.0,V,0.0,V,False,False,13.5,13.5,19.0,38.6,54,50,45,0.0,False,original
2018-06-05,59.0,V,59.1,E,1.0,V,0,E,69.6,C,69.6,C,42.3,C,42.3,C,44.2,C,44.2,C,0.0,V,0.0,V,False,False,13.5,12.5,17.9,38.0,53,50,46,0.0,True,7-day window
2018-06-06,59.1,V,59.1,V,1.0,V,0,E,67.3,C,67.3,C,43.0,C,43.0,C,43.7,C,43.7,C,0.0,V,0.0,V,False,False,13.52,11.6,17.1,37.5,53,50,46,1.0,False,original
2018-06-07,59.0,V,59.1,E,1.0,V,0,E,66.6,C,66.6,C,40.1,C,40.1,C,41.0,C,41.0,C,0.0,V,0.0,V,False,False,13.53,11.2,16.4,36.9,53,49,46,1.0,False,original
2018-06-08,59.1,V,59.1,V,0.0,V,0,V,68.7,C,68.7,C,38.1,C,38.1,C,47.7,C,47.7,C,,V,0.0,E,False,True,13.54,11.0,16.0,36.1,53,49,46,1.0,True,7-day window
2018-06-09,59.0,V,59.1,E,1.0,V,0,E,56.5,C,56.5,C,36.9,C,36.9,C,36.9,C,36.9,C,,V,0.0,E,False,True,13.56,10.2,15.2,35.5,51,50,46,1.0,False,original
2018-06-10,59.0,V,59.1,E,1.0,V,0,E,62.1,C,62.1,C,30.6,C,30.6,C,40.5,C,40.5,C,,V,0.0,E,False,True,13.58,9.6,14.8,34.8,51,49,46,0.0,True,7-day window
2018-06-11,59.1,V,59.1,V,0.0,V,0,V,74.1,C,74.1,C,38.3,C,38.3,C,51.4,C,51.4,C,0.0,V,0.0,V,False,False,13.52,9.5,14.3,34.1,54,49,46,0.0,False,original
2018-06-12,59.1,V,59.1,V,0.0,V,0,V,79.9,C,79.9,C,48.0,C,48.0,C,49.5,C,49.5,C,0.0,V,0.0,V,False,False,13.47,8.9,13.4,33.3,56,51,46,0.0,False,original
2018-06-13,59.1,V,59.1,V,0.0,V,0,V,75.9,C,75.9,C,45.5,C,45.5,C,52.0,C,52.0,C,0.0,V,0.0,V,False,False,13.47,7.9,13.3,32.6,56,51,47,0.0,False,original
2018-06-14,59.1,V,59.1,V,0.0,V,0,V,74.1,C,74.1,C,46.4,C,46.4,C,53.4,C,53.4,C,0.0,V,0.0,V,False,False,13.47,7.7,12.5,32.0,56,52,47,0.0,False,original
2018-06-15,59.1,V,59.1,V,1.0,V,0,E,69.1,C,69.1,C,44.6,C,44.6,C,44.6,C,44.6,C,0.0,V,0.0,V,False,False,13.48,7.4,12.1,31.3,56,52,47,0.0,True,7-day window
2018-06-16,59.0,V,59.1,E,0.0,V,0,V,64.8,C,64.8,C,41.2,C,41.2,C,47.7,C,47.7,C,0.0,V,0.0,V,False,False,13.51,6.4,11.8,30.8,54,51,47,0.0,False,original
2018-06-17,59.0,V,59.1,E,1.0,V,0,E,53.1,C,53.1,C,40.1,C,40.1,C,40.1,C,40.1,C,0.0,V,0.0,V,False,False,13.54,6.6,11.9,30.4,51,51,47,0.0,True,7-day window
2018-06-18,59.1,V,59.1,V,0.0,V,0,V,64.9,C,64.9,C,36.1,C,36.1,C,49.3,C,49.3,C,0.0,V,0.0,V,False,False,13.57,6.7,11.5,30.0,51,49,47,0.0,False,original
2018-06-19,59.1,V,59.1,V,0.0,V,0,V,73.2,C,73.2,C,44.1,C,44.1,C,51.6,C,51.6,C,0.0,V,0.0,V,False,False,13.5,5.7,11.4,29.5,55,50,47,0.0,False,original
2018-06-20,59.1,V,59.1,V,0.0,V,0,V,75.7,C,75.7,C,45.9,C,45.9,C,46.6,C,46.6,C,0.0,V,0.0,V,False,False,13.47,5.5,11.0,29.0,56,51,47,0.0,False,original
2018-06-21,59.0,V,59.1,E,0.0,V,0,V,75.2,C,75.2,C,41.0,C,41.0,C,46.0,C,46.0,C,0.0,V,0.0,V,False,False,13.48,5.1,10.4,28.5,56,52,47,0.0,False,original
2018-06-22,59.1,V,59.1,V,0.0,V,0,V,78.8,C,78.8,C,43.9,C,43.9,C,52.0,C,52.0,C,0.0,V,0.0,V,False,False,13.47,5.3,10.2,28.0,57,52,48,0.0,False,original
2018-06-23,59.1,V,59.1,V,,V,0,E,80.6,C,80.6,C,48.6,C,48.6,C,56.8,C,56.8,C,0.0,V,0.0,V,False,True,13.44,4.7,9.7,27.6,58,53,48,0.0,True,7-day window
2018-06-24,59.1,V,59.1,V,0.0,V,0,V,82.0,C,82.0,C,53.6,C,53.6,C,53.6,C,53.6,C,0.0,V,0.0,V,False,False,13.42,4.3,9.1,27.1,60,54,48,0.0,False,original
2018-06-25,59.1,V,59.1,V,0.0,V,0,V,79.7,C,79.7,C,48.2,C,48.2,C,50.5,C,50.5,C,0.0,V,0.0,V,False,False,13.43,3.9,8.9,26.6,59,54,49,0.0,False,original
2018-06-26,59.1,V,59.1,V,0.0,V,0,V,78.8,C,78.8,C,46.0,C,46.0,C,50.4,C,50.4,C,0.0,V,0.0,V,False,False,13.45,3.4,8.6,26.3,59,54,49,0.0,False,original
2018-06-27,59.1,V,59.1,V,0.0,V,0,V,77.2,C,77.2,C,46.9,C,46.9,C,50.2,C,50.2,C,0.0,V,0.0,V,False,False,13.44,3.2,8.1,26.0,58,54,49,0.0,False,original
2018-06-28,59.0,V,59.1,E,0.0,V,0,V,67.8,C,67.8,C,44.2,C,44.2,C,45.3,C,45.3,C,0.0,V,0.0,V,False,False,13.49,3.2,7.9,25.6,58,54,49,0.0,False,original
2018-06-29,59.1,V,59.1,V,,V,0,E,73.4,C,73.4,C,44.8,C,44.8,C,56.5,C,56.5,C,,V,0.0,E,False,True,13.47,3.4,7.7,25.4,58,54,49,0.0,True,7-day window
2018-06-30,59.1,V,59.1,V,0.0,V,0,V,76.8,C,76.8,C,50.0,C,50.0,C,56.1,C,56.1,C,0.0,V,0.0,V,False,False,13.45,2.8,7.0,25.0,59,54,50,0.0,False,original
2018-07-01,59.1,V,59.1,V,0.0,V,0,V,81.1,C,81.1,C,49.6,C,49.6,C,54.0,C,54.0,C,,V,0.0,E,False,True,13.42,3.0,6.6,24.8,60,55,50,0.0,False,original
2018-07-02,59.2,V,59.1,E,0.0,V,0,V,78.3,C,78.3,C,50.5,C,50.5,C,51.1,C,51.1,C,0.0,V,0.0,V,False,False,13.43,2.3,6.3,24.3,60,56,50,0.0,False,original
2018-07-03,59.1,V,59.1,V,0.0,V,0,V,74.5,C,74.5,C,47.7,C,47.7,C,50.2,C,50.2,C,,V,0.0,E,False,True,13.45,2.2,6.4,24.3,60,56,50,0.0,False,original
2018-07-04,59.1,V,59.1,V,0.0,V,0,V,72.9,C,72.9,C,46.4,C,46.4,C,50.4,C,50.4,C,,V,0.0,E,False,True,13.46,2.0,6.1,23.9,59,56,51,0.0,False,original
2018-07-05,59.1,V,59.1,V,0.0,V,0,V,71.6,C,71.6,C,47.5,C,47.5,C,52.9,C,52.9,C,0.0,V,0.0,V,False,False,13.47,1.7,6.2,23.5,59,55,51,0.0,False,original
2018-07-06,59.1,V,59.1,V,,V,0,E,75.9,C,75.9,C,50.2,C,50.2,C,52.3,C,52.3,C,0.0,V,0.0,V,False,True,13.45,2.3,5.4,23.4,60,56,51,0.0,True,7-day window
2018-07-07,59.1,V,59.1,V,0.0,V,0,V,78.8,C,78.8,C,48.2,C,48.2,C,54.5,C,54.5,C,0.0,V,0.0,V,False,False,13.35,2.0,5.3,23.0,61,56,51,0.0,False,original
2018-07-08,59.1,V,59.1,V,0.0,V,0,V,79.2,C,79.2,C,49.3,C,49.3,C,55.0,C,55.0,C,,V,0.0,E,False,True,13.4,2.3,4.8,22.9,61,57,51,0.0,False,original
2018-07-09,59.1,V,59.1,V,0.0,V,0,V,78.4,C,78.4,C,50.9,C,50.9,C,52.0,C,52.0,C,0.0,V,0.0,V,False,False,13.43,1.8,4.4,22.5,61,57,51,0.0,False,original
2018-07-10,59.1,V,59.1,V,0.0,V,0,V,78.8,C,78.8,C,48.7,C,48.7,C,51.1,C,51.1,C,0.0,V,0.0,V,False,False,13.42,1.6,4.6,21.9,61,57,51,0.0,False,original
2018-07-11,59.1,V,59.1,V,,V,0,E,81.7,C,81.7,C,49.5,C,49.5,C,55.2,C,55.2,C,0.0,V,0.0,V,False,True,13.41,1.0,4.0,21.9,62,58,52,0.0,True,7-day window
2018-07-12,59.2,V,59.2,V,,V,0,E,82.4,C,82.4,C,52.3,C,52.3,C,57.6,C,57.6,C,0.0,V,0.0,V,False,True,13.4,1.9,3.8,21.5,63,58,52,0.0,True,7-day window
2018-07-13,59.2,V,59.2,V,,V,0,E,78.4,C,78.4,C,54.1,C,54.1,C,56.8,C,56.8,C,0.0,V,0.0,V,False,True,13.42,1.0,3.5,21.3,64,59,52,0.0,True,31-day fallback window
2018-07-14,59.2,V,59.2,V,,V,0,E,81.5,C,81.5,C,53.6,C,53.6,C,61.5,C,61.5,C,0.0,V,0.0,V,False,True,13.38,1.0,3.1,21.0,64,59,52,0.0,True,31-day fallback window
2018-07-15,59.2,V,59.2,V,0.0,V,0,V,82.2,C,82.2,C,53.8,C,53.8,C,54.0,C,54.0,C,0.0,V,0.0,V,False,False,13.37,1.1,3.1,20.8,64,60,53,0.0,False,original
2018-07-16,59.2,V,59.2,V,,V,0,E,80.6,C,80.6,C,52.9,C,52.9,C,54.1,C,54.1,C,,V,0.0,E,False,True,13.39,0.8,3.4,20.4,64,60,53,0.0,True,7-day window
2018-07-17,59.2,V,59.2,V,0.0,V,0,V,84.0,C,84.0,C,51.4,C,51.4,C,51.4,C,51.4,C,,V,0.0,E,False,True,13.39,1.3,1.6,19.9,64,60,53,0.0,False,original
2018-07-18,59.1,V,59.2,E,,V,0,E,84.2,C,84.2,C,50.5,C,50.5,C,55.2,C,55.2,C,,V,0.0,E,False,True,13.39,1.2,1.8,19.6,64,60,53,0.0,True,7-day window
2018-07-19,59.2,V,59.2,V,0.0,V,0,V,85.1,C,85.1,C,52.7,C,52.7,C,54.9,C,54.9,C,,V,0.0,E,False,True,13.38,1.0,1.4,19.1,65,60,53,0.0,False,original
2018-07-20,59.2,V,59.2,V,,V,0,E,80.4,C,80.4,C,52.2,C,52.2,C,57.6,C,57.6,C,,V,0.0,E,False,True,13.39,0.5,1.2,18.5,64,60,54,0.0,True,31-day fallback window
2018-07-21,59.2,V,59.2,V,,S,0,E,79.0,C,79.0,C,54.9,C,54.9,C,57.7,C,57.7,C,,V,0.0,E,False,True,13.38,0.9,1.3,18.2,65,60,54,0.0,True,31-day fallback window
2018-07-22,59.2,V,59.2,V,,S,0,E,78.6,C,78.6,C,55.4,C,55.4,C,59.9,C,59.9,C,0.0,V,0.0,V,False,True,13.38,0.6,1.3,18.2,65,61,54,0.0,True,31-day fallback window
2018-07-23,59.2,V,59.2,V,,S,0,E,81.9,C,81.9,C,55.0,C,55.0,C,60.6,C,60.6,C,,V,0.0,E,False,True,13.37,0.1,1.3,17.6,66,61,54,0.0,True,31-day fallback window
2018-07-24,59.2,V,59.2,V,,V,0,E,83.1,C,83.1,C,56.5,C,56.5,C,56.5,C,56.5,C,,V,0.0,E,False,True,13.35,0.6,0.9,17.0,66,61,54,0.0,True,31-day fallback window
2018-07-25,59.2,V,59.2,V,,V,0,E,85.6,C,85.6,C,52.0,C,52.0,C,59.9,C,59.9,C,,V,0.0,E,False,True,13.37,0.6,1.5,16.8,66,61,54,0.0,True,31-day fallback window
2018-07-26,59.2,V,59.2,V,,V,0,E,88.5,C,88.5,C,58.1,C,58.1,C,58.1,C,58.1,C,,V,0.0,E,False,True,13.36,0.0,0.8,15.8,66,62,54,0.0,True,7-day window
2018-07-27,59.1,V,59.2,E,0.0,V,0,V,84.2,C,84.2,C,54.5,C,54.5,C,54.7,C,54.7,C,0.0,V,0.0,V,False,False,13.37,0.0,0.4,15.8,66,61,55,0.0,False,original
2018-07-28,59.1,V,59.2,E,0.0,V,0,V,84.6,C,84.6,C,50.5,C,50.5,C,54.0,C,54.0,C,,V,0.0,E,False,True,13.38,0.0,0.5,15.1,65,61,55,0.0,False,original
2018-07-29,59.2,V,59.2,V,0.0,V,0,V,85.5,C,85.5,C,51.6,C,51.6,C,57.7,C,57.7,C,0.0,V,0.0,V,False,False,13.39,0.0,0.7,14.9,64,61,55,0.0,False,original
2018-07-30,59.2,V,59.2,V,,V,0,E,84.6,C,84.6,C,55.4,C,55.4,C,61.9,C,61.9,C,,V,0.0,E,False,True,13.38,0.0,1.1,14.3,65,61,55,0.0,True,7-day window
2018-07-31,59.2,V,59.2,V,0.0,V,0,V,84.7,C,84.7,C,59.5,C,59.5,C,59.5,C,59.5,C,,V,0.0,E,False,True,13.36,0.0,1.1,13.7,66,62,55,0.0,False,original
2018-08-01,59.2,V,59.2,V,0.0,V,0,V,82.6,C,82.6,C,54.5,C,54.5,C,56.8,C,56.8,C,,V,0.0,E,False,True,13.36,0.0,0.2,13.3,65,62,55,0.0,False,original
2018-08-02,59.1,V,59.2,E,0.0,V,0,V,81.0,C,81.0,C,52.0,C,52.0,C,52.7,C,52.7,C,,V,0.0,E,False,True,13.39,0.0,0.4,13.3,65,61,55,0.0,False,original
2018-08-03,59.1,V,59.2,E,0.0,V,0,V,78.6,C,78.6,C,48.2,C,48.2,C,52.0,C,52.0,C,,V,0.0,E,False,True,13.42,0.0,0.8,12.7,63,60,55,0.0,False,original
2018-08-04,59.1,V,59.2,E,1.0,V,0,E,74.5,C,74.5,C,46.9,C,46.9,C,46.8,C,46.8,C,,V,0.0,E,False,True,13.44,0.0,0.9,12.2,63,60,55,0.0,True,7-day window
2018-08-05,59.1,V,59.2,E,0.0,V,0,V,76.5,C,76.5,C,41.9,C,41.9,C,48.2,C,48.2,C,,V,0.0,E,False,True,13.44,0.0,0.2,11.4,62,59,55,0.0,False,original
2018-08-06,59.1,V,59.2,E,,V,0,E,80.2,C,80.2,C,46.2,C,46.2,C,56.5,C,56.5,C,,V,0.0,E,False,True,13.42,0.0,0.2,11.2,63,59,55,0.0,True,7-day window
2018-08-07,59.2,V,59.2,V,0.0,V,0,V,86.0,C,86.0,C,55.9,C,55.9,C,56.8,C,56.8,C,0.0,V,0.0,V,False,False,13.38,0.0,0.3,11.0,64,60,55,0.0,False,original
2018-08-08,59.2,V,59.2,V,,V,0,E,83.8,C,83.8,C,53.8,C,53.8,C,55.8,C,55.8,C,,V,0.0,E,False,True,13.36,0.0,0.5,10.5,65,61,55,0.0,True,7-day window
2018-08-09,59.2,V,59.2,V,,V,0,E,87.8,C,87.8,C,53.1,C,53.1,C,59.7,C,59.7,C,,V,0.0,E,False,True,13.37,0.0,0.6,10.1,65,61,55,0.0,True,31-day fallback window
2018-08-10,59.2,V,59.2,V,,V,0,E,84.9,C,84.9,C,54.1,C,54.1,C,58.1,C,58.1,C,,V,0.0,E,False,True,13.36,0.0,0.6,9.8,66,61,55,0.0,True,31-day fallback window
2018-08-11,59.2,V,59.2,V,0.0,V,0,V,83.7,C,83.7,C,53.2,C,53.2,C,57.2,C,57.2,C,,V,0.0,E,False,True,13.37,0.0,0.4,9.2,65,62,56,0.0,False,original
2018-08-12,59.2,V,59.2,V,,V,0,E,81.9,C,81.9,C,52.9,C,52.9,C,55.9,C,55.9,C,,V,0.0,E,False,True,13.38,0.0,0.5,8.6,65,62,56,0.0,True,31-day fallback window
2018-08-13,59.2,V,59.2,V,,V,0,E,80.2,C,80.2,C,53.1,C,53.1,C,55.9,C,55.9,C,,V,0.0,E,False,True,13.38,0.0,0.3,8.4,66,62,56,0.0,True,31-day fallback window
2018-08-14,59.3,V,59.2,E,,S,0,E,81.5,C,81.5,C,53.1,C,53.1,C,62.4,C,62.4,C,,V,0.0,E,False,True,13.37,0.0,0.5,8.1,66,62,56,0.0,True,31-day fallback window
2018-08-15,59.2,V,59.2,V,0.0,V,0,V,81.1,C,81.1,C,54.0,C,54.0,C,55.6,C,55.6,C,,V,0.0,E,False,True,13.37,0.0,0.4,8.0,66,62,56,0.0,False,original
2018-08-16,59.2,V,59.2,V,,S,0,E,80.1,C,80.1,C,52.3,C,52.3,C,55.2,C,55.2,C,,V,0.0,E,False,True,13.38,0.0,0.0,7.4,66,62,56,0.0,True,31-day fallback window
2018-08-17,59.2,V,59.2,V,,S,0,E,79.2,C,79.2,C,51.1,C,51.1,C,52.0,C,52.0,C,,V,0.0,E,False,True,13.38,0.0,0.2,7.0,66,62,57,0.0,True,31-day fallback window
2018-08-18,59.2,V,59.2,V,,V,0,E,81.7,C,81.7,C,47.5,C,47.5,C,53.1,C,53.1,C,,V,0.0,E,False,True,13.38,0.0,0.3,6.8,65,62,57,0.0,True,31-day fallback window
2018-08-19,59.2,V,59.2,V,0.0,V,0,V,82.6,C,82.6,C,50.9,C,50.9,C,53.4,C,53.4,C,,V,0.0,E,False,True,13.38,0.0,0.4,6.7,65,62,57,0.0,False,original
2018-08-20,59.2,V,59.2,V,,V,0,E,78.3,C,78.3,C,48.2,C,48.2,C,50.0,C,50.0,C,,V,0.0,E,False,True,13.4,0.0,0.6,6.4,65,62,57,0.0,True,31-day fallback window
2018-08-21,59.1,V,59.2,E,,V,0,E,73.8,C,73.8,C,45.0,C,45.0,C,47.5,C,47.5,C,,V,0.0,E,False,True,13.42,0.0,0.0,6.0,64,62,57,0.0,True,7-day window
2018-08-22,59.2,V,59.2,V,0.0,V,0,V,74.5,C,74.5,C,42.4,C,42.4,C,46.9,C,46.9,C,,V,0.0,E,False,True,13.44,0.0,0.0,5.9,64,61,57,0.0,False,original
2018-08-23,59.2,V,59.2,V,,V,0,E,74.3,C,74.3,C,43.2,C,43.2,C,49.1,C,49.1,C,,V,0.0,E,False,True,13.43,0.0,0.4,5.7,63,61,57,0.0,True,7-day window
2018-08-24,59.2,V,59.2,V,0.0,V,0,V,71.1,C,71.1,C,45.5,C,45.5,C,45.3,C,45.3,C,,V,0.0,E,False,True,13.43,0.0,0.3,5.5,63,61,57,0.0,False,original
2018-08-25,59.2,V,59.2,V,,V,0,E,71.2,C,71.2,C,40.1,C,40.1,C,44.1,C,44.1,C,,V,0.0,E,False,True,13.46,0.0,0.2,5.6,62,60,57,0.0,True,7-day window
2018-08-26,59.2,V,59.2,V,0.0,V,0,V,69.8,C,69.8,C,40.5,C,40.5,C,49.3,C,49.3,C,,V,0.0,E,False,True,13.46,0.0,0.0,5.4,62,60,57,0.0,False,original
2018-08-27,59.2,V,59.2,V,,S,0,E,68.9,C,68.9,C,47.3,C,47.3,C,47.3,C,47.3,C,,V,0.0,E,False,True,13.44,0.0,0.0,5.2,63,60,57,0.0,True,7-day window
2018-08-28,59.2,V,59.2,V,,S,0,E,73.9,C,73.9,C,46.8,C,46.8,C,50.5,C,50.5,C,,V,0.0,E,False,True,13.41,0.0,0.0,4.7,64,61,57,0.0,True,31-day fallback window
2018-08-29,59.2,V,59.2,V,,S,0,E,71.6,C,71.6,C,46.8,C,46.8,C,51.1,C,51.1,C,,V,0.0,E,False,True,13.42,0.0,0.1,5.0,64,62,57,0.0,True,7-day window
2018-08-30,59.2,V,59.2,V,0.0,V,0,V,68.5,C,68.5,C,42.6,C,42.6,C,42.8,C,42.8,C,,V,0.0,E,False,True,13.44,0.0,0.3,4.5,63,61,57,0.0,False,original
2018-08-31,59.2,V,59.2,V,,V,0,E,70.3,C,70.3,C,38.1,C,38.1,C,46.9,C,46.9,C,,V,0.0,E,False,True,13.46,0.0,0.6,4.7,62,61,57,0.0,True,7-day window
2018-09-01,59.2,V,59.2,V,0.0,V,0,V,75.6,C,75.6,C,45.9,C,45.9,C,48.0,C,48.0,C,,V,0.0,E,False,True,13.42,0.0,0.2,4.2,64,61,57,0.0,False,original
2018-09-02,59.2,V,59.2,V,0.0,V,0,V,78.4,C,78.4,C,46.2,C,46.2,C,51.3,C,51.3,C,,V,0.0,E,False,True,13.4,0.0,0.0,4.4,65,62,57,0.0,False,original
2018-09-03,59.2,V,59.2,V,0.0,V,0,V,78.6,C,78.6,C,46.9,C,46.9,C,51.1,C,51.1,C,,V,0.0,E,False,True,13.4,0.0,0.6,4.0,65,62,58,0.0,False,original
2018-09-04,59.2,V,59.2,V,0.0,V,0,V,78.1,C,78.1,C,47.5,C,47.5,C,50.5,C,50.5,C,,V,0.0,E,False,True,13.41,0.0,0.4,3.9,66,63,58,0.0,False,original
2018-09-05,59.3,V,59.2,E,,V,0,E,76.5,C,76.5,C,47.5,C,47.5,C,50.5,C,50.5,C,,V,0.0,E,False,True,13.4,0.0,0.3,3.8,66,63,58,0.0,True,7-day window
2018-09-06,59.3,V,59.2,E,0.0,V,0,V,75.6,C,75.6,C,46.9,C,46.9,C,47.8,C,47.8,C,,V,0.0,E,False,True,13.39,0.0,0.0,4.4,67,64,58,0.0,False,original
2018-09-07,59.2,V,59.2,V,0.0,V,0,V,78.6,C,78.6,C,44.2,C,44.2,C,48.4,C,48.4,C,,V,0.0,E,False,True,13.4,0.0,0.2,3.8,67,64,58,0.0,False,original
2018-09-08,59.2,V,59.2,V,1.0,V,0,E,74.1,C,74.1,C,44.6,C,44.6,C,44.6,C,44.6,C,,V,0.0,E,False,True,13.42,0.0,0.2,3.8,66,64,59,0.0,True,7-day window
2018-09-09,59.2,V,59.2,V,1.0,V,0,E,76.6,C,76.6,C,42.1,C,42.1,C,45.0,C,45.0,C,,V,0.0,E,False,True,13.42,0.0,0.1,3.8,66,64,59,0.0,True,7-day window
2018-09-10,59.2,V,59.2,V,0.0,V,0,V,74.5,C,74.5,C,42.1,C,42.1,C,44.6,C,44.6,C,,V,0.0,E,False,True,13.43,0.0,0.0,4.0,67,64,59,0.0,False,original
2018-09-11,59.2,V,59.2,V,,V,0,E,70.2,C,70.2,C,41.4,C,41.4,C,49.1,C,49.1,C,,V,0.0,E,False,True,13.44,0.0,0.0,3.6,66,64,59,0.0,True,7-day window
2018-09-12,,S,59.2,E,0.0,V,0,V,59.5,C,59.5,C,41.4,C,41.4,C,43.5,C,43.5,C,,V,0.0,E,False,True,13.5,0.0,0.0,3.9,62,62,59,0.0,False,original
2018-09-13,,S,59.2,E,0.0,V,0,V,58.5,C,58.5,C,38.1,C,38.1,C,38.1,C,38.1,C,,V,0.0,E,False,True,13.52,0.0,0.0,3.3,63,62,59,0.0,False,original
2018-09-14,,S,59.2,E,0.0,V,0,V,62.4,C,62.4,C,34.3,C,34.3,C,40.1,C,40.1,C,,V,0.0,E,False,True,13.53,0.0,0.0,3.8,62,61,59,0.0,False,original
2018-09-15,,S,59.2,E,0.0,V,0,V,59.0,C,59.0,C,36.0,C,36.0,C,36.5,C,36.5,C,,V,0.0,E,False,True,13.52,0.0,0.0,3.6,62,61,59,0.0,False,original
2018-09-16,,S,59.2,E,1.0,V,0,E,65.7,C,65.7,C,34.3,C,34.3,C,38.3,C,38.3,C,,V,0.0,E,False,True,13.51,0.0,0.0,3.5,63,61,59,0.0,True,7-day window
2018-09-17,59.3,V,59.3,V,1.0,V,0,E,66.2,C,66.2,C,33.8,C,33.8,C,40.8,C,40.8,C,,V,0.0,E,False,True,13.51,0.0,0.0,3.7,64,61,59,0.0,True,7-day window
2018-09-18,59.3,V,59.3,V,0.0,V,0,V,66.2,C,66.2,C,37.4,C,37.4,C,38.7,C,38.7,C,,V,0.0,E,False,True,13.5,0.0,0.0,3.4,64,61,59,0.0,False,original
2018-09-19,59.3,V,59.3,V,0.0,V,0,V,66.0,C,66.0,C,34.0,C,34.0,C,47.8,C,47.8,C,,V,0.0,E,False,True,13.5,0.0,0.0,3.5,64,61,59,0.0,False,original
2018-09-20,59.4,V,59.4,V,0.0,V,0,V,73.8,C,73.8,C,42.3,C,42.3,C,44.8,C,44.8,C,,V,0.0,E,False,True,13.47,0.0,0.0,3.6,65,62,59,0.0,False,original
2018-09-21,59.4,V,59.4,V,0.0,V,0,V,73.0,C,73.0,C,40.5,C,40.5,C,44.8,C,44.8,C,,V,0.0,E,False,True,13.47,0.0,0.0,2.9,65,62,59,0.0,False,original
2018-09-22,59.3,V,59.4,E,0.0,V,0,V,68.5,C,68.5,C,41.2,C,41.2,C,42.8,C,42.8,C,,V,0.0,E,False,True,13.48,0.0,0.0,3.4,64,62,59,0.0,False,original
2018-09-23,59.4,V,59.4,V,0.0,V,0,V,66.6,C,66.6,C,39.9,C,39.9,C,39.7,C,39.7,C,,V,0.0,E,False,True,13.48,0.0,0.0,3.0,64,62,59,0.0,False,original
2018-09-24,59.4,V,59.4,V,,V,0,E,71.4,C,71.4,C,37.2,C,37.2,C,50.2,C,50.2,C,0.0,V,0.0,V,False,True,13.47,0.0,0.0,3.2,65,62,59,0.0,True,7-day window
2018-09-25,59.4,V,59.4,V,0.0,V,0,V,75.2,C,75.2,C,45.7,C,45.7,C,47.5,C,47.5,C,0.0,V,0.0,V,False,False,13.45,0.0,0.0,3.3,66,62,59,0.0,False,original
2018-09-26,59.4,V,59.4,V,0.0,V,0,V,78.8,C,78.8,C,41.9,C,41.9,C,48.6,C,48.6,C,0.0,V,0.0,V,False,False,13.43,0.0,0.0,3.4,67,63,60,0.0,False,original
2018-09-27,59.4,V,59.4,V,0.0,V,0,V,78.6,C,78.6,C,45.0,C,45.0,C,47.8,C,47.8,C,0.0,V,0.0,V,False,False,13.42,0.0,0.0,3.1,67,64,60,0.0,False,original
2018-09-28,59.4,V,59.4,V,,V,0,E,74.7,C,74.7,C,45.7,C,45.7,C,50.0,C,50.0,C,0.0,V,0.0,V,False,True,13.43,0.0,0.0,2.9,67,64,60,0.0,True,7-day window
2018-09-29,59.2,V,59.4,E,,V,0,E,59.0,C,59.0,C,41.7,C,41.7,C,42.3,C,42.3,C,,V,0.0,E,False,True,13.48,0.0,0.0,3.4,65,63,60,0.0,True,31-day fallback window
2018-09-30,59.3,V,59.4,E,,V,0,E,60.8,C,60.8,C,40.8,C,40.8,C,49.6,C,49.6,C,0.0,V,0.0,V,False,True,13.5,0.0,0.0,3.4,65,62,60,0.0,True,31-day fallback window
2018-10-01,0.0,V,0.0,V,,V,0,E,63.3,C,63.3,C,46.0,C,46.0,C,53.6,C,53.6,C,0.0,V,0.0,V,False,True,13.48,0.0,0.0,3.1,64,62,60,0.0,True,31-day fallback window
2018-10-02,0.0,V,0.0,V,,S,0,E,64.9,C,64.9,C,44.8,C,44.8,C,48.2,C,48.2,C,0.0,V,0.0,V,False,True,13.48,0.0,0.0,2.9,64,62,60,0.0,True,7-day window
2018-10-03,0.4,V,0.4,V,0.0,V,0,V,54.9,C,54.9,C,41.7,C,41.7,C,42.8,C,42.8,C,0.0,V,0.0,V,False,False,13.52,0.0,0.0,3.2,59,60,60,0.0,False,original
2018-10-04,0.9,V,0.9,V,1.0,V,0,E,44.6,C,44.6,C,39.9,C,39.9,C,39.9,C,39.9,C,,V,0.0,E,False,True,13.59,0.0,0.0,16.9,54,56,60,0.0,True,7-day window
2018-10-05,1.1,V,1.1,V,0.0,V,0,V,54.5,C,54.5,C,31.6,C,31.6,C,39.0,C,39.0,C,0.0,V,0.0,V,False,False,13.56,0.0,0.0,13.6,56,56,59,0.0,False,original
2018-10-06,1.1,V,1.1,V,0.0,V,0,V,48.0,C,48.0,C,36.5,C,36.5,C,36.7,C,36.7,C,0.0,V,0.0,V,False,False,13.61,0.0,0.0,11.9,54,56,58,0.0,False,original
2018-10-07,1.2,V,1.2,V,0.0,V,0,V,50.2,C,50.2,C,30.6,C,30.6,C,38.1,C,38.1,C,0.0,V,0.0,V,False,False,13.6,0.0,0.2,10.6,54,54,58,0.0,False,original
2018-10-08,1.2,V,1.2,V,,V,0,E,59.4,C,59.4,C,34.9,C,34.9,C,40.1,C,40.1,C,0.0,V,0.0,V,False,True,13.55,0.0,0.5,9.6,56,55,57,0.0,True,7-day window
2018-10-09,1.3,V,1.2,E,1.0,V,0,E,57.7,C,57.7,C,34.7,C,34.7,C,38.7,C,38.7,C,0.0,V,0.0,V,False,False,13.56,0.0,0.4,9.0,56,55,57,0.0,True,7-day window
2018-10-10,1.2,V,1.2,V,,V,0,E,52.2,C,52.2,C,32.2,C,32.2,C,38.8,C,38.8,C,0.0,V,0.0,V,False,True,13.6,0.0,0.0,8.8,54,54,57,1.0,True,7-day window
2018-10-11,1.2,V,1.2,V,1.0,V,0,E,52.7,C,52.7,C,34.2,C,34.2,C,34.7,C,34.7,C,,V,0.0,E,False,True,13.6,0.0,0.0,7.9,54,54,56,1.0,False,original
2018-10-12,1.2,V,1.2,V,0.0,V,0,V,59.7,C,59.7,C,32.2,C,32.2,C,40.5,C,40.5,C,0.0,V,0.0,V,False,False,13.56,0.0,0.0,7.1,55,54,56,0.0,False,original
2018-10-13,1.2,V,1.2,V,1.0,V,0,E,63.5,C,63.5,C,32.5,C,32.5,C,42.1,C,42.1,C,0.0,V,0.0,V,False,False,13.55,0.0,0.0,6.7,56,55,56,1.0,False,original
2018-10-14,1.1,V,1.2,E,2.0,V,0,E,49.3,C,49.3,C,32.4,C,32.4,C,32.7,C,32.7,C,,V,0.0,E,False,True,13.6,0.0,0.1,6.7,53,54,56,1.0,True,7-day window
2018-10-15,1.2,V,1.2,V,1.0,V,0,E,57.7,C,57.7,C,30.0,C,30.0,C,40.5,C,40.5,C,0.0,V,0.0,V,False,False,13.6,0.0,0.0,6.2,54,53,56,1.0,False,original
2018-10-16,1.2,V,1.2,V,1.0,V,0,E,57.6,C,57.6,C,32.9,C,32.9,C,42.3,C,42.3,C,0.1,V,0.0,E,False,False,13.58,0.0,0.0,5.9,54,54,55,1.0,False,original
2018-10-17,1.2,V,1.2,V,2.0,V,0,E,63.7,C,63.7,C,32.5,C,32.5,C,33.3,C,33.3,C,0.0,V,0.0,V,False,False,13.56,0.0,0.0,5.6,55,54,55,2.0,False,original
2018-10-18,1.2,V,1.2,V,1.0,V,0,E,63.7,C,63.7,C,31.1,C,31.1,C,45.3,C,45.3,C,0.1,V,0.0,E,False,False,13.57,0.0,0.0,5.2,55,54,55,2.0,True,7-day window
2018-10-19,1.3,V,1.2,E,2.0,V,0,E,64.9,C,64.9,C,39.7,C,39.7,C,47.8,C,47.8,C,0.1,V,0.0,E,False,False,13.54,0.0,0.0,5.0,56,54,55,2.0,False,original
2018-10-20,1.3,V,1.2,E,2.0,V,0,E,63.0,C,63.0,C,34.3,C,34.3,C,36.1,C,36.1,C,0.1,V,0.0,E,False,False,13.54,0.0,0.0,4.5,56,55,55,2.0,False,original
2018-10-21,1.2,V,1.2,V,2.0,V,0,E,63.0,C,63.0,C,32.4,C,32.4,C,34.9,C,34.9,C,0.0,V,0.0,V,False,False,13.55,0.0,0.0,4.4,56,55,55,2.0,False,original
2018-10-22,1.2,V,1.2,V,2.0,V,0,E,61.0,C,61.0,C,32.0,C,32.0,C,34.0,C,34.0,C,0.0,V,0.0,V,False,False,13.56,0.0,0.0,4.2,55,54,55,2.0,False,original
2018-10-23,1.1,V,1.2,E,2.0,V,0,E,55.9,C,55.9,C,29.7,C,29.7,C,32.9,C,32.9,C,0.0,V,0.0,V,False,False,13.63,0.0,0.0,4.1,52,53,55,2.0,False,original
2018-10-24,1.2,V,1.2,V,2.0,V,0,E,57.9,C,57.9,C,30.6,C,30.6,C,34.9,C,34.9,C,0.1,V,0.0,E,False,False,13.6,0.0,0.0,3.9,53,53,54,2.0,False,original
2018-10-25,1.3,V,1.2,E,1.0,V,0,E,66.0,C,66.0,C,32.7,C,32.7,C,37.8,C,37.8,C,0.1,V,0.0,E,False,False,13.56,0.0,0.0,3.9,54,53,54,1.5,True,7-day window
2018-10-26,1.3,V,1.2,E,1.0,V,0,E,69.6,C,69.6,C,36.5,C,36.5,C,41.2,C,41.2,C,0.1,V,0.0,E,False,False,13.54,0.0,0.0,3.8,55,54,54,1.0,False,original
2018-10-27,1.3,V,1.2,E,1.0,V,0,E,63.7,C,63.7,C,38.1,C,38.1,C,44.6,C,44.6,C,0.1,V,0.0,E,False,False,13.55,0.0,0.0,3.6,55,54,54,1.0,False,original
2018-10-28,1.3,V,1.2,E,,V,0,E,57.4,C,57.4,C,38.1,C,38.1,C,43.9,C,43.9,C,0.1,V,0.0,E,False,True,13.58,0.0,0.0,3.5,54,53,54,1.0,True,7-day window
2018-10-29,1.2,V,1.2,V,1.0,V,0,E,52.7,C,52.7,C,33.8,C,33.8,C,33.6,C,33.6,C,0.0,V,0.0,V,False,False,13.59,0.0,0.0,3.2,52,53,54,1.0,False,original
2018-10-30,1.1,V,1.2,E,1.0,V,0,E,50.9,C,50.9,C,30.2,C,30.2,C,35.1,C,35.1,C,0.0,V,0.0,V,False,False,13.62,0.0,0.0,3.3,51,52,54,1.0,False,original
2018-10-31,1.3,V,1.2,E,,V,0,E,56.5,C,56.5,C,31.6,C,31.6,C,43.5,C,43.5,C,0.1,V,0.0,E,False,True,13.62,0.0,0.0,3.3,51,51,54,1.0,True,7-day window
2018-11-01,1.3,V,1.2,E,1.0,V,0,E,63.9,C,63.9,C,37.0,C,37.0,C,37.0,C,37.0,C,0.0,V,0.0,V,False,False,13.56,0.0,0.0,3.3,53,52,53,1.0,False,original
2018-11-02,1.2,V,1.2,V,1.0,V,0,E,65.8,C,65.8,C,34.3,C,34.3,C,41.2,C,41.2,C,0.1,V,0.0,E,False,False,13.56,0.0,0.0,3.0,53,52,53,1.0,False,original
2018-11-03,1.2,V,1.2,V,0.0,V,0,V,61.3,C,61.3,C,36.5,C,36.5,C,48.6,C,48.6,C,0.1,V,0.0,E,False,False,13.58,0.0,0.0,3.0,52,52,53,1.0,True,7-day window
2018-11-04,1.2,V,1.2,V,1.0,V,0,E,60.6,C,60.6,C,37.4,C,37.4,C,37.4,C,37.4,C,0.1,V,0.0,E,False,False,13.57,0.0,0.0,3.2,52,52,53,1.0,False,original
2018-11-05,1.2,V,1.2,V,2.0,V,0,E,62.8,C,62.8,C,32.9,C,32.9,C,33.8,C,33.8,C,0.0,V,0.0,V,False,False,13.56,0.0,0.0,3.3,52,52,53,1.0,True,7-day window
2018-11-06,1.2,V,1.2,V,2.0,V,0,E,61.2,C,61.2,C,31.6,C,31.6,C,32.4,C,32.4,C,0.0,V,0.0,V,False,False,13.59,0.0,0.0,3.0,51,51,53,2.0,False,original
2018-11-07,1.2,V,1.2,V,2.0,V,0,E,55.0,C,55.0,C,29.1,C,29.1,C,31.5,C,31.5,C,0.0,V,0.0,V,False,False,13.62,0.0,0.0,2.7,50,51,53,2.0,False,original
2018-11-08,1.1,V,1.2,E,1.0,V,0,E,43.5,C,43.5,C,25.0,C,25.0,C,30.7,C,30.7,C,,V,0.0,E,False,True,13.67,0.0,0.0,2.7,47,49,52,2.0,True,7-day window
2018-11-09,1.2,V,1.2,V,2.0,V,0,E,60.6,C,60.6,C,24.1,C,24.1,C,27.1,C,27.1,C,0.0,V,0.0,V,False,False,13.64,0.0,0.0,2.7,48,48,52,2.0,False,original
2018-11-10,1.2,V,1.2,V,2.0,V,0,E,56.1,C,56.1,C,25.5,C,25.5,C,32.5,C,32.5,C,0.0,V,0.0,V,False,False,13.65,0.0,0.0,2.4,47,48,51,2.0,False,original
2018-11-11,1.2,V,1.2,V,2.0,V,0,E,48.7,C,48.7,C,25.3,C,25.3,C,27.1,C,27.1,C,0.0,V,0.0,V,False,False,13.68,0.0,0.0,2.8,46,47,51,2.0,False,original
2018-11-12,1.2,V,1.2,V,1.0,V,0,E,54.1,C,54.1,C,25.9,C,25.9,C,31.5,C,31.5,C,0.0,V,0.0,V,False,False,13.67,0.0,0.0,2.6,46,47,51,2.0,True,7-day window
2018-11-13,1.2,V,1.2,V,2.0,V,0,E,55.8,C,55.8,C,28.6,C,28.6,C,29.7,C,29.7,C,0.0,V,0.0,V,False,False,13.67,0.0,0.0,2.7,45,46,50,2.0,False,original
2018-11-14,1.2,V,1.2,V,1.0,V,0,E,60.8,C,60.8,C,27.7,C,27.7,C,32.2,C,32.2,C,0.1,V,0.0,E,False,False,13.64,0.0,0.0,2.8,46,46,50,2.0,True,7-day window
2018-11-15,1.2,V,1.2,V,2.0,V,0,E,62.1,C,62.1,C,29.8,C,29.8,C,31.5,C,31.5,C,0.1,V,0.0,E,False,False,13.62,0.0,0.0,2.6,47,47,49,2.0,False,original
2018-11-16,1.3,V,1.2,E,2.0,V,0,E,59.5,C,59.5,C,28.2,C,28.2,C,30.2,C,30.2,C,0.1,V,0.0,E,False,False,13.62,0.0,0.0,2.7,47,47,49,2.0,False,original
2018-11-17,1.2,V,1.2,V,2.0,V,0,E,56.5,C,56.5,C,27.5,C,27.5,C,30.9,C,30.9,C,0.1,V,0.0,E,False,False,13.64,0.0,0.0,2.5,46,47,49,2.0,False,original
2018-11-18,1.2,V,1.2,V,2.0,V,0,E,57.2,C,57.2,C,26.6,C,26.6,C,27.1,C,27.1,C,0.0,V,0.0,V,False,False,13.64,0.0,0.0,2.5,46,46,49,2.0,False,original
2018-11-19,1.2,V,1.2,V,2.0,V,0,E,56.7,C,56.7,C,24.6,C,24.6,C,27.5,C,27.5,C,0.1,V,0.0,E,False,False,13.68,0.0,0.0,2.8,45,46,49,2.0,False,original
2018-11-20,1.2,V,1.2,V,1.0,V,0,E,55.4,C,55.4,C,26.6,C,26.6,C,32.5,C,32.5,C,0.1,V,0.0,E,False,False,13.65,0.0,0.0,2.2,45,45,49,2.0,True,7-day window
2018-11-21,1.7,V,1.7,V,,S,5,E,40.8,C,40.8,C,30.2,C,30.2,C,30.7,C,30.7,C,0.8,V,0.7,E,False,True,13.71,0.0,0.0,2.4,43,45,48,2.0,True,7-day window
2018-11-22,3.8,V,3.8,V,,S,21,E,32.2,C,32.2,C,28.2,C,28.2,C,28.6,C,28.6,C,2.7,V,2.7,V,False,True,13.73,0.0,0.0,2.2,41,44,48,14.0,True,7-day window
2018-11-23,5.5,V,5.7,E,19.0,V,19,V,38.1,C,38.1,C,28.4,C,28.4,C,37.4,C,37.4,C,3.8,V,3.8,V,False,False,13.74,0.0,0.0,22.8,38,41,44,14.0,True,7-day window
2018-11-24,5.7,V,5.8,E,14.0,V,14,V,44.1,C,44.1,C,29.8,C,29.8,C,29.8,C,29.8,C,3.3,V,3.3,V,False,False,13.7,0.0,0.0,18.7,38,40,45,14.0,False,original
2018-11-25,5.8,V,5.8,V,14.0,V,14,V,47.7,C,47.7,C,27.5,C,27.5,C,27.9,C,27.9,C,3.1,V,3.1,V,False,False,13.7,0.0,0.0,16.9,38,40,45,14.0,False,original
2018-11-26,5.8,V,5.8,V,12.0,V,12,V,48.7,C,48.7,C,26.8,C,26.8,C,33.6,C,33.6,C,3.0,V,3.0,V,False,False,13.72,0.0,0.0,15.7,38,40,45,14.0,True,7-day window
2018-11-27,6.2,V,6.2,V,,S,11,E,39.9,C,39.9,C,31.8,C,31.8,C,35.1,C,35.1,C,3.4,V,3.4,V,False,True,13.73,0.0,0.0,20.4,37,39,44,14.0,True,7-day window
2018-11-28,6.8,V,6.8,V,,S,16,E,36.0,C,36.0,C,31.8,C,31.8,C,32.4,C,32.4,C,3.8,V,3.8,V,False,True,13.74,0.0,10.9,21.0,36,38,43,25.0,True,7-day window
2018-11-29,8.1,V,8.4,E,25.0,V,25,V,32.4,C,32.4,C,28.0,C,28.0,C,28.2,C,28.2,C,5.2,V,5.2,V,False,False,13.75,0.0,8.2,19.7,37,38,43,25.0,False,original
2018-11-30,8.4,V,8.4,V,25.0,V,25,V,32.5,C,32.5,C,22.1,C,22.1,C,23.0,C,23.0,C,5.2,V,5.2,V,False,False,13.75,0.0,7.1,18.6,37,39,43,25.0,False,original
2018-12-01,9.5,V,9.6,E,37.0,V,37,V,27.5,C,27.5,C,21.0,C,21.0,C,21.2,C,21.2,C,6.5,V,6.4,E,False,False,13.78,0.0,6.7,17.6,37,39,43,37.0,False,original
2018-12-02,9.6,V,9.6,V,33.0,V,33,V,29.5,C,29.5,C,9.5,C,9.5,C,10.6,C,10.6,C,6.4,V,6.4,V,False,False,13.79,0.0,6.8,17.4,37,39,43,33.0,False,original
2018-12-03,9.7,V,9.6,E,30.0,V,30,V,31.1,C,31.1,C,7.9,C,7.9,C,22.3,C,22.3,C,6.4,V,6.4,V,False,False,13.82,0.0,6.1,16.8,37,39,43,30.0,False,original
2018-12-04,9.8,V,9.8,V,,S,29,E,27.0,C,27.0,C,20.8,C,20.8,C,23.2,C,23.2,C,6.5,V,6.5,V,False,True,13.82,0.0,5.8,16.5,37,38,43,30.0,True,7-day window
2018-12-05,10.0,V,10.0,V,,S,30,E,32.2,C,32.2,C,21.9,C,21.9,C,23.9,C,23.9,C,6.7,V,6.7,V,False,True,13.79,0.0,5.7,16.0,37,38,42,30.0,True,7-day window
2018-12-06,10.0,V,10.0,V,30.0,V,30,V,31.1,C,31.1,C,19.6,C,19.6,C,19.4,C,19.4,C,6.6,V,6.6,V,False,False,13.77,0.0,5.6,15.6,37,38,42,30.0,False,original
2018-12-07,10.1,V,10.0,E,28.0,V,28,V,41.9,C,41.9,C,16.9,C,16.9,C,25.7,C,25.7,C,6.6,V,6.6,V,False,False,13.77,0.0,11.7,22.4,35,37,40,28.0,False,original
2018-12-08,10.0,V,10.0,V,,S,27,E,39.9,C,39.9,C,19.0,C,19.0,C,20.7,C,20.7,C,6.5,V,6.5,V,False,True,13.75,0.0,13.1,22.3,35,37,40,26.0,True,7-day window
2018-12-09,10.0,V,10.0,V,26.0,V,26,V,46.6,C,46.6,C,17.4,C,17.4,C,21.0,C,21.0,C,6.5,V,6.5,V,False,False,13.75,0.0,10.7,21.0,36,37,41,26.0,False,original
2018-12-10,10.1,V,10.1,V,26.0,V,26,V,38.8,C,38.8,C,18.9,C,18.9,C,27.5,C,27.5,C,6.6,V,6.6,V,False,False,13.79,0.0,10.1,19.7,36,37,41,25.5,True,7-day window
2018-12-11,10.1,V,10.1,V,25.0,V,25,V,46.9,C,46.9,C,23.7,C,23.7,C,33.8,C,33.8,C,6.6,V,6.6,V,False,False,13.74,0.0,10.8,19.3,36,37,41,25.0,False,original
2018-12-12,10.1,V,10.1,V,25.0,V,25,V,42.6,C,42.6,C,23.9,C,23.9,C,23.7,C,23.7,C,6.5,V,6.5,V,False,False,13.73,0.0,10.7,19.2,36,37,41,25.0,False,original
2018-12-13,10.0,V,10.1,E,25.0,V,25,V,53.4,C,53.4,C,22.3,C,22.3,C,26.6,C,26.6,C,6.4,V,6.4,V,False,False,13.73,0.0,10.9,19.4,36,37,41,25.0,False,original
2018-12-14,10.1,V,10.1,V,24.0,V,24,V,45.3,C,45.3,C,26.4,C,26.4,C,32.4,C,32.4,C,6.3,V,6.3,V,False,False,13.75,0.0,10.7,19.1,36,37,41,25.0,True,7-day window
2018-12-15,10.1,V,10.1,V,23.0,V,23,V,44.1,C,44.1,C,27.3,C,27.3,C,34.9,C,34.9,C,6.2,V,6.3,E,False,False,13.73,0.0,10.7,18.5,36,37,41,25.0,True,7-day window
2018-12-16,10.3,V,10.3,V,,S,25,E,40.6,C,40.6,C,30.6,C,30.6,C,30.9,C,30.9,C,6.3,V,6.5,E,False,True,13.74,0.0,10.7,18.1,36,37,40,25.0,True,7-day window
2018-12-17,10.7,V,10.7,V,,S,28,E,36.3,C,36.3,C,26.8,C,26.8,C,28.9,C,28.9,C,6.9,V,6.9,V,False,True,13.73,0.0,11.1,18.2,36,37,40,25.5,True,7-day window
2018-12-18,10.8,V,10.7,E,27.0,V,27,V,37.8,C,37.8,C,27.9,C,27.9,C,32.7,C,32.7,C,6.9,V,6.9,V,False,False,13.74,0.0,10.9,18.1,36,37,40,27.0,False,original
2018-12-19,10.7,V,10.7,V,27.0,V,27,V,42.1,C,42.1,C,25.0,C,25.0,C,27.7,C,27.7,C,6.9,V,6.9,V,False,False,13.73,0.0,11.7,20.6,35,36,40,27.0,False,original
2018-12-20,11.0,V,11.0,V,,S,27,E,48.2,C,48.2,C,27.5,C,27.5,C,31.6,C,31.6,C,7.1,V,7.1,V,False,True,13.73,0.0,11.7,19.6,36,37,40,27.0,True,7-day window
2018-12-21,11.4,V,11.4,V,28.0,V,28,V,35.4,C,35.4,C,26.4,C,26.4,C,26.4,C,26.4,C,7.5,V,7.5,V,False,False,13.74,0.0,19.9,25.4,34,35,38,28.0,False,original
2018-12-22,11.4,V,11.4,V,27.0,V,27,V,39.9,C,39.9,C,20.7,C,20.7,C,27.3,C,27.3,C,7.4,V,7.5,E,False,False,13.77,0.0,16.2,23.3,35,36,39,27.0,False,original
2018-12-23,11.8,V,11.8,V,29.0,V,29,V,34.5,C,34.5,C,27.1,C,27.1,C,32.5,C,32.5,C,7.8,V,7.8,V,False,False,13.76,0.0,14.0,22.2,35,36,39,29.0,False,original
2018-12-24,13.3,V,13.4,E,37.0,V,37,V,33.1,C,33.1,C,23.9,C,23.9,C,23.9,C,23.9,C,9.4,V,9.4,V,False,False,13.75,0.0,17.3,24.7,35,36,38,37.0,False,original
2018-12-25,13.4,V,13.4,V,35.0,V,35,V,30.7,C,30.7,C,17.8,C,17.8,C,21.7,C,21.7,C,9.4,V,9.4,V,False,False,13.78,0.2,15.3,23.6,35,36,39,35.0,False,original
2018-12-26,13.4,V,13.4,V,34.0,V,34,V,41.4,C,41.4,C,16.7,C,16.7,C,24.6,C,24.6,C,9.4,V,9.4,V,False,False,13.76,0.5,15.9,23.7,35,36,38,34.0,False,original
2018-12-27,13.3,V,13.4,E,34.0,V,34,V,26.4,C,26.4,C,15.6,C,15.6,C,15.8,C,15.8,C,9.3,V,9.3,V,False,False,13.79,0.9,15.0,23.0,35,36,39,34.0,False,original
2018-12-28,13.3,V,13.4,E,34.0,V,34,V,28.6,C,28.6,C,14.2,C,14.2,C,19.6,C,19.6,C,9.1,V,9.1,V,False,False,13.81,1.1,13.6,22.4,35,36,39,34.0,False,original
2018-12-29,13.5,V,13.4,E,33.0,V,33,V,46.4,C,46.4,C,14.5,C,14.5,C,26.4,C,26.4,C,9.1,V,9.1,V,False,False,13.77,1.2,12.1,21.9,35,36,39,34.0,True,7-day window
2018-12-30,13.4,V,13.4,V,34.0,V,34,V,44.8,C,44.8,C,20.8,C,20.8,C,22.1,C,22.1,C,9.1,V,9.1,V,False,False,13.75,1.0,11.5,21.6,35,36,38,33.0,True,7-day window
2018-12-31,13.2,V,13.4,E,33.0,V,33,V,23.7,C,23.7,C,13.1,C,13.1,C,13.5,C,13.5,C,9.0,V,9.0,V,False,False,13.79,1.4,11.5,21.3,35,36,38,33.0,False,original
2019-01-01,13.3,V,13.4,E,33.0,V,33,V,29.7,C,29.7,C,11.7,C,11.7,C,17.2,C,17.2,C,9.0,V,9.0,V,False,False,13.85,1.1,11.0,21.1,34,36,38,33.0,False,original
2019-01-02,13.4,V,13.4,V,33.0,V,33,V,44.6,C,44.6,C,15.3,C,15.3,C,24.6,C,24.6,C,8.9,V,9.0,E,False,False,13.78,0.8,10.2,21.0,34,35,38,33.0,False,original
2019-01-03,13.4,V,13.4,V,33.0,V,33,V,50.4,C,50.4,C,22.3,C,22.3,C,26.2,C,26.2,C,8.9,V,9.0,E,False,False,13.74,1.4,9.9,20.6,34,35,38,33.0,False,original
2019-01-04,13.4,V,13.4,V,32.0,V,32,V,45.0,C,45.0,C,23.2,C,23.2,C,28.4,C,28.4,C,9.0,V,9.0,V,False,False,13.75,1.1,9.8,20.3,34,35,38,32.0,False,original
2019-01-05,14.5,V,15.0,E,45.0,V,45,V,35.2,C,35.2,C,24.4,C,24.4,C,24.4,C,24.4,C,10.6,V,10.6,V,False,False,13.78,1.4,9.8,20.1,34,35,38,45.0,False,original
2019-01-06,17.6,V,18.4,E,,S,68,E,31.5,C,31.5,C,21.9,C,21.9,C,30.6,C,30.6,C,14.0,V,14.0,V,False,True,13.79,1.3,9.8,19.9,34,35,38,45.0,True,7-day window
2019-01-07,18.1,V,19.2,E,64.0,V,64,V,32.0,C,32.0,C,29.3,C,29.3,C,30.6,C,30.6,C,14.8,V,14.8,V,False,False,13.78,1.3,9.5,19.8,34,35,38,64.0,False,original
2019-01-08,18.0,V,19.4,E,61.0,V,61,V,35.8,C,35.8,C,30.6,C,30.6,C,32.9,C,32.9,C,15.0,V,15.0,V,False,False,13.76,1.4,9.1,20.2,34,35,38,61.0,False,original
2019-01-09,19.2,V,21.0,E,,S,66,E,33.1,C,33.1,C,30.2,C,30.2,C,30.0,C,30.0,C,16.6,V,16.6,V,False,True,13.77,1.9,9.0,21.8,34,35,38,63.0,True,7-day window
2019-01-10,19.5,V,21.0,E,65.0,V,65,V,42.8,C,42.8,C,22.3,C,22.3,C,22.5,C,22.5,C,16.7,V,16.6,E,False,False,13.75,2.1,10.6,26.0,34,35,37,65.0,False,original
2019-01-11,19.5,V,21.0,E,63.0,V,63,V,41.9,C,41.9,C,20.8,C,20.8,C,27.1,C,27.1,C,16.7,V,16.6,E,False,False,13.77,2.2,10.9,24.8,34,35,37,63.0,False,original
2019-01-12,19.5,V,21.0,E,62.0,V,62,V,38.3,C,38.3,C,20.5,C,20.5,C,20.7,C,20.7,C,16.6,V,16.6,V,False,False,13.75,2.4,10.6,24.1,34,35,37,62.0,False,original
2019-01-13,19.5,V,21.0,E,61.0,V,61,V,40.1,C,40.1,C,14.2,C,14.2,C,25.2,C,25.2,C,16.6,V,16.6,V,False,False,13.77,2.2,10.6,23.3,34,35,37,61.0,False,original
2019-01-14,19.3,V,21.0,E,59.0,V,59,V,32.4,C,32.4,C,19.8,C,19.8,C,26.6,C,26.6,C,16.6,V,16.6,V,False,False,13.8,2.4,10.4,22.8,34,35,37,59.0,False,original
2019-01-15,19.5,V,22.8,E,,S,78,E,31.1,C,31.1,C,23.7,C,23.7,C,30.6,C,30.6,C,18.8,V,18.8,V,False,True,13.79,2.3,10.1,22.6,34,35,37,62.0,True,7-day window
2019-01-16,19.6,V,25.6,E,,S,92,E,32.4,C,32.4,C,30.0,C,30.0,C,32.0,C,32.0,C,22.2,V,22.2,V,False,True,13.78,2.1,10.1,22.2,34,35,37,91.0,True,7-day window
2019-01-17,26.2,V,28.1,E,103.0,V,103,V,32.4,C,32.4,C,26.6,C,26.6,C,27.5,C,27.5,C,25.3,V,25.3,V,False,False,13.77,2.4,9.7,21.8,34,35,37,103.0,False,original
2019-01-18,27.5,V,28.4,E,97.0,V,97,V,32.5,C,32.5,C,26.6,C,26.6,C,32.4,C,32.4,C,25.7,V,25.7,V,False,False,13.79,2.3,9.7,21.6,34,35,37,97.0,False,original
2019-01-19,27.2,V,28.4,E,91.0,V,91,V,38.1,C,38.1,C,32.2,C,32.2,C,35.8,C,35.8,C,25.7,V,25.7,V,False,False,13.77,4.2,15.1,29.3,33,34,36,91.0,False,original
2019-01-20,28.4,V,30.5,E,,S,98,E,36.3,C,36.3,C,23.2,C,23.2,C,23.2,C,23.2,C,27.3,V,27.5,E,False,True,13.73,4.4,22.3,30.3,33,34,35,94.5,True,7-day window
2019-01-21,28.5,V,30.5,E,96.0,V,96,V,29.7,C,29.7,C,13.3,C,13.3,C,15.8,C,15.8,C,27.4,V,27.5,E,False,False,13.77,3.6,19.3,27.5,33,34,35,96.0,False,original
2019-01-22,28.4,S,30.5,E,93.0,V,93,V,32.0,C,32.0,C,14.4,C,14.4,C,23.4,C,23.4,C,27.4,V,27.5,E,False,False,13.79,4.1,16.7,26.0,33,34,35,93.0,False,original
2019-01-23,28.6,E,30.5,E,88.0,E,88,E,45.7,C,45.7,C,20.7,C,20.7,C,31.8,C,31.8,C,27.5,V,27.5,V,False,False,13.79,3.7,15.9,25.7,33,34,35,88.0,False,original
2019-01-24,28.8,S,30.5,E,87.0,V,87,V,45.0,C,45.0,C,24.1,C,24.1,C,26.6,C,26.6,C,27.6,V,27.5,E,False,False,13.77,3.9,16.0,25.5,33,34,35,87.0,False,original
2019-01-25,28.9,V,30.5,E,84.0,V,84,V,50.9,C,50.9,C,19.4,C,19.4,C,38.3,C,38.3,C,27.5,V,27.5,V,False,False,13.77,4.7,16.1,24.9,33,34,35,84.0,False,original
2019-01-26,29.4,V,30.5,E,83.0,V,83,V,51.4,C,51.4,C,31.5,C,31.5,C,31.5,C,31.5,C,27.5,V,27.5,V,False,False,13.76,5.3,16.0,25.0,33,34,36,83.0,False,original
2019-01-27,29.9,V,30.5,E,81.0,V,81,V,58.1,C,58.1,C,27.1,C,27.1,C,30.9,C,30.9,C,27.5,V,27.5,V,False,False,13.71,5.4,16.4,24.7,33,34,36,81.0,False,original
2019-01-28,30.3,V,30.5,E,80.0,V,80,V,49.5,C,49.5,C,29.3,C,29.3,C,34.5,C,34.5,C,27.5,V,27.5,V,False,False,13.76,5.1,17.2,25.0,33,34,36,80.0,False,original
2019-01-29,30.4,V,30.5,E,78.0,V,78,V,48.7,C,48.7,C,28.9,C,28.9,C,28.9,C,28.9,C,27.4,V,27.5,E,False,False,13.74,6.0,16.4,24.8,33,34,36,78.0,False,original
2019-01-30,30.5,V,30.5,V,77.0,V,77,V,52.2,C,52.2,C,27.5,C,27.5,C,31.5,C,31.5,C,27.5,V,27.5,V,False,False,13.74,6.7,17.7,25.4,33,34,36,77.0,False,original
2019-01-31,30.5,V,30.5,V,75.0,V,75,V,51.3,C,51.3,C,28.4,C,28.4,C,34.3,C,34.3,C,27.7,V,27.5,E,False,False,13.73,7.7,18.5,26.0,33,34,36,75.0,False,original
2019-02-01,30.6,V,30.8,E,74.0,V,74,V,40.5,C,40.5,C,32.5,C,32.5,C,32.9,C,32.9,C,27.8,V,27.8,V,False,False,13.75,7.0,17.9,25.8,33,34,36,74.0,False,original
2019-02-02,31.9,V,32.9,E,,S,88,E,34.3,C,34.3,C,26.4,C,26.4,C,26.8,C,26.8,C,29.9,V,29.9,V,False,True,13.77,6.8,20.5,28.1,33,33,35,77.0,True,7-day window
2019-02-03,32.0,V,34.4,E,97.0,V,97,V,31.5,C,31.5,C,23.0,C,23.0,C,24.1,C,24.1,C,31.4,V,31.4,V,False,False,13.77,7.0,17.9,27.0,33,33,35,97.0,False,original
2019-02-04,32.0,V,37.2,E,,S,127,E,25.2,C,25.2,C,14.0,C,14.0,C,14.5,C,14.5,C,34.3,V,34.3,V,False,True,13.79,6.3,16.4,26.1,33,34,35,104.5,True,7-day window
2019-02-05,32.1,V,37.3,E,122.0,V,122,V,23.9,C,23.9,C,11.3,C,11.3,C,11.3,C,11.3,C,34.5,V,34.5,V,False,False,13.83,5.4,14.9,25.5,33,34,35,122.0,False,original
2019-02-06,32.2,V,37.3,E,,S,116,E,23.5,C,23.5,C,7.3,C,7.3,C,10.2,C,10.2,C,34.6,V,34.5,E,False,True,13.83,5.3,14.1,25.2,33,34,36,112.0,True,7-day window
2019-02-07,32.2,S,37.3,E,112.0,V,112,V,29.3,C,29.3,C,3.2,C,3.2,C,11.3,C,11.3,C,34.5,V,34.5,V,False,False,13.85,6.0,13.1,24.8,33,34,36,112.0,False,original
2019-02-08,37.5,V,37.4,E,,S,112,E,22.6,C,22.6,C,8.1,C,8.1,C,21.7,C,21.7,C,34.6,V,34.6,V,False,True,13.85,5.1,12.6,24.3,33,34,36,124.0,True,7-day window
2019-02-09,37.7,V,39.8,E,,S,127,E,23.0,C,23.0,C,19.2,C,19.2,C,19.2,C,19.2,C,37.4,V,37.4,V,False,True,13.83,5.1,12.1,24.1,34,34,36,123.5,True,7-day window
2019-02-10,40.6,V,40.6,V,131.0,V,131,V,19.9,C,19.9,C,12.7,C,12.7,C,12.7,C,12.7,C,38.2,V,38.2,V,False,False,13.84,5.1,11.6,24.2,34,34,36,131.0,False,original
2019-02-11,40.6,V,40.6,V,126.0,V,126,V,27.5,C,27.5,C,5.0,C,5.0,C,7.2,C,7.2,C,38.1,V,38.2,E,False,False,13.85,5.3,11.4,23.6,34,34,36,126.0,False,original
2019-02-12,40.7,V,40.7,V,121.0,V,121,V,31.1,C,31.1,C,6.6,C,6.6,C,25.3,C,25.3,C,38.4,V,38.4,V,False,False,13.85,5.2,11.2,23.8,34,34,36,121.0,False,original
2019-02-13,45.2,V,45.2,V,126.0,V,127,E,37.9,C,37.9,C,25.2,C,25.2,C,36.0,C,36.0,C,43.4,V,43.4,V,False,False,13.82,10.0,35.8,38.9,32,33,33,126.0,False,original
2019-02-14,46.7,V,46.7,V,130.0,V,130,V,39.2,C,39.2,C,21.4,C,21.4,C,22.1,C,22.1,C,42.6,V,42.6,V,False,False,13.79,38.2,40.6,40.6,32,32,33,130.0,False,original
2019-02-15,46.6,V,48.9,E,,S,147,E,23.5,C,23.5,C,17.4,C,17.4,C,18.3,C,18.3,C,44.7,V,44.9,E,False,True,13.79,29.7,35.6,40.6,33,32,33,139.0,True,7-day window
2019-02-16,46.7,V,49.8,E,155.0,V,155,V,23.0,C,23.0,C,16.5,C,16.5,C,16.7,C,16.7,C,45.9,V,45.9,V,False,False,13.81,25.5,32.7,40.2,33,33,33,155.0,False,original
2019-02-17,46.7,V,50.2,E,154.0,V,154,V,24.8,C,24.8,C,13.1,C,13.1,C,13.6,C,13.6,C,46.3,V,46.3,V,False,False,13.81,23.0,30.8,40.1,33,33,34,154.0,False,original
2019-02-18,46.6,V,50.2,E,148.0,V,148,V,24.4,C,24.4,C,9.7,C,9.7,C,11.3,C,11.3,C,46.2,V,46.3,E,False,False,13.82,21.3,29.5,40.0,33,33,34,148.0,False,original
2019-02-19,46.6,S,50.2,E,143.0,V,143,V,34.2,C,34.2,C,9.3,C,9.3,C,19.9,C,19.9,C,46.3,V,46.3,V,False,False,13.81,20.5,28.8,39.9,33,33,34,143.0,False,original
2019-02-20,46.5,S,50.6,E,143.0,V,143,V,24.8,C,24.8,C,9.5,C,9.5,C,9.5,C,9.5,C,46.7,V,46.7,V,False,False,13.82,20.3,28.5,39.9,33,33,34,143.0,False,original
2019-02-21,46.4,S,50.6,E,140.0,V,140,V,23.0,C,23.0,C,7.9,C,7.9,C,12.7,C,12.7,C,46.6,V,46.7,E,False,False,13.83,19.1,27.9,39.8,33,33,34,140.0,False,original
2019-02-22,46.4,S,50.6,E,137.0,V,137,V,32.0,C,32.0,C,6.6,C,6.6,C,8.8,C,8.8,C,46.6,V,46.7,E,False,False,13.83,18.7,27.4,39.8,33,33,34,140.0,True,7-day window
2019-02-23,46.4,S,50.6,E,133.0,V,133,V,31.8,C,31.8,C,4.8,C,4.8,C,23.9,C,23.9,C,46.7,V,46.7,V,False,False,13.82,19.1,27.2,39.8,33,33,35,133.0,False,original
2019-02-24,46.4,S,50.9,E,133.0,V,133,V,31.6,C,31.6,C,23.5,C,23.5,C,27.0,C,27.0,C,46.9,V,46.9,V,False,False,13.8,19.2,27.4,39.7,33,33,35,133.0,False,original
2019-02-25,46.4,S,53.3,E,149.0,V,149,V,34.2,C,34.2,C,25.7,C,25.7,C,28.0,C,28.0,C,49.1,V,49.1,V,False,False,13.8,18.7,27.0,39.8,33,33,35,149.0,False,original
2019-02-26,46.4,S,57.1,E,169.0,V,169,V,30.0,C,30.0,C,27.3,C,27.3,C,28.4,C,28.4,C,52.5,V,52.5,V,False,False,13.81,18.5,27.1,39.8,33,33,35,169.0,False,original
2019-02-27,46.6,S,60.0,E,175.0,V,175,V,32.4,C,32.4,C,28.2,C,28.2,C,31.6,C,31.6,C,55.2,V,55.2,V,False,False,13.8,18.6,27.1,39.7,33,34,35,175.0,False,original
2019-02-28,46.5,S,60.9,E,171.0,V,171,V,32.0,C,32.0,C,28.2,C,28.2,C,29.3,C,29.3,C,56.0,V,56.0,V,False,False,13.79,18.6,27.2,39.7,33,34,35,171.0,False,original
2019-03-01,46.4,S,61.3,E,167.0,V,167,V,32.5,C,32.5,C,29.3,C,29.3,C,30.4,C,30.4,C,56.3,V,56.3,V,False,False,13.79,18.3,27.0,39.7,33,34,35,167.0,False,original
2019-03-02,60.5,V,62.3,E,165.0,V,165,V,34.9,C,34.9,C,30.2,C,30.2,C,32.9,C,32.9,C,57.2,V,57.2,V,False,False,13.79,22.6,28.5,40.0,33,34,35,165.0,False,original
2019-03-03,61.9,V,63.5,E,166.0,V,166,V,33.6,C,33.6,C,30.0,C,30.0,C,30.2,C,30.2,C,58.3,V,58.3,V,False,False,13.79,21.4,28.7,40.0,33,33,35,166.0,False,original
2019-03-04,62.0,V,63.6,E,161.0,V,161,V,35.1,C,35.1,C,26.8,C,26.8,C,27.1,C,27.1,C,58.4,V,58.4,V,False,False,13.78,20.2,28.5,40.0,33,33,35,161.0,False,original
2019-03-05,62.1,V,64.2,E,161.0,V,161,V,35.8,C,35.8,C,24.6,C,24.6,C,32.7,C,32.7,C,59.0,V,59.0,V,False,False,13.79,20.2,28.3,39.9,33,33,35,161.0,False,original
2019-03-06,65.2,V,67.6,E,,S,166,E,34.2,C,34.2,C,28.9,C,28.9,C,29.3,C,29.3,C,60.9,V,62.0,E,False,True,13.79,19.6,28.1,39.9,33,33,35,162.0,True,7-day window
2019-03-07,65.3,V,67.7,E,166.0,V,166,V,33.3,C,33.3,C,25.3,C,25.3,C,25.3,C,25.3,C,61.7,V,62.1,E,False,False,13.78,19.5,28.0,39.9,33,33,35,166.0,False,original
2019-03-08,65.1,V,67.7,E,,S,165,E,27.3,C,27.3,C,18.7,C,18.7,C,19.0,C,19.0,C,61.8,V,62.1,E,False,True,13.79,19.3,27.9,39.8,33,33,35,161.0,True,7-day window
2019-03-09,65.0,V,67.7,E,162.0,V,162,V,25.2,C,25.2,C,18.3,C,18.3,C,21.0,C,21.0,C,61.9,V,62.1,E,False,False,13.81,19.0,27.7,39.9,33,34,35,162.0,False,original
2019-03-10,64.9,V,67.7,E,161.0,V,161,V,32.4,C,32.4,C,16.7,C,16.7,C,23.2,C,23.2,C,61.9,V,62.1,E,False,False,13.81,19.0,27.6,39.9,33,34,35,161.0,False,original
2019-03-11,64.8,S,67.8,E,159.0,V,159,V,38.7,C,38.7,C,22.3,C,22.3,C,25.2,C,25.2,C,62.2,V,62.2,V,False,False,13.8,19.1,27.6,39.8,33,34,35,159.0,False,original
2019-03-12,64.8,S,68.0,E,161.0,V,161,V,35.4,C,35.4,C,16.7,C,16.7,C,19.0,C,19.0,C,62.3,V,62.4,E,False,False,13.81,19.1,27.6,39.8,33,34,35,159.0,True,7-day window
2019-03-13,64.7,S,68.0,E,158.0,V,158,V,32.0,C,32.0,C,9.7,C,9.7,C,20.5,C,20.5,C,62.3,V,62.4,E,False,False,13.82,19.2,27.7,39.9,33,34,35,158.0,False,original
2019-03-14,64.7,S,68.0,E,156.0,V,156,V,40.6,C,40.6,C,17.2,C,17.2,C,20.8,C,20.8,C,62.4,V,62.4,V,False,False,13.81,19.1,27.5,39.9,33,34,35,156.0,False,original
2019-03-15,64.6,S,68.0,E,154.0,V,154,V,45.0,C,45.0,C,14.7,C,14.7,C,28.9,C,28.9,C,62.4,V,62.4,V,False,False,13.81,19.1,27.6,39.8,33,34,35,154.0,False,original
2019-03-16,64.6,V,68.0,E,151.0,V,151,V,51.6,C,51.6,C,21.6,C,21.6,C,27.3,C,27.3,C,62.4,V,62.4,V,False,False,13.79,19.7,28.0,39.9,33,34,35,151.0,False,original
2019-03-17,64.6,V,68.0,E,149.0,V,149,V,51.6,C,51.6,C,23.0,C,23.0,C,28.0,C,28.0,C,62.6,V,62.4,E,False,False,13.79,19.9,28.0,39.9,33,33,35,149.0,False,original
2019-03-18,64.6,V,68.0,E,146.0,V,146,V,50.9,C,50.9,C,24.6,C,24.6,C,28.2,C,28.2,C,62.6,V,62.4,E,False,False,13.79,20.5,28.4,39.9,33,33,35,146.0,False,original
2019-03-19,68.0,V,68.0,V,144.0,V,144,V,50.5,C,50.5,C,28.2,C,28.2,C,33.6,C,33.6,C,62.4,V,62.4,V,False,False,13.79,20.6,28.6,40.0,33,33,35,145.5,True,7-day window
2019-03-20,68.2,V,68.2,V,145.0,V,145,V,36.1,C,36.1,C,28.2,C,28.2,C,28.6,C,28.6,C,62.7,V,62.7,V,False,False,13.79,20.1,28.6,40.0,33,33,35,145.0,False,original
2019-03-21,68.2,V,68.2,V,144.0,V,144,V,34.7,C,34.7,C,27.9,C,27.9,C,29.5,C,29.5,C,62.7,V,62.7,V,False,False,13.78,19.9,28.5,40.0,33,33,35,144.0,False,original
2019-03-22,68.5,V,68.5,V,,S,146,E,34.9,C,34.9,C,24.4,C,24.4,C,30.9,C,30.9,C,63.0,V,63.0,V,False,True,13.79,20.0,28.5,40.0,33,33,35,144.5,True,7-day window
2019-03-23,69.1,V,69.1,V,149.0,V,149,V,32.5,C,32.5,C,25.0,C,25.0,C,25.0,C,25.0,C,63.5,V,63.6,E,False,False,13.78,20.3,28.5,40.0,33,33,35,149.0,False,original
2019-03-24,69.1,V,69.1,V,145.0,V,145,V,41.2,C,41.2,C,12.9,C,12.9,C,21.4,C,21.4,C,63.2,V,63.6,E,False,False,13.8,20.0,28.2,40.0,33,33,35,145.0,False,original
2019-03-25,69.1,V,69.1,V,141.0,V,141,V,43.9,C,43.9,C,20.7,C,20.7,C,32.5,C,32.5,C,63.4,V,63.6,E,False,False,13.8,20.3,28.4,40.0,33,33,35,141.0,False,original
2019-03-26,69.3,V,69.3,V,143.0,V,143,V,36.9,C,36.9,C,31.5,C,31.5,C,34.2,C,34.2,C,64.0,V,64.0,V,False,False,13.79,19.9,28.4,40.0,33,33,35,143.0,False,original
2019-03-27,71.2,V,71.3,E,153.0,V,153,V,35.2,C,35.2,C,22.5,C,22.5,C,22.5,C,22.5,C,66.2,V,66.2,V,False,False,13.78,20.2,28.7,40.0,33,33,35,153.0,False,original
2019-03-28,71.4,V,71.6,E,154.0,V,154,V,32.5,C,32.5,C,20.3,C,20.3,C,26.8,C,26.8,C,66.6,V,66.6,V,False,False,13.79,20.5,28.6,40.0,33,33,35,154.0,False,original
2019-03-29,71.5,V,71.6,E,147.0,V,147,V,37.9,C,37.9,C,21.9,C,21.9,C,25.0,C,25.0,C,66.6,V,66.6,V,False,False,13.79,20.0,28.5,40.0,33,33,35,147.0,False,original
2019-03-30,71.6,V,71.6,V,146.0,V,146,V,44.6,C,44.6,C,22.3,C,22.3,C,26.6,C,26.6,C,66.2,V,66.5,E,False,False,13.79,20.1,28.5,40.0,33,33,35,146.0,False,original
2019-03-31,71.7,V,71.7,V,143.0,V,143,V,52.3,C,52.3,C,23.5,C,23.5,C,30.4,C,30.4,C,66.2,V,66.4,E,False,False,13.79,20.9,28.7,40.0,33,33,35,143.0,False,original
2019-04-01,72.0,V,72.0,V,142.0,V,142,V,45.9,C,45.9,C,30.2,C,30.2,C,32.7,C,32.7,C,66.3,V,66.3,V,False,False,13.78,20.7,28.8,40.0,33,33,34,142.0,False,original
2019-04-02,72.3,V,72.6,E,146.0,V,146,V,34.9,C,34.9,C,31.8,C,31.8,C,32.5,C,32.5,C,66.9,V,66.9,V,False,False,13.78,22.2,29.8,40.4,33,33,34,146.0,False,original
2019-04-03,72.8,V,72.8,V,143.0,V,143,V,43.5,C,43.5,C,32.2,C,32.2,C,36.1,C,36.1,C,66.4,V,66.4,V,False,False,13.78,21.5,29.5,40.3,33,33,34,143.0,False,original
2019-04-04,73.0,V,73.0,V,141.0,V,141,V,43.7,C,43.7,C,32.0,C,32.0,C,32.2,C,32.2,C,66.1,V,66.3,E,False,False,13.77,21.6,29.7,40.3,33,33,34,141.0,False,original
2019-04-05,73.1,V,73.1,V,,S,143,E,34.2,C,34.2,C,30.6,C,30.6,C,30.6,C,30.6,C,66.2,V,66.2,V,False,True,13.78,21.5,29.5,40.3,33,33,34,141.5,True,7-day window
2019-04-06,73.6,V,73.6,V,142.0,V,142,V,39.0,C,39.0,C,30.6,C,30.6,C,36.3,C,36.3,C,66.0,V,66.1,E,False,False,13.78,21.2,29.4,40.2,33,33,34,142.0,False,original
2019-04-07,74.0,V,74.0,V,139.0,V,139,V,48.7,C,48.7,C,36.0,C,36.0,C,39.0,C,39.0,C,66.5,V,66.3,E,False,False,13.77,21.9,29.9,40.3,33,33,34,139.0,False,original
2019-04-08,74.9,V,74.9,V,137.0,V,137,V,48.7,C,48.7,C,34.2,C,34.2,C,34.2,C,34.2,C,69.6,V,67.2,E,False,False,13.76,28.2,33.4,40.6,33,33,34,137.0,False,original
2019-04-09,75.3,V,75.3,V,137.0,V,137,V,37.2,C,37.2,C,27.7,C,27.7,C,28.2,C,28.2,C,64.7,V,64.6,E,False,False,13.77,25.3,34.3,40.6,33,33,34,137.0,False,original
2019-04-10,75.3,V,75.3,V,135.0,V,135,V,46.2,C,46.2,C,23.5,C,23.5,C,32.9,C,32.9,C,63.6,V,64.3,E,False,False,13.79,24.2,32.9,40.6,33,33,34,135.0,False,original
2019-04-11,75.3,V,75.3,V,135.0,V,135,V,39.2,C,39.2,C,28.2,C,28.2,C,29.7,C,29.7,C,63.2,V,63.9,E,False,False,13.79,23.7,32.5,40.6,33,33,34,135.0,False,original
2019-04-12,75.3,V,75.3,V,133.0,V,133,V,46.2,C,46.2,C,25.0,C,25.0,C,34.2,C,34.2,C,63.8,V,63.8,V,False,False,13.78,23.2,32.0,40.6,33,33,34,133.0,False,original
2019-04-13,75.3,V,75.3,V,131.0,V,131,V,51.6,C,51.6,C,27.1,C,27.1,C,32.7,C,32.7,C,63.5,V,63.5,V,False,False,13.77,23.3,32.2,40.6,33,33,34,132.0,True,7-day window
2019-04-14,75.3,V,75.3,V,130.0,V,130,V,45.9,C,45.9,C,32.5,C,32.5,C,37.4,C,37.4,C,62.3,V,62.9,E,False,False,13.77,23.8,32.5,40.6,33,33,34,131.0,True,7-day window
2019-04-15,75.6,V,75.6,V,132.0,V,132,V,41.7,C,41.7,C,29.5,C,29.5,C,31.1,C,31.1,C,62.1,V,62.3,E,False,False,13.77,23.8,32.5,40.6,33,33,34,130.0,True,7-day window
2019-04-16,76.0,V,76.0,V,129.0,V,129,V,44.8,C,44.8,C,30.4,C,30.4,C,32.9,C,32.9,C,62.1,V,61.7,E,False,False,13.78,23.8,32.4,40.6,33,33,34,129.0,False,original
2019-04-17,76.0,V,76.0,V,127.0,V,127,V,58.1,C,58.1,C,28.9,C,28.9,C,39.2,C,39.2,C,62.4,V,61.1,E,False,False,13.28,24.0,32.6,40.6,33,33,34,127.0,False,original
2019-04-18,76.0,V,76.0,V,124.0,V,124,V,64.2,C,64.2,C,36.1,C,36.1,C,36.3,C,36.3,C,62.6,V,60.5,E,False,False,13.75,25.1,33.7,40.6,33,33,33,124.0,False,original
2019-04-19,76.1,V,76.1,V,122.0,V,122,V,60.8,C,60.8,C,34.3,C,34.3,C,35.8,C,35.8,C,59.9,V,59.3,E,False,False,13.74,25.7,34.1,40.6,33,33,33,122.0,False,original
2019-04-20,76.0,V,76.1,E,121.0,V,121,V,45.7,C,45.7,C,29.7,C,29.7,C,29.7,C,29.7,C,58.0,V,58.4,E,False,False,13.75,24.9,33.4,40.6,33,33,33,121.0,False,original
2019-04-21,76.1,V,76.1,V,119.0,V,119,V,48.7,C,48.7,C,28.9,C,28.9,C,41.0,C,41.0,C,57.8,V,57.8,V,False,False,13.75,24.6,33.2,40.6,33,33,33,119.0,False,original
2019-04-22,76.1,V,76.1,V,116.0,V,116,V,55.9,C,55.9,C,36.3,C,36.3,C,45.9,C,45.9,C,57.4,V,57.4,V,False,False,13.74,25.0,33.6,40.6,33,33,33,116.0,False,original
2019-04-23,76.0,V,76.1,E,113.0,V,113,V,62.8,C,62.8,C,36.9,C,36.9,C,37.2,C,37.2,C,56.6,V,56.6,V,False,False,13.72,25.5,34.1,40.6,33,33,33,113.0,False,original
2019-04-24,76.1,V,76.1,V,111.0,V,111,V,65.8,C,65.8,C,36.1,C,36.1,C,36.5,C,36.5,C,55.5,V,55.0,E,False,False,13.71,26.2,35.0,40.6,33,33,33,111.0,False,original
2019-04-25,76.1,V,76.1,V,107.0,V,107,V,64.9,C,64.9,C,35.1,C,35.1,C,36.3,C,36.3,C,52.5,V,52.8,E,False,False,13.7,26.7,35.1,40.6,33,33,33,107.0,False,original
2019-04-26,76.1,V,76.1,V,105.0,V,105,V,62.6,C,62.6,C,34.2,C,34.2,C,36.0,C,36.0,C,50.4,V,50.8,E,False,False,13.7,26.3,35.2,40.6,33,33,33,105.0,False,original
2019-04-27,76.1,V,76.1,V,102.0,V,102,V,60.8,C,60.8,C,33.6,C,33.6,C,34.5,C,34.5,C,48.8,V,48.8,V,False,False,13.69,26.4,35.1,40.7,33,33,33,102.0,False,original
2019-04-28,76.1,V,76.1,V,100.0,V,100,V,60.1,C,60.1,C,31.1,C,31.1,C,34.3,C,34.3,C,47.5,V,47.5,V,False,False,13.7,26.1,34.6,40.7,33,33,33,100.0,False,original
2019-04-29,76.1,V,76.1,V,96.0,V,96,V,56.8,C,56.8,C,30.6,C,30.6,C,39.0,C,39.0,C,46.6,V,46.6,V,False,False,13.7,26.2,34.7,40.7,33,33,33,96.0,False,original
2019-04-30,76.0,V,76.1,E,95.0,V,95,V,44.2,C,44.2,C,30.6,C,30.6,C,30.7,C,30.7,C,45.2,V,45.2,V,False,False,13.73,25.2,34.2,40.7,33,33,33,95.0,False,original
2019-05-01,76.0,V,76.1,E,94.0,V,94,V,50.4,C,50.4,C,26.8,C,26.8,C,29.5,C,29.5,C,43.3,V,43.3,V,False,False,13.73,24.8,33.7,40.7,33,33,33,94.0,False,original
2019-05-02,76.1,V,76.1,V,92.0,V,92,V,55.8,C,55.8,C,26.8,C,26.8,C,32.7,C,32.7,C,42.4,V,42.4,V,False,False,13.71,25.3,34.0,40.7,33,33,33,92.0,False,original
2019-05-03,76.1,V,76.1,V,90.0,V,90,V,57.2,C,57.2,C,31.8,C,31.8,C,33.1,C,33.1,C,41.0,V,41.0,V,False,False,13.69,25.7,34.1,40.7,33,33,33,90.0,False,original
2019-05-04,76.1,V,76.1,V,87.0,V,87,V,60.1,C,60.1,C,32.0,C,32.0,C,34.9,C,34.9,C,40.1,V,40.1,V,False,False,13.69,25.7,34.5,40.7,33,33,33,87.0,False,original
2019-05-05,76.1,V,76.1,V,85.0,V,85,V,62.6,C,62.6,C,32.9,C,32.9,C,36.9,C,36.9,C,38.5,V,38.5,V,False,False,13.71,25.5,34.1,40.7,33,33,33,85.0,False,original
2019-05-06,76.1,V,76.1,V,82.0,V,82,V,60.6,C,60.6,C,35.2,C,35.2,C,35.8,C,35.8,C,37.8,V,37.8,V,False,False,13.7,25.6,34.2,40.7,33,33,33,82.0,False,original
2019-05-07,76.1,V,76.1,V,78.0,V,78,V,59.4,C,59.4,C,33.3,C,33.3,C,36.7,C,36.7,C,37.1,V,37.1,V,False,False,13.69,26.2,34.8,40.7,33,33,33,78.0,False,original
2019-05-08,76.1,V,76.1,V,76.0,V,76,V,60.1,C,60.1,C,36.3,C,36.3,C,39.4,C,39.4,C,35.9,V,35.9,V,False,False,13.69,26.1,34.7,40.7,33,33,33,76.0,False,original
2019-05-09,76.2,V,76.2,V,74.0,V,74,V,56.7,C,56.7,C,36.9,C,36.9,C,42.1,C,42.1,C,34.8,V,34.8,V,False,False,13.69,25.9,34.6,40.7,33,33,33,74.0,False,original
2019-05-10,76.2,V,76.2,V,70.0,V,70,V,57.2,C,57.2,C,35.1,C,35.1,C,35.4,C,35.4,C,33.7,V,33.7,V,False,False,13.68,26.1,34.6,40.7,33,33,33,70.0,False,original
2019-05-11,76.2,V,76.2,V,67.0,V,67,V,64.0,C,64.0,C,33.8,C,33.8,C,37.9,C,37.9,C,32.2,V,32.2,V,False,False,13.67,26.2,35.0,40.7,33,33,33,67.0,False,original
2019-05-12,76.2,V,76.2,V,65.0,V,65,V,66.0,C,66.0,C,36.0,C,36.0,C,37.0,C,37.0,C,30.7,V,30.7,V,False,False,13.66,26.9,35.4,40.7,33,32,33,65.0,False,original
2019-05-13,76.2,V,76.2,V,60.0,V,60,V,60.1,C,60.1,C,36.0,C,36.0,C,37.9,C,37.9,C,29.0,V,29.0,V,False,False,13.66,26.6,35.3,40.7,33,33,33,60.0,False,original
2019-05-14,76.2,V,76.2,V,57.0,V,57,V,55.8,C,55.8,C,35.4,C,35.4,C,38.3,C,38.3,C,28.1,V,28.1,V,False,False,13.67,26.5,35.1,40.7,33,32,33,57.0,False,original
2019-05-15,77.1,V,77.1,V,58.0,V,58,V,42.4,C,42.4,C,34.3,C,34.3,C,36.3,C,36.3,C,27.7,V,27.7,V,False,False,13.69,27.3,35.6,40.7,33,32,33,58.0,False,original
2019-05-16,78.6,V,78.6,V,67.0,V,67,V,36.3,C,36.3,C,28.6,C,28.6,C,30.2,C,30.2,C,28.4,V,29.0,E,False,False,13.73,25.8,34.8,40.7,33,32,33,67.0,False,original
2019-05-17,79.1,V,79.1,V,63.0,V,63,V,38.5,C,38.5,C,29.7,C,29.7,C,31.8,C,31.8,C,28.9,V,29.5,E,False,False,13.73,25.2,34.1,40.7,33,33,33,63.0,False,original
2019-05-18,79.5,V,79.5,V,,S,66,E,42.4,C,42.4,C,28.9,C,28.9,C,32.7,C,32.7,C,29.5,V,29.9,E,False,True,13.76,24.2,33.0,40.7,33,33,33,65.0,True,7-day window
2019-05-19,80.3,V,80.3,V,68.0,V,68,V,36.3,C,36.3,C,27.0,C,27.0,C,28.6,C,28.6,C,30.4,V,30.7,E,False,False,13.77,23.4,32.2,40.6,33,33,33,68.0,False,original
2019-05-20,80.3,V,80.3,V,65.0,V,65,V,40.1,C,40.1,C,21.4,C,21.4,C,32.5,C,32.5,C,30.7,V,30.7,V,False,False,13.77,23.3,32.0,40.6,33,33,33,65.0,False,original
2019-05-21,81.2,V,81.2,V,,S,69,E,36.1,C,36.1,C,29.3,C,29.3,C,30.6,C,30.6,C,31.6,V,31.6,V,False,True,13.77,22.9,31.6,40.6,33,33,33,65.0,True,7-day window
2019-05-22,81.4,V,81.3,E,66.0,V,66,V,46.9,C,46.9,C,27.9,C,27.9,C,37.0,C,37.0,C,31.5,V,31.5,V,False,False,13.76,23.1,31.7,40.6,33,33,33,66.0,False,original
2019-05-23,81.3,V,81.3,V,64.0,V,64,V,53.1,C,53.1,C,33.3,C,33.3,C,33.3,C,33.3,C,30.3,V,31.0,E,False,False,13.72,24.1,32.3,40.6,33,33,33,64.0,False,original
2019-05-24,81.7,V,81.7,V,61.0,V,61,V,54.1,C,54.1,C,32.0,C,32.0,C,35.4,C,35.4,C,30.2,V,30.6,E,False,False,13.73,23.9,32.4,40.6,33,33,33,61.0,False,original
2019-05-25,81.9,V,81.9,V,62.0,V,62,V,47.3,C,47.3,C,34.0,C,34.0,C,38.7,C,38.7,C,29.9,V,30.2,E,False,False,13.73,24.4,32.6,40.7,33,33,33,62.0,False,original
2019-05-26,82.4,V,82.4,V,60.0,V,60,V,39.0,C,39.0,C,30.7,C,30.7,C,32.5,C,32.5,C,30.2,V,30.7,E,False,False,13.73,23.8,32.4,40.6,33,33,33,60.0,False,original
2019-05-27,82.5,V,82.5,V,61.0,V,61,V,50.2,C,50.2,C,31.6,C,31.6,C,37.0,C,37.0,C,30.8,V,30.8,V,False,False,13.74,24.1,32.3,40.6,33,33,33,61.0,False,original
2019-05-28,82.6,V,82.6,V,59.0,V,59,V,54.7,C,54.7,C,36.7,C,36.7,C,38.7,C,38.7,C,30.3,V,30.3,V,False,False,13.71,24.4,32.5,40.7,33,33,33,59.0,False,original
2019-05-29,82.7,V,82.7,V,56.0,V,56,V,59.5,C,59.5,C,36.7,C,36.7,C,36.7,C,36.7,C,29.7,V,29.7,V,False,False,13.69,24.6,33.0,40.7,33,33,33,56.0,False,original
2019-05-30,82.8,V,82.8,V,55.0,V,55,V,56.5,C,56.5,C,34.5,C,34.5,C,36.3,C,36.3,C,28.9,V,28.9,V,False,False,13.72,24.7,32.9,40.7,33,33,33,55.0,False,original
2019-05-31,82.8,V,82.8,V,52.0,V,52,V,59.4,C,59.4,C,36.1,C,36.1,C,37.8,C,37.8,C,28.0,V,28.0,V,False,False,13.68,25.0,33.1,40.7,33,33,33,52.0,False,original
2019-06-01,82.8,V,82.8,V,48.0,V,48,V,63.1,C,63.1,C,37.0,C,37.0,C,37.9,C,37.9,C,26.5,V,26.5,V,False,False,13.66,26.7,34.6,40.7,33,33,33,48.0,False,original
2019-06-02,83.0,V,83.0,V,45.0,V,46,E,64.2,C,64.2,C,36.5,C,36.5,C,38.8,C,38.8,C,24.9,V,24.9,V,False,False,13.66,26.4,34.7,40.7,33,33,33,45.0,False,original
2019-06-03,83.0,V,83.0,V,42.0,V,44,E,69.6,C,69.6,C,38.1,C,38.1,C,39.7,C,39.7,C,24.0,V,24.0,V,False,False,13.64,26.6,34.7,40.7,33,33,33,42.0,False,original
2019-06-04,83.0,V,83.0,V,37.0,V,41,E,71.6,C,71.6,C,39.2,C,39.2,C,41.9,C,41.9,C,22.4,V,22.4,V,False,False,13.61,27.1,35.4,40.7,33,33,33,37.0,False,original
2019-06-05,83.1,V,83.0,E,33.0,V,38,E,70.9,C,70.9,C,40.1,C,40.1,C,41.2,C,41.2,C,20.7,V,20.7,V,False,False,13.55,26.9,35.7,40.7,35,33,33,33.0,False,original
2019-06-06,83.1,V,83.0,E,29.0,V,35,E,60.8,C,60.8,C,40.3,C,40.3,C,41.2,C,41.2,C,19.0,V,19.0,V,False,False,13.61,26.7,35.3,40.7,39,33,33,29.0,False,original
2019-06-07,83.0,V,83.0,V,26.0,V,32,E,53.1,C,53.1,C,36.0,C,36.0,C,39.4,C,39.4,C,17.6,V,17.6,V,False,False,13.65,26.0,34.3,40.7,41,35,34,26.0,False,original
2019-06-08,83.0,V,83.0,V,22.0,V,29,E,59.0,C,59.0,C,35.4,C,35.4,C,45.0,C,45.0,C,15.8,V,15.8,V,False,False,13.65,25.3,33.8,40.7,42,37,35,22.0,False,original
2019-06-09,83.1,V,83.0,E,20.0,V,26,E,68.4,C,68.4,C,40.5,C,40.5,C,41.4,C,41.4,C,14.4,V,14.4,V,False,False,13.6,25.1,33.6,40.7,44,38,35,20.0,False,original
2019-06-10,83.1,V,83.1,V,15.0,V,23,E,73.8,C,73.8,C,39.2,C,39.2,C,43.5,C,43.5,C,12.7,V,12.7,V,False,False,13.58,25.4,34.0,40.7,46,40,36,15.0,False,original
2019-06-11,83.1,V,83.1,V,9.0,V,19,E,77.0,C,77.0,C,41.7,C,41.7,C,43.9,C,43.9,C,10.6,V,10.6,V,False,False,13.56,25.5,34.4,40.7,47,42,37,9.0,False,original
2019-06-12,83.2,V,83.1,E,6.0,V,16,E,75.0,C,75.0,C,42.4,C,42.4,C,43.7,C,43.7,C,8.7,V,8.7,V,False,False,13.56,25.8,34.7,40.7,48,43,38,6.0,False,original
2019-06-13,83.1,V,83.1,V,2.0,V,11,E,71.4,C,71.4,C,40.6,C,40.6,C,43.2,C,43.2,C,6.0,V,6.0,V,False,False,13.56,25.1,34.3,40.7,48,43,38,2.0,False,original
2019-06-14,83.1,V,83.1,V,,V,8,E,73.6,C,73.6,C,41.7,C,41.7,C,43.5,C,43.5,C,4.3,V,4.3,V,False,True,13.55,25.3,34.2,40.7,49,44,39,2.0,True,7-day window
2019-06-15,83.1,V,83.1,V,0.0,V,4,E,71.1,C,71.1,C,41.7,C,41.7,C,41.9,C,41.9,C,4.2,V,2.0,E,False,False,13.54,24.9,33.9,40.7,49,45,40,0.0,False,original
2019-06-16,83.1,V,83.1,V,1.0,V,0,E,74.1,C,74.1,C,40.6,C,40.6,C,44.6,C,44.6,C,4.3,V,0.0,E,False,False,13.58,24.2,33.5,40.7,47,44,40,1.0,False,original
2019-06-17,83.1,V,83.1,V,,V,0,E,75.2,C,75.2,C,43.9,C,43.9,C,51.3,C,51.3,C,0.2,V,0.0,E,False,True,13.54,23.9,33.1,40.7,48,44,41,0.0,True,7-day window
2019-06-18,83.1,V,83.1,V,,S,0,E,78.3,C,78.3,C,46.0,C,46.0,C,47.5,C,47.5,C,0.7,V,0.0,E,False,True,13.48,23.9,32.6,40.7,51,45,41,0.5,True,7-day window
2019-06-19,83.1,V,83.1,V,,S,0,E,75.7,C,75.7,C,43.9,C,43.9,C,46.4,C,46.4,C,0.9,V,0.0,E,False,True,13.5,23.5,32.5,40.7,52,46,41,0.5,True,7-day window
2019-06-20,83.2,V,83.1,E,0.0,V,0,V,67.8,C,67.8,C,41.4,C,41.4,C,41.2,C,41.2,C,0.9,V,0.0,E,False,False,13.42,23.2,31.0,40.6,51,47,42,0.0,False,original
2019-06-21,83.0,V,83.1,E,1.0,V,0,E,65.1,C,65.1,C,38.7,C,38.7,C,46.2,C,46.2,C,0.5,V,0.0,E,False,False,13.54,22.5,30.7,40.5,50,47,42,0.0,True,7-day window
2019-06-22,83.1,V,83.1,V,0.0,V,0,V,67.3,C,67.3,C,42.4,C,42.4,C,42.4,C,42.4,C,0.7,V,0.0,E,False,False,13.55,22.1,30.1,40.5,50,46,43,0.0,False,original
2019-06-23,83.1,V,83.1,V,,S,0,E,71.2,C,71.2,C,38.8,C,38.8,C,44.2,C,44.2,C,1.1,V,0.0,E,False,True,13.54,22.0,29.8,40.4,51,47,43,0.0,True,7-day window
2019-06-24,83.1,V,83.1,V,,V,0,E,69.4,C,69.4,C,41.4,C,41.4,C,43.0,C,43.0,C,1.2,V,0.0,E,False,True,13.54,21.6,29.5,40.4,51,47,43,0.0,True,7-day window
2019-06-25,83.1,V,83.1,V,0.0,V,0,V,66.4,C,66.4,C,38.5,C,38.5,C,43.9,C,43.9,C,1.8,V,0.0,E,False,False,13.54,21.4,29.2,40.4,51,47,43,0.0,False,original
2019-06-26,83.1,V,83.1,V,0.0,V,0,V,62.4,C,62.4,C,38.7,C,38.7,C,44.4,C,44.4,C,1.8,V,0.0,E,False,False,13.56,20.9,29.0,40.4,50,47,43,0.0,False,original
2019-06-27,83.1,V,83.1,V,0.0,V,0,V,59.7,C,59.7,C,41.4,C,41.4,C,42.1,C,42.1,C,1.7,V,0.0,E,False,False,13.59,20.8,28.6,40.4,50,47,44,0.0,False,original
2019-06-28,83.0,V,83.1,E,0.0,V,0,V,61.0,C,61.0,C,39.4,C,39.4,C,39.4,C,39.4,C,,V,0.0,E,False,True,13.58,20.6,28.3,40.3,50,47,44,0.0,False,original
2019-06-29,83.0,V,83.1,E,0.0,V,0,V,64.9,C,64.9,C,35.8,C,35.8,C,41.7,C,41.7,C,,V,0.0,E,False,True,13.58,19.5,27.4,40.3,49,47,44,0.0,False,original
2019-06-30,83.1,V,83.1,V,0.0,V,0,V,68.4,C,68.4,C,41.4,C,41.4,C,44.2,C,44.2,C,0.2,V,0.0,E,False,False,13.55,18.0,25.1,40.2,51,47,44,0.0,False,original
2019-07-01,83.1,V,83.1,V,0.0,V,0,V,70.3,C,70.3,C,41.4,C,41.4,C,44.4,C,44.4,C,0.2,V,0.0,E,False,False,13.54,16.5,23.1,40.1,51,48,44,0.0,False,original
2019-07-02,83.1,V,83.1,V,0.0,V,0,V,69.4,C,69.4,C,40.8,C,40.8,C,43.9,C,43.9,C,0.6,V,0.0,E,False,False,13.52,15.6,21.4,39.9,52,48,44,0.0,False,original
2019-07-03,83.1,V,83.1,V,0.0,V,0,V,67.3,C,67.3,C,39.7,C,39.7,C,42.3,C,42.3,C,0.6,V,0.0,E,False,False,13.53,14.1,20.2,39.8,52,48,45,0.0,False,original
2019-07-04,83.1,V,83.1,V,0.0,V,0,V,70.7,C,70.7,C,41.4,C,41.4,C,48.7,C,48.7,C,1.0,V,0.0,E,False,False,13.51,13.4,19.0,39.5,53,49,45,0.0,False,original
2019-07-05,83.1,V,83.1,V,0.0,V,0,V,75.7,C,75.7,C,45.0,C,45.0,C,47.8,C,47.8,C,1.2,V,0.0,E,False,False,13.48,12.7,18.2,39.1,54,50,45,0.0,False,original
2019-07-06,83.1,V,83.1,V,0.0,V,0,V,74.1,C,74.1,C,43.5,C,43.5,C,47.5,C,47.5,C,1.4,V,0.0,E,False,False,13.49,12.0,17.2,38.7,54,50,45,0.0,False,original
2019-07-07,83.0,V,83.1,E,0.0,V,0,V,69.6,C,69.6,C,43.0,C,43.0,C,46.8,C,46.8,C,1.0,V,0.0,E,False,False,13.52,11.2,16.7,38.3,53,50,46,0.0,False,original
2019-07-08,83.1,V,83.1,V,1.0,V,0,E,68.4,C,68.4,C,41.7,C,41.7,C,44.6,C,44.6,C,0.9,V,0.0,E,False,False,13.52,10.9,16.1,37.7,53,50,46,0.0,True,7-day window
2019-07-09,83.0,V,83.1,E,0.0,V,0,V,72.0,C,72.0,C,40.6,C,40.6,C,48.6,C,48.6,C,1.2,V,0.0,E,False,False,13.52,10.3,15.2,37.0,54,50,46,0.0,False,original
2019-07-10,83.0,V,83.1,E,0.0,V,0,V,74.3,C,74.3,C,46.0,C,46.0,C,49.6,C,49.6,C,1.4,V,0.0,E,False,False,13.47,10.0,14.6,36.3,56,51,46,0.0,False,original
2019-07-11,83.0,V,83.1,E,0.0,V,0,V,77.5,C,77.5,C,46.2,C,46.2,C,51.1,C,51.1,C,2.0,V,0.0,E,False,False,13.46,9.7,14.4,35.5,57,52,46,0.0,False,original
2019-07-12,83.1,V,83.1,V,0.0,V,0,V,79.9,C,79.9,C,48.2,C,48.2,C,51.3,C,51.3,C,2.2,V,0.0,E,False,False,13.46,8.9,13.8,34.7,58,53,47,0.0,False,original
2019-07-13,83.0,V,83.1,E,0.0,V,0,V,77.7,C,77.7,C,47.5,C,47.5,C,50.5,C,50.5,C,2.1,V,0.0,E,False,False,13.45,8.6,13.4,33.9,58,53,47,0.0,False,original
2019-07-14,83.0,V,83.1,E,0.0,V,0,V,76.6,C,76.6,C,45.9,C,45.9,C,49.1,C,49.1,C,2.0,V,0.0,E,False,False,13.47,8.0,12.8,33.2,57,53,47,0.0,False,original
2019-07-15,83.0,V,83.1,E,0.0,V,0,V,75.2,C,75.2,C,45.3,C,45.3,C,50.2,C,50.2,C,2.2,S,0.0,E,False,False,13.47,7.5,12.3,32.4,57,53,48,0.0,False,original
2019-07-16,83.0,V,83.1,E,0.0,V,0,V,73.6,C,73.6,C,45.9,C,45.9,C,50.5,C,50.5,C,2.1,V,0.0,E,False,False,13.47,7.5,12.5,31.8,58,53,48,0.0,False,original
2019-07-17,83.1,V,83.1,V,0.0,V,0,V,75.6,C,75.6,C,46.9,C,46.9,C,52.2,C,52.2,C,2.4,V,0.0,E,False,False,13.46,6.8,12.1,31.2,58,54,48,0.0,False,original
2019-07-18,83.1,V,83.1,V,,V,0,E,75.7,C,75.7,C,50.2,C,50.2,C,51.8,C,51.8,C,2.5,V,0.0,E,False,True,13.46,6.5,11.5,30.6,58,54,48,0.0,True,7-day window
2019-07-19,83.1,V,83.1,V,0.0,V,0,V,75.0,C,75.0,C,48.6,C,48.6,C,50.5,C,50.5,C,2.5,V,0.0,E,False,False,13.45,6.4,11.1,30.0,59,54,49,0.0,False,original
2019-07-20,83.1,V,83.1,V,,S,0,E,74.8,C,74.8,C,48.4,C,48.4,C,55.2,C,55.2,C,2.7,V,0.0,E,False,True,13.45,6.1,11.1,29.5,60,55,49,0.0,True,31-day fallback window
2019-07-21,83.1,V,83.1,V,,S,0,E,77.5,C,77.5,C,52.3,C,52.3,C,59.0,C,59.0,C,3.1,V,0.0,E,False,True,13.43,5.7,10.8,28.9,60,55,49,0.0,True,31-day fallback window
2019-07-22,83.1,V,83.1,V,,V,0,E,79.0,C,79.0,C,52.2,C,52.2,C,56.5,C,56.5,C,2.7,S,0.0,E,False,True,13.42,5.4,10.6,28.2,61,56,49,0.0,True,31-day fallback window
2019-07-23,83.1,V,83.1,V,,V,0,E,77.7,C,77.7,C,53.2,C,53.2,C,53.6,C,53.6,C,2.5,S,0.0,E,False,True,13.42,5.1,10.0,27.9,60,56,50,0.0,True,31-day fallback window
2019-07-24,83.1,V,83.1,V,,S,0,E,79.5,C,79.5,C,50.0,C,50.0,C,55.4,C,55.4,C,2.1,S,0.0,E,False,True,13.42,4.8,9.8,27.4,61,56,50,0.0,True,31-day fallback window
2019-07-25,83.1,V,83.1,V,,S,0,E,81.3,C,81.3,C,52.3,C,52.3,C,59.2,C,59.2,C,2.2,S,0.0,E,False,True,13.42,4.1,9.4,26.9,61,57,50,0.0,True,31-day fallback window
2019-07-26,83.1,V,83.1,V,,S,0,E,77.0,C,77.0,C,56.1,C,56.1,C,56.5,C,56.5,C,2.1,S,0.0,E,False,True,13.41,3.8,9.1,26.5,62,57,51,0.0,True,31-day fallback window
2019-07-27,83.1,V,83.1,V,,S,0,E,81.0,C,81.0,C,52.3,C,52.3,C,59.7,C,59.7,C,2.1,S,0.0,E,False,True,13.4,3.6,8.7,26.0,63,58,51,0.0,True,31-day fallback window
2019-07-28,83.1,V,83.1,V,,S,0,E,80.6,C,80.6,C,53.2,C,53.2,C,53.1,C,53.1,C,1.9,S,0.0,E,False,True,13.4,3.8,8.3,25.5,63,58,51,0.0,True,31-day fallback window
2019-07-29,83.0,V,83.1,E,,V,0,E,76.6,C,76.6,C,49.5,C,49.5,C,50.5,C,50.5,C,1.6,S,0.0,E,False,True,13.43,3.6,7.8,25.1,62,58,51,0.0,True,31-day fallback window
2019-07-30,83.0,V,83.1,E,,V,0,E,75.7,C,75.7,C,45.0,C,45.0,C,50.5,C,50.5,C,0.8,S,0.0,E,False,True,13.46,2.6,7.3,24.7,61,57,51,0.0,True,31-day fallback window
2019-07-31,83.0,V,83.1,E,0.0,V,0,V,76.3,C,76.3,C,46.2,C,46.2,C,48.4,C,48.4,C,0.8,S,0.0,E,False,False,13.45,2.7,6.8,24.5,61,57,51,0.0,False,original
2019-08-01,83.0,V,83.1,E,,V,0,E,74.8,C,74.8,C,46.2,C,46.2,C,47.8,C,47.8,C,0.8,S,0.0,E,False,True,13.46,2.4,6.4,23.9,60,57,51,0.0,True,7-day window
2019-08-02,83.0,V,83.1,E,0.0,V,0,V,77.5,C,77.5,C,44.2,C,44.2,C,51.6,C,51.6,C,0.1,S,0.0,E,False,False,13.45,2.2,6.2,23.8,60,56,51,0.0,False,original
2019-08-03,83.1,V,83.1,V,0.0,V,0,V,80.8,C,80.8,C,49.3,C,49.3,C,51.8,C,51.8,C,0.2,S,0.0,E,False,False,13.41,2.5,5.9,23.4,62,57,51,0.0,False,original
2019-08-04,83.1,V,83.1,V,,V,0,E,78.1,C,78.1,C,49.1,C,49.1,C,50.9,C,50.9,C,0.0,S,0.0,V,False,True,13.43,2.2,5.5,23.0,62,57,52,0.0,True,31-day fallback window
2019-08-05,83.1,V,83.1,V,,V,0,E,78.1,C,78.1,C,47.7,C,47.7,C,58.6,C,58.6,C,0.1,S,0.0,E,False,True,13.44,1.6,4.3,22.6,61,57,52,0.0,True,7-day window
2019-08-06,83.1,V,83.1,V,,V,0,E,77.9,C,77.9,C,55.4,C,55.4,C,55.6,C,55.6,C,0.0,S,0.0,V,False,True,13.43,1.7,4.0,22.0,61,57,52,0.0,True,31-day fallback window
2019-08-07,2.9,S,83.1,E,,S,0,E,78.1,C,78.1,C,53.8,C,53.8,C,54.0,C,54.0,C,,S,0.0,E,False,True,13.07,1.8,3.9,21.8,62,58,52,0.0,True,31-day fallback window
2019-08-08,83.1,V,83.1,V,0.0,V,0,V,73.6,C,73.6,C,48.4,C,48.4,C,48.4,C,48.4,C,0.0,V,0.0,V,False,False,13.33,1.6,2.9,21.4,61,58,52,0.0,False,original
2019-08-09,83.1,V,83.1,V,,S,0,E,66.6,C,66.6,C,43.5,C,43.5,C,43.5,C,43.5,C,0.1,V,0.0,E,False,True,13.4,1.2,3.1,21.2,60,57,52,0.0,True,31-day fallback window
2019-08-10,83.1,V,83.1,V,,S,0,E,61.9,C,61.9,C,39.9,C,39.9,C,44.8,C,44.8,C,0.1,V,0.0,E,False,True,13.49,1.2,2.7,21.3,57,56,52,0.0,True,31-day fallback window
2019-08-11,83.1,V,83.1,V,,S,0,E,68.9,C,68.9,C,38.3,C,38.3,C,52.2,C,52.2,C,0.1,V,0.0,E,False,True,13.49,1.3,3.6,21.0,58,55,52,0.0,True,31-day fallback window
2019-08-12,83.1,V,83.1,V,,S,0,E,75.0,C,75.0,C,47.8,C,47.8,C,49.6,C,49.6,C,0.1,V,0.0,E,False,True,13.44,1.0,1.8,20.5,60,56,52,0.0,True,31-day fallback window
2019-08-13,83.1,V,83.1,V,,V,0,E,78.4,C,78.4,C,46.9,C,46.9,C,51.1,C,51.1,C,0.1,V,0.0,E,False,True,13.44,1.2,1.8,20.5,61,57,52,0.0,True,31-day fallback window
2019-08-14,83.1,V,83.1,V,0.0,V,0,V,83.3,C,83.3,C,48.0,C,48.0,C,53.6,C,53.6,C,0.1,V,0.0,E,False,False,13.42,0.4,1.6,20.0,62,57,52,0.0,False,original
2019-08-15,83.1,V,83.1,V,,V,0,E,83.7,C,83.7,C,51.1,C,51.1,C,53.8,C,53.8,C,0.1,V,0.0,E,False,True,13.4,1.1,0.5,19.5,63,58,52,0.0,True,31-day fallback window
2019-08-16,83.1,V,83.1,V,,S,0,E,80.2,C,80.2,C,50.9,C,50.9,C,53.2,C,53.2,C,0.1,V,0.0,E,False,True,13.4,0.5,0.8,19.2,63,58,53,0.0,True,31-day fallback window
2019-08-17,83.1,V,83.1,V,,S,0,E,78.6,C,78.6,C,48.6,C,48.6,C,51.8,C,51.8,C,0.1,V,0.0,E,False,True,13.41,0.8,0.3,18.8,63,58,53,0.0,True,31-day fallback window
2019-08-18,83.1,V,83.1,V,,V,0,E,77.5,C,77.5,C,48.4,C,48.4,C,54.1,C,54.1,C,0.1,V,0.0,E,False,True,13.43,0.2,0.0,18.5,62,59,53,0.0,True,31-day fallback window
2019-08-19,83.1,V,83.1,V,,V,0,E,74.8,C,74.8,C,49.3,C,49.3,C,50.5,C,50.5,C,0.1,V,0.0,E,False,True,13.44,0.7,0.0,17.8,62,58,53,0.0,True,31-day fallback window
2019-08-20,83.1,V,83.1,V,0.0,V,0,V,77.2,C,77.2,C,48.0,C,48.0,C,49.5,C,49.5,C,0.1,V,0.0,E,False,False,13.44,0.7,0.5,17.7,62,58,53,0.0,False,original
2019-08-21,83.1,V,83.1,V,,V,0,E,77.7,C,77.7,C,45.5,C,45.5,C,51.8,C,51.8,C,0.1,V,0.0,E,False,True,13.46,0.2,0.0,17.6,60,58,53,0.0,True,31-day fallback window
2019-08-22,83.2,V,83.1,E,,S,0,E,77.7,C,77.7,C,50.2,C,50.2,C,56.8,C,56.8,C,0.1,V,0.0,E,False,True,13.43,0.2,0.0,16.8,62,58,53,0.0,True,31-day fallback window
2019-08-23,83.1,V,83.1,V,,S,0,E,80.1,C,80.1,C,52.3,C,52.3,C,55.9,C,55.9,C,0.1,V,0.0,E,False,True,13.41,0.2,0.0,16.4,64,59,54,0.0,True,31-day fallback window
2019-08-24,83.1,V,83.1,V,,S,0,E,78.8,C,78.8,C,53.1,C,53.1,C,54.5,C,54.5,C,0.1,V,0.0,E,False,True,13.4,0.6,0.0,16.0,64,60,54,0.0,True,31-day fallback window
2019-08-25,83.1,V,83.1,V,,V,0,E,79.0,C,79.0,C,50.5,C,50.5,C,50.5,C,50.5,C,0.1,V,0.0,E,False,True,13.41,0.7,0.0,15.6,64,60,54,0.0,True,31-day fallback window
2019-08-26,83.2,V,83.2,V,,V,0,E,85.6,C,85.6,C,48.7,C,48.7,C,58.8,C,58.8,C,0.1,V,0.0,E,False,True,13.4,0.6,0.0,15.1,64,60,54,0.0,True,31-day fallback window
2019-08-27,83.1,V,83.2,E,,S,0,E,87.6,C,87.6,C,55.4,C,55.4,C,60.1,C,60.1,C,0.1,V,0.0,E,False,True,13.37,0.3,0.0,14.4,65,62,54,0.0,True,31-day fallback window
2019-08-28,83.2,V,83.2,V,,V,0,E,81.1,C,81.1,C,55.4,C,55.4,C,55.4,C,55.4,C,0.1,V,0.0,E,False,True,13.39,0.3,0.0,13.9,65,62,55,0.0,True,31-day fallback window
2019-08-29,83.2,V,83.2,V,,S,0,E,75.9,C,75.9,C,51.8,C,51.8,C,53.2,C,53.2,C,0.1,V,0.0,E,False,True,13.41,0.1,0.0,13.2,64,62,55,0.0,True,7-day window
2019-08-30,83.1,V,83.2,E,0.0,V,0,V,75.9,C,75.9,C,49.3,C,49.3,C,49.3,C,49.3,C,0.1,V,0.0,E,False,False,13.41,0.1,0.0,12.8,64,62,55,0.0,False,original
2019-08-31,83.2,V,83.2,V,0.0,V,0,V,78.6,C,78.6,C,44.4,C,44.4,C,50.4,C,50.4,C,0.1,V,0.0,E,False,False,13.44,0.0,0.0,12.6,64,61,55,0.0,False,original
2019-09-01,83.1,V,83.2,E,0.0,V,0,V,78.6,C,78.6,C,47.5,C,47.5,C,54.1,C,54.1,C,0.1,V,0.0,E,False,False,13.42,0.0,0.0,12.0,64,62,55,0.0,False,original
2019-09-02,83.2,V,83.2,V,,V,0,E,79.0,C,79.0,C,51.3,C,51.3,C,54.9,C,54.9,C,0.1,V,0.0,E,False,True,13.41,0.0,0.0,11.3,65,62,56,0.0,True,7-day window
2019-09-03,83.2,V,83.2,V,,S,0,E,78.8,C,78.8,C,52.9,C,52.9,C,54.7,C,54.7,C,0.0,V,0.0,V,False,True,13.4,0.0,0.0,11.1,65,63,56,0.0,True,31-day fallback window
2019-09-04,83.2,V,83.2,V,,S,0,E,80.6,C,80.6,C,52.0,C,52.0,C,59.2,C,59.2,C,0.1,V,0.0,E,False,True,13.41,0.0,0.0,10.3,66,63,56,0.0,True,31-day fallback window
2019-09-05,83.2,V,83.2,V,,S,0,E,76.5,C,76.5,C,54.0,C,54.0,C,54.0,C,54.0,C,0.1,V,0.0,E,False,True,13.41,0.0,0.0,9.7,65,63,56,0.0,True,31-day fallback window
2019-09-06,83.2,V,83.2,V,,S,0,E,72.9,C,72.9,C,49.1,C,49.1,C,49.3,C,49.3,C,0.1,V,0.0,E,False,True,13.41,0.0,0.0,9.6,65,63,56,0.0,True,7-day window
2019-09-07,83.1,V,83.2,E,0.0,V,0,V,70.9,C,70.9,C,41.0,C,41.0,C,41.0,C,41.0,C,0.1,V,0.0,E,False,False,13.47,0.0,0.0,8.7,64,62,57,0.0,False,original
2019-09-08,83.1,V,83.2,E,0.0,V,0,V,62.6,C,62.6,C,35.4,C,35.4,C,38.7,C,38.7,C,0.0,V,0.0,V,False,False,13.51,0.0,0.0,8.7,63,62,57,0.0,False,original
2019-09-09,83.1,V,83.2,E,0.0,V,0,V,59.5,C,59.5,C,34.7,C,34.7,C,38.5,C,38.5,C,0.0,V,0.0,V,False,False,13.55,0.0,0.0,8.2,61,60,57,0.0,False,original
2019-09-10,83.1,V,83.2,E,1.0,V,0,E,55.8,C,55.8,C,32.7,C,32.7,C,35.1,C,35.1,C,0.0,V,0.0,V,False,False,13.58,0.0,0.0,8.2,58,59,56,0.0,True,7-day window
2019-09-11,83.1,V,83.2,E,0.0,V,0,V,67.1,C,67.1,C,34.9,C,34.9,C,49.3,C,49.3,C,0.1,V,0.0,E,False,False,13.54,0.0,0.0,8.0,61,59,56,0.0,False,original
2019-09-12,83.1,V,83.2,E,0.0,V,0,V,71.8,C,71.8,C,43.7,C,43.7,C,49.3,C,49.3,C,0.1,V,0.0,E,False,False,13.48,0.0,0.0,7.5,63,60,56,0.0,False,original
2019-09-13,83.2,V,83.2,V,0.0,V,0,V,75.9,C,75.9,C,44.1,C,44.1,C,47.3,C,47.3,C,0.0,V,0.0,V,False,False,13.46,0.0,0.0,7.1,64,61,56,0.0,False,original
2019-09-14,83.2,V,83.2,V,,V,0,E,77.7,C,77.7,C,43.7,C,43.7,C,50.5,C,50.5,C,0.1,V,0.0,E,False,True,13.46,0.0,0.0,6.6,65,62,56,0.0,True,7-day window
2019-09-15,83.2,V,83.2,V,0.0,V,0,V,70.3,C,70.3,C,49.6,C,49.6,C,49.8,C,49.8,C,0.1,V,0.0,E,False,False,13.47,0.0,0.0,6.4,64,62,56,0.0,False,original
2019-09-16,83.7,V,83.7,V,0.0,V,0,V,50.0,C,50.0,C,31.1,C,31.1,C,31.5,C,31.5,C,0.0,V,0.0,V,False,False,13.54,0.0,0.7,6.4,54,57,57,0.0,False,original
2019-09-17,83.7,V,83.7,V,0.0,V,0,V,58.6,C,58.6,C,30.4,C,30.4,C,38.7,C,38.7,C,0.1,V,0.0,E,False,False,13.58,0.0,0.0,6.1,56,56,56,0.0,False,original
2019-09-18,84.4,V,84.4,V,1.0,V,0,E,44.6,C,44.6,C,32.7,C,32.7,C,33.6,C,33.6,C,0.1,V,0.0,E,False,False,13.63,0.0,3.5,12.7,52,54,55,0.0,True,7-day window
2019-09-19,84.4,V,84.4,V,1.0,V,0,E,48.4,C,48.4,C,32.9,C,32.9,C,38.3,C,38.3,C,0.1,V,0.0,E,False,False,13.63,0.0,3.2,11.4,52,53,55,0.0,True,7-day window
2019-09-20,84.4,V,84.4,V,0.0,V,0,V,59.4,C,59.4,C,33.1,C,33.1,C,42.3,C,42.3,C,0.1,V,0.0,E,False,False,13.58,0.0,2.1,10.4,55,53,54,0.0,False,original
2019-09-21,84.5,V,84.5,V,0.0,V,0,V,63.9,C,63.9,C,36.3,C,36.3,C,39.9,C,39.9,C,0.1,V,0.0,E,False,False,13.54,0.0,1.3,9.5,56,55,54,0.0,False,original
2019-09-22,84.5,V,84.5,V,1.0,V,0,E,63.0,C,63.0,C,38.1,C,38.1,C,40.6,C,40.6,C,0.1,V,0.0,E,False,False,13.58,0.0,0.5,9.2,55,55,54,0.0,True,7-day window
2019-09-23,84.5,V,84.5,V,0.0,V,0,V,62.8,C,62.8,C,36.3,C,36.3,C,48.6,C,48.6,C,0.1,V,0.0,E,False,False,13.54,0.0,0.0,8.4,57,55,54,0.0,False,original
2019-09-24,84.5,V,84.5,V,0.0,V,0,V,73.6,C,73.6,C,44.1,C,44.1,C,59.5,C,59.5,C,0.2,V,0.0,E,False,False,13.5,0.0,0.0,8.2,60,57,54,0.0,False,original
2019-09-25,84.5,V,84.5,V,0.0,V,0,V,73.4,C,73.4,C,54.7,C,54.7,C,55.0,C,55.0,C,0.2,V,0.0,E,False,False,13.46,0.0,0.0,7.9,62,58,54,0.0,False,original
2019-09-26,84.5,V,84.5,V,,V,0,E,73.8,C,73.8,C,46.2,C,46.2,C,51.4,C,51.4,C,0.1,V,0.0,E,False,True,13.46,0.0,0.0,7.5,63,60,55,0.0,True,7-day window
2019-09-27,84.5,V,84.5,V,0.0,V,0,V,64.8,C,64.8,C,45.0,C,45.0,C,45.7,C,45.7,C,0.2,V,0.0,E,False,False,13.48,0.0,0.0,7.4,62,60,55,0.0,False,original
2019-09-28,84.9,V,84.9,V,0.0,V,0,V,46.2,C,46.2,C,28.0,C,28.0,C,28.4,C,28.4,C,0.1,V,0.0,E,False,False,13.54,0.0,0.0,6.8,53,56,56,0.0,False,original
2019-09-29,85.1,V,85.1,V,,S,0,E,35.2,C,35.2,C,27.1,C,27.1,C,28.4,C,28.4,C,0.2,V,0.0,E,False,True,13.68,0.0,0.0,7.0,49,53,55,0.0,True,7-day window
2019-09-30,85.4,V,85.4,V,2.0,V,2,V,34.5,C,34.5,C,24.4,C,24.4,C,25.0,C,25.0,C,0.1,V,0.3,E,False,False,13.73,0.0,0.9,6.6,46,50,54,2.0,False,original
2019-10-01,0.0,V,0.0,V,1.0,V,1,V,45.3,C,45.3,C,25.0,C,25.0,C,28.9,C,28.9,C,0.3,V,0.3,V,False,False,13.68,0.0,0.9,6.7,48,49,53,1.0,False,original
2019-10-02,0.0,V,0.0,V,0.0,V,0,V,57.4,C,57.4,C,25.7,C,25.7,C,30.6,C,30.6,C,0.4,V,0.0,E,False,False,13.64,0.0,0.0,6.7,51,50,52,0.0,False,original
2019-10-03,0.1,V,0.1,V,0.0,V,0,V,53.1,C,53.1,C,29.7,C,29.7,C,37.0,C,37.0,C,0.4,V,0.0,E,False,False,13.64,0.0,0.0,6.6,51,51,52,0.0,False,original
2019-10-04,0.1,V,0.1,V,0.0,V,0,V,55.0,C,55.0,C,29.1,C,29.1,C,32.7,C,32.7,C,0.4,V,0.0,E,False,False,13.62,0.0,0.0,6.5,52,51,52,0.0,False,original
2019-10-05,0.1,V,0.1,V,1.0,V,0,E,63.7,C,63.7,C,29.3,C,29.3,C,45.7,C,45.7,C,0.4,V,0.0,E,False,False,13.58,0.0,0.0,6.2,54,52,52,1.0,False,original
2019-10-06,0.1,V,0.1,V,1.0,V,0,E,69.4,C,69.4,C,40.1,C,40.1,C,40.1,C,40.1,C,0.4,V,0.0,E,False,False,13.54,0.0,0.0,6.0,55,53,52,1.0,False,original
2019-10-07,0.1,V,0.1,V,1.0,V,0,E,67.3,C,67.3,C,36.7,C,36.7,C,37.8,C,37.8,C,0.3,V,0.0,E,False,False,13.54,0.0,0.0,6.2,55,54,52,1.0,False,original
2019-10-08,0.1,V,0.1,V,1.0,V,0,E,64.8,C,64.8,C,34.7,C,34.7,C,43.9,C,43.9,C,0.4,V,0.0,E,False,False,13.58,0.0,0.0,5.7,55,54,53,1.0,False,original
2019-10-09,0.1,V,0.1,V,2.0,V,0,E,53.1,C,53.1,C,29.3,C,29.3,C,29.3,C,29.3,C,0.3,V,0.0,E,False,False,12.93,0.0,0.0,5.7,54,54,53,1.0,True,7-day window
2019-10-10,0.1,V,0.1,V,1.0,V,0,E,52.3,C,52.3,C,26.6,C,26.6,C,33.6,C,33.6,C,0.3,V,0.0,E,False,False,12.87,0.0,0.0,5.5,52,52,53,1.0,False,original
2019-10-11,0.1,V,0.1,V,1.0,V,0,E,61.9,C,61.9,C,27.1,C,27.1,C,33.3,C,33.3,C,0.4,V,0.0,E,False,False,12.85,0.0,0.0,5.6,53,52,52,1.0,False,original
2019-10-12,0.1,V,0.1,V,0.0,V,0,V,62.6,C,62.6,C,30.6,C,30.6,C,33.3,C,33.3,C,0.4,V,0.0,E,False,False,13.56,0.0,0.0,5.7,54,53,52,0.0,False,original
2019-10-13,0.1,V,0.1,V,1.0,V,0,E,57.9,C,57.9,C,30.6,C,30.6,C,30.6,C,30.6,C,0.3,V,0.0,E,False,False,13.6,0.0,0.0,5.0,53,53,52,1.0,False,original
2019-10-14,0.1,V,0.1,V,0.0,V,0,V,62.1,C,62.1,C,28.2,C,28.2,C,34.9,C,34.9,C,0.4,V,0.0,E,False,False,13.58,0.0,0.0,5.3,54,52,52,0.0,False,original
2019-10-15,0.1,V,0.1,V,1.0,V,0,E,63.1,C,63.1,C,32.5,C,32.5,C,35.2,C,35.2,C,0.4,V,0.0,E,False,False,13.57,0.0,0.0,5.3,54,53,52,1.0,False,original
2019-10-16,0.2,V,0.2,V,0.0,V,0,V,61.7,C,61.7,C,34.0,C,34.0,C,43.9,C,43.9,C,0.4,V,0.0,E,False,False,13.62,0.0,0.0,5.2,53,52,52,0.0,False,original
2019-10-17,0.2,V,0.2,V,,V,0,E,46.2,C,46.2,C,27.9,C,27.9,C,27.9,C,27.9,C,0.4,V,0.0,E,False,True,13.6,0.0,0.0,4.6,50,51,52,0.0,True,7-day window
2019-10-18,0.2,V,0.2,V,,V,0,E,49.8,C,49.8,C,26.4,C,26.4,C,29.3,C,29.3,C,0.4,V,0.0,E,False,True,13.64,0.0,0.0,4.7,50,50,52,0.0,True,7-day window
2019-10-19,0.2,V,0.2,V,,S,0,E,42.1,C,42.1,C,28.9,C,28.9,C,29.1,C,29.1,C,0.4,V,0.0,E,False,True,13.68,0.0,0.0,5.1,47,49,52,0.0,True,7-day window
2019-10-20,0.3,V,0.2,E,0.0,V,0,V,58.6,C,58.6,C,27.5,C,27.5,C,36.7,C,36.7,C,0.5,V,0.0,E,False,False,13.64,0.0,0.0,4.9,49,49,51,0.0,False,original
2019-10-21,0.3,V,0.3,V,0.0,V,0,V,62.6,C,62.6,C,36.0,C,36.0,C,38.8,C,38.8,C,0.1,V,0.0,E,False,False,13.59,0.0,0.0,4.7,51,50,51,0.0,False,original
2019-10-22,0.3,V,0.3,V,,V,0,E,67.5,C,67.5,C,34.2,C,34.2,C,43.7,C,43.7,C,0.0,V,0.0,V,False,True,13.57,0.0,0.0,4.7,53,51,51,0.0,True,7-day window
2019-10-23,0.3,V,0.3,V,1.0,V,0,E,58.8,C,58.8,C,40.3,C,40.3,C,44.8,C,44.8,C,0.0,V,0.0,V,False,False,13.57,0.0,0.0,4.2,52,51,51,1.0,False,original
2019-10-24,0.3,V,0.3,V,0.0,V,0,V,61.9,C,61.9,C,37.9,C,37.9,C,45.9,C,45.9,C,0.0,V,0.0,V,False,False,13.59,0.0,0.0,4.2,52,51,51,0.0,False,original
2019-10-25,0.3,V,0.3,V,0.0,V,0,V,70.0,C,70.0,C,37.0,C,37.0,C,38.3,C,38.3,C,,V,0.0,E,False,True,13.54,0.0,0.0,4.4,54,52,51,0.0,False,original
2019-10-26,0.3,V,0.3,V,1.0,V,0,E,65.1,C,65.1,C,30.2,C,30.2,C,30.2,C,30.2,C,0.0,V,0.0,V,False,False,13.03,0.0,0.0,4.0,53,52,51,1.0,False,original
2019-10-27,0.2,V,0.3,E,2.0,V,0,E,35.2,C,35.2,C,21.6,C,21.6,C,25.7,C,25.7,C,,V,0.0,E,False,True,12.91,0.0,0.0,4.0,48,50,51,2.0,False,original
2019-10-28,0.3,V,0.3,V,2.0,V,0,E,52.9,C,52.9,C,21.7,C,21.7,C,28.6,C,28.6,C,,V,0.0,E,False,True,12.85,0.0,0.0,4.4,48,49,51,2.0,False,original
2019-10-29,0.2,V,0.3,E,2.0,V,0,E,39.4,C,39.4,C,19.0,C,19.0,C,19.8,C,19.8,C,,V,0.0,E,False,True,12.83,0.0,0.0,4.1,46,48,51,2.0,False,original
2019-10-30,0.3,V,0.3,V,2.0,V,0,E,48.0,C,48.0,C,14.9,C,14.9,C,25.2,C,25.2,C,,V,0.0,E,False,True,12.8,0.0,0.0,4.2,45,47,50,2.0,False,original
2019-10-31,0.4,V,0.4,V,1.0,V,0,E,60.8,C,60.8,C,24.6,C,24.6,C,35.1,C,35.1,C,,V,0.0,E,False,True,13.61,0.0,0.0,4.2,47,47,50,1.5,True,7-day window
2019-11-01,0.4,V,0.4,V,1.0,V,0,E,60.1,C,60.1,C,32.5,C,32.5,C,36.0,C,36.0,C,0.0,V,0.0,V,False,False,13.63,0.0,0.0,4.1,48,47,49,1.0,False,original
2019-11-02,0.4,V,0.4,V,,V,0,E,65.3,C,65.3,C,30.4,C,30.4,C,35.4,C,35.4,C,0.0,V,0.0,V,False,True,13.6,0.0,0.0,4.0,50,48,49,1.0,True,7-day window
2019-11-03,0.4,V,0.4,V,1.0,V,0,E,67.8,C,67.8,C,31.8,C,31.8,C,37.0,C,37.0,C,,V,0.0,E,False,True,13.58,0.0,0.0,3.8,51,49,49,1.0,False,original
2019-11-04,0.4,V,0.4,V,1.0,V,0,E,65.5,C,65.5,C,35.8,C,35.8,C,40.8,C,40.8,C,,V,0.0,E,False,True,13.58,0.0,0.0,3.7,51,49,49,1.0,False,original
2019-11-05,0.4,V,0.4,V,0.0,V,0,V,66.0,C,66.0,C,36.9,C,36.9,C,40.6,C,40.6,C,,V,0.0,E,False,True,13.59,0.0,0.0,3.8,51,50,50,1.0,True,7-day window
2019-11-06,0.4,V,0.4,V,1.0,V,0,E,64.9,C,64.9,C,36.1,C,36.1,C,37.0,C,37.0,C,,V,0.0,E,False,True,13.58,0.0,0.0,3.7,51,50,50,1.0,False,original
2019-11-07,0.4,V,0.4,V,1.0,V,0,E,63.3,C,63.3,C,33.3,C,33.3,C,36.0,C,36.0,C,,V,0.0,E,False,True,13.6,0.0,0.0,3.4,51,50,50,1.0,False,original
2019-11-08,0.4,V,0.4,V,1.0,V,0,E,65.8,C,65.8,C,32.0,C,32.0,C,36.3,C,36.3,C,,V,0.0,E,False,True,13.59,0.0,0.0,3.8,51,50,50,1.0,False,original
2019-11-09,0.4,V,0.4,V,1.0,V,0,E,66.9,C,66.9,C,32.4,C,32.4,C,37.0,C,37.0,C,,V,0.0,E,False,True,13.59,0.0,0.0,3.3,51,50,50,1.0,False,original
2019-11-10,0.4,V,0.4,V,,V,0,E,64.6,C,64.6,C,36.1,C,36.1,C,50.2,C,50.2,C,,V,0.0,E,False,True,13.59,0.0,0.0,3.2,51,50,50,1.0,True,7-day window
2019-11-11,0.4,V,0.4,V,0.0,V,0,V,58.8,C,58.8,C,36.5,C,36.5,C,36.5,C,36.5,C,,V,0.0,E,False,True,13.59,0.0,0.0,3.7,51,50,50,1.0,True,7-day window
2019-11-12,0.4,V,0.4,V,1.0,V,0,E,62.6,C,62.6,C,34.5,C,34.5,C,36.3,C,36.3,C,,V,0.0,E,False,True,13.6,0.0,0.0,3.5,50,50,50,1.0,False,original
2019-11-13,0.4,V,0.4,V,1.0,V,0,E,61.7,C,61.7,C,34.5,C,34.5,C,40.3,C,40.3,C,,V,0.0,E,False,True,13.62,0.0,0.0,3.5,49,49,50,1.0,False,original
2019-11-14,0.4,V,0.4,V,1.0,V,0,E,58.6,C,58.6,C,35.4,C,35.4,C,35.4,C,35.4,C,,V,0.0,E,False,True,13.6,0.0,0.0,3.3,50,49,50,1.0,False,original
2019-11-15,0.4,V,0.4,V,2.0,V,0,E,55.8,C,55.8,C,33.8,C,33.8,C,40.6,C,40.6,C,,V,0.0,E,False,True,13.6,0.0,0.0,3.3,50,49,49,1.0,True,7-day window
2019-11-16,0.4,V,0.4,V,1.0,V,0,E,59.4,C,59.4,C,32.4,C,32.4,C,41.2,C,41.2,C,,V,0.0,E,False,True,13.62,0.0,0.0,3.6,49,49,49,1.0,False,original
2019-11-17,0.4,V,0.4,V,1.0,V,0,E,68.4,C,68.4,C,36.3,C,36.3,C,39.7,C,39.7,C,,V,0.0,E,False,True,13.58,0.0,0.0,3.2,50,49,49,1.0,False,original
2019-11-18,0.4,V,0.4,V,1.0,V,0,E,67.1,C,67.1,C,35.4,C,35.4,C,38.1,C,38.1,C,,V,0.0,E,False,True,13.01,0.0,0.0,3.4,50,49,49,1.0,False,original
2019-11-19,0.3,V,0.4,E,,S,0,E,48.2,C,48.2,C,31.6,C,31.6,C,31.8,C,31.8,C,,V,0.0,E,False,True,13.63,0.0,0.0,3.1,49,49,49,1.0,True,7-day window
2019-11-20,0.3,V,0.4,E,1.0,V,0,E,35.1,C,35.1,C,29.1,C,29.1,C,30.0,C,30.0,C,,V,0.0,E,False,True,13.68,0.0,0.0,3.4,45,47,49,1.0,False,original
2019-11-21,0.4,V,0.4,V,1.0,V,0,E,45.7,C,45.7,C,27.7,C,27.7,C,33.3,C,33.3,C,,V,0.0,E,False,True,13.7,0.0,0.0,3.4,45,46,49,1.0,False,original
2019-11-22,0.4,V,0.4,V,1.0,V,0,E,46.8,C,46.8,C,27.5,C,27.5,C,27.7,C,27.7,C,,V,0.0,E,False,True,13.71,0.0,0.0,3.3,44,46,48,1.0,False,original
2019-11-23,0.4,V,0.4,V,2.0,V,0,E,46.8,C,46.8,C,27.1,C,27.1,C,27.1,C,27.1,C,,V,0.0,E,False,True,13.69,0.0,0.0,3.0,44,45,48,2.0,False,original
2019-11-24,0.4,V,0.4,V,1.0,V,0,E,60.6,C,60.6,C,25.3,C,25.3,C,29.1,C,29.1,C,,V,0.0,E,False,True,13.68,0.0,0.0,3.2,44,45,48,1.0,False,original
2019-11-25,0.3,V,0.4,E,3.0,V,0,E,33.3,C,33.3,C,18.7,C,18.7,C,18.3,C,18.3,C,,V,0.0,E,False,True,13.73,0.0,0.0,3.1,42,44,47,3.0,False,original
2019-11-26,1.4,V,1.9,E,,S,16,E,27.1,C,27.1,C,15.4,C,15.4,C,21.4,C,21.4,C,1.4,V,1.5,E,False,True,13.76,0.0,0.0,3.1,38,42,47,2.5,True,7-day window
2019-11-27,2.6,V,2.9,E,27.0,V,27,V,22.5,C,22.5,C,15.6,C,15.6,C,16.5,C,16.5,C,2.5,V,2.5,V,False,False,13.82,0.0,0.0,2.9,39,41,46,3.0,True,7-day window
2019-11-28,2.8,V,2.9,E,,S,25,E,26.6,C,26.6,C,15.3,C,15.3,C,19.0,C,19.0,C,2.5,V,2.5,V,False,True,13.83,0.0,0.0,3.1,39,41,46,2.0,True,31-day fallback window
2019-11-29,2.9,V,2.9,V,,S,26,E,20.8,C,20.8,C,15.8,C,15.8,C,15.8,C,15.8,C,2.5,V,2.5,V,False,True,13.83,0.0,0.0,2.9,39,41,45,2.0,True,31-day fallback window
2019-11-30,3.5,V,3.5,V,,S,27,E,32.4,C,32.4,C,7.9,C,7.9,C,32.0,C,32.0,C,3.0,V,3.0,V,False,True,13.85,0.0,0.0,3.1,39,41,45,31.0,True,7-day window
2019-12-01,5.7,V,6.2,E,,S,37,E,32.5,C,32.5,C,31.8,C,31.8,C,32.0,C,32.0,C,5.7,V,5.7,V,False,True,13.81,0.0,0.0,2.8,38,40,45,15.0,True,31-day fallback window
2019-12-02,7.5,V,7.5,V,35.0,V,35,V,34.0,C,34.0,C,31.8,C,31.8,C,32.0,C,32.0,C,6.6,V,6.6,V,False,False,13.08,0.0,0.0,3.1,38,40,44,35.0,False,original
2019-12-03,7.5,V,7.5,V,31.0,V,31,V,41.4,C,41.4,C,30.7,C,30.7,C,31.5,C,31.5,C,6.6,V,6.6,V,False,False,13.74,0.0,0.0,3.0,38,40,44,31.0,False,original
2019-12-04,7.8,V,7.8,V,,S,31,E,34.9,C,34.9,C,30.2,C,30.2,C,32.2,C,32.2,C,6.9,V,6.9,V,False,True,13.76,0.0,0.0,3.2,38,39,44,35.0,True,31-day fallback window
2019-12-05,8.0,V,8.0,V,,S,30,E,41.7,C,41.7,C,28.6,C,28.6,C,28.9,C,28.9,C,6.9,V,7.1,E,False,True,13.74,0.0,0.0,3.0,38,39,44,35.0,True,7-day window
2019-12-06,8.2,V,8.2,V,,S,31,E,44.1,C,44.1,C,26.4,C,26.4,C,31.8,C,31.8,C,7.3,V,7.3,V,False,True,13.73,0.0,0.0,3.0,37,39,43,40.0,True,7-day window
2019-12-07,10.3,V,10.3,V,,S,38,E,35.1,C,35.1,C,30.9,C,30.9,C,32.0,C,32.0,C,8.9,V,8.9,V,False,True,13.75,0.0,0.0,3.0,37,39,43,40.0,True,7-day window
2019-12-08,11.8,V,11.8,V,40.0,V,40,V,36.3,C,36.3,C,29.5,C,29.5,C,29.5,C,29.5,C,9.9,V,9.9,V,False,False,12.92,0.0,0.0,2.9,37,38,43,40.0,False,original
2019-12-09,11.8,V,11.8,V,42.0,V,42,V,43.0,C,43.0,C,21.9,C,21.9,C,21.9,C,21.9,C,9.9,V,9.9,V,False,False,12.9,0.0,0.0,3.0,37,38,42,42.0,False,original
2019-12-10,11.9,V,11.9,V,36.0,V,36,V,46.2,C,46.2,C,20.8,C,20.8,C,30.0,C,30.0,C,9.9,V,9.9,V,False,False,13.72,0.0,0.0,2.9,37,38,42,36.0,False,original
2019-12-11,12.6,V,12.6,V,41.0,V,41,V,36.3,C,36.3,C,29.7,C,29.7,C,35.1,C,35.1,C,10.0,V,9.9,E,False,False,13.76,0.0,0.0,2.9,36,38,42,41.0,False,original
2019-12-12,13.8,V,13.8,V,38.0,V,38,V,38.8,C,38.8,C,34.2,C,34.2,C,34.9,C,34.9,C,9.8,V,10.3,E,False,False,13.75,0.0,0.0,2.9,36,38,42,38.0,False,original
2019-12-13,15.1,V,15.1,V,,S,43,E,36.7,C,36.7,C,31.8,C,31.8,C,31.8,C,31.8,C,11.2,V,11.6,E,False,True,13.75,0.0,0.0,3.0,36,37,42,39.5,True,7-day window
2019-12-14,15.7,V,15.7,V,,S,46,E,32.7,C,32.7,C,22.3,C,22.3,C,23.0,C,23.0,C,11.8,V,12.2,E,False,True,13.73,0.0,0.0,2.9,36,37,41,41.5,True,7-day window
2019-12-15,15.8,V,15.8,V,44.0,V,44,V,30.9,C,30.9,C,14.0,C,14.0,C,16.3,C,16.3,C,12.2,V,12.3,E,False,False,13.78,0.0,0.0,3.1,36,37,41,44.0,False,original
2019-12-16,15.8,V,15.8,V,,S,43,E,31.1,C,31.1,C,11.3,C,11.3,C,15.3,C,15.3,C,12.1,V,12.3,E,False,True,13.81,0.0,0.0,2.9,36,37,41,42.0,True,7-day window
2019-12-17,15.8,V,15.8,V,42.0,V,42,V,33.3,C,33.3,C,14.0,C,14.0,C,15.3,C,15.3,C,12.2,V,12.3,E,False,False,13.83,0.0,0.0,2.9,36,37,41,42.0,False,original
2019-12-18,15.8,V,15.8,V,,S,41,E,30.2,C,30.2,C,14.5,C,14.5,C,25.2,C,25.2,C,12.3,V,12.3,V,False,True,13.83,0.0,0.0,3.0,36,37,41,42.0,True,7-day window
2019-12-19,16.0,V,16.0,V,42.0,V,42,V,39.7,C,39.7,C,24.6,C,24.6,C,26.6,C,26.6,C,12.3,V,12.3,V,False,False,13.79,0.0,0.0,3.0,36,37,40,42.0,False,original
2019-12-20,16.0,V,16.0,V,41.0,V,41,V,45.7,C,45.7,C,23.4,C,23.4,C,37.8,C,37.8,C,12.3,V,12.3,V,False,False,13.76,0.0,0.0,3.2,36,37,40,41.0,False,original
2019-12-21,16.0,V,16.0,V,41.0,V,41,V,43.0,C,43.0,C,34.3,C,34.3,C,36.9,C,36.9,C,12.3,V,12.3,V,False,False,13.76,0.0,0.0,3.1,36,37,40,41.0,False,original
2019-12-22,16.6,V,16.7,E,,S,48,E,41.2,C,41.2,C,27.5,C,27.5,C,28.2,C,28.2,C,13.0,V,13.0,V,False,True,13.76,0.0,0.0,3.1,36,37,40,41.0,True,7-day window
2019-12-23,16.8,V,16.8,V,,S,48,E,33.1,C,33.1,C,21.4,C,21.4,C,24.6,C,24.6,C,13.1,V,13.1,V,False,True,13.77,0.0,0.0,3.1,36,37,40,41.0,True,7-day window
2019-12-24,16.7,V,16.8,E,,S,47,E,28.4,C,28.4,C,16.7,C,16.7,C,20.8,C,20.8,C,13.2,V,13.1,E,False,True,13.8,0.0,0.0,3.1,36,37,40,46.0,True,7-day window
2019-12-25,16.8,V,16.8,V,,S,46,E,26.4,C,26.4,C,19.0,C,19.0,C,19.9,C,19.9,C,13.1,V,13.1,V,False,True,13.82,0.0,0.0,3.1,35,37,40,46.0,True,7-day window
2019-12-26,16.8,V,16.8,V,48.0,V,48,V,29.8,C,29.8,C,18.7,C,18.7,C,19.9,C,19.9,C,13.1,V,13.1,V,False,False,13.8,0.0,0.0,2.8,35,37,40,48.0,False,original
2019-12-27,16.7,V,16.8,E,46.0,V,46,V,34.0,C,34.0,C,10.9,C,10.9,C,15.3,C,15.3,C,12.9,V,13.1,E,False,False,13.81,0.0,0.0,3.1,35,37,40,46.0,False,original
2019-12-28,16.8,V,16.8,V,45.0,V,45,V,40.1,C,40.1,C,14.2,C,14.2,C,25.3,C,25.3,C,12.9,V,13.1,E,False,False,13.8,0.0,0.0,3.4,35,36,40,45.0,False,original
2019-12-29,16.9,V,16.8,E,44.0,V,44,V,36.0,C,36.0,C,24.4,C,24.4,C,24.3,C,24.3,C,13.0,V,13.0,V,False,False,13.8,0.0,0.0,3.1,35,36,40,44.0,False,original
2019-12-30,16.9,V,16.9,V,45.0,V,45,V,39.9,C,39.9,C,23.2,C,23.2,C,28.0,C,28.0,C,12.8,V,12.8,V,False,False,13.77,0.0,0.0,3.0,35,36,39,44.0,True,7-day window
2019-12-31,16.9,V,16.9,V,44.0,V,44,V,47.5,C,47.5,C,25.0,C,25.0,C,28.9,C,28.9,C,12.7,V,12.7,V,False,False,13.76,0.0,0.0,3.4,35,36,39,44.0,False,original
2020-01-01,17.0,V,17.0,V,43.0,V,43,V,40.1,C,40.1,C,23.9,C,23.9,C,24.1,C,24.1,C,12.4,V,12.7,E,False,False,13.77,0.0,0.0,3.4,35,36,39,43.0,False,original
2020-01-02,17.0,V,17.0,V,42.0,V,42,V,45.7,C,45.7,C,23.2,C,23.2,C,35.1,C,35.1,C,12.3,V,12.7,E,False,False,13.77,0.0,0.0,3.2,35,36,39,42.0,False,original
2020-01-03,17.0,V,17.0,V,41.0,V,41,V,56.1,C,56.1,C,30.6,C,30.6,C,36.9,C,36.9,C,12.3,V,12.7,E,False,False,13.74,0.0,0.0,3.5,35,36,39,42.0,True,7-day window
2020-01-04,17.1,V,17.1,V,42.0,V,42,V,42.4,C,42.4,C,26.8,C,26.8,C,29.5,C,29.5,C,12.2,V,12.8,E,False,False,13.74,0.0,0.0,3.5,35,36,39,42.0,False,original
2020-01-05,17.1,V,17.1,V,41.0,V,41,V,37.0,C,37.0,C,23.2,C,23.2,C,27.1,C,27.1,C,12.1,V,12.8,E,False,False,13.77,0.0,0.0,3.3,35,36,39,42.0,True,7-day window
2020-01-06,17.2,V,17.2,V,42.0,V,42,V,49.6,C,49.6,C,24.6,C,24.6,C,25.7,C,25.7,C,12.0,V,12.9,E,False,False,13.77,0.0,0.2,3.2,35,36,39,42.0,False,original
2020-01-07,17.2,V,17.2,V,44.0,V,44,V,46.2,C,46.2,C,23.0,C,23.0,C,23.7,C,23.7,C,11.9,V,12.9,E,False,False,13.76,0.0,1.0,3.2,35,36,39,44.0,False,original
2020-01-08,17.3,V,17.3,V,45.0,V,45,V,30.6,C,30.6,C,23.5,C,23.5,C,23.9,C,23.9,C,11.9,V,13.0,E,False,False,13.79,0.0,1.7,3.2,35,36,39,45.0,False,original
2020-01-09,17.5,V,17.5,V,47.0,V,47,V,32.0,C,32.0,C,17.6,C,17.6,C,19.8,C,19.8,C,12.2,V,13.2,E,False,False,13.79,0.0,2.0,3.2,35,36,39,46.0,True,7-day window
2020-01-10,17.6,V,17.6,V,46.0,V,46,V,44.1,C,44.1,C,13.5,C,13.5,C,24.4,C,24.4,C,12.5,V,13.3,E,False,False,13.8,0.0,2.3,3.3,35,36,39,47.0,True,7-day window
2020-01-11,17.9,V,18.0,E,48.0,V,48,V,29.5,C,29.5,C,17.1,C,17.1,C,17.2,C,17.2,C,13.1,V,13.7,E,False,False,13.8,0.0,2.8,3.3,35,36,39,48.0,False,original
2020-01-12,17.9,V,18.0,E,48.0,V,48,V,27.9,C,27.9,C,15.3,C,15.3,C,23.2,C,23.2,C,13.2,V,13.7,E,False,False,13.83,0.0,3.0,3.3,35,36,38,48.0,False,original
2020-01-13,18.3,V,18.4,E,49.0,V,49,V,31.6,C,31.6,C,23.0,C,23.0,C,26.6,C,26.6,C,13.7,V,14.1,E,False,False,13.81,0.0,3.2,3.3,35,36,38,49.0,False,original
2020-01-14,18.8,V,18.8,V,54.0,V,54,V,26.8,C,26.8,C,9.9,C,9.9,C,9.7,C,9.7,C,14.5,V,14.5,V,False,False,13.83,0.0,3.4,3.4,35,36,38,51.0,True,7-day window
2020-01-15,18.9,V,18.9,V,53.0,V,53,V,32.0,C,32.0,C,6.4,C,6.4,C,27.5,C,27.5,C,14.6,V,14.6,V,False,False,13.85,0.0,3.3,3.5,35,36,38,53.0,False,original
2020-01-16,20.1,V,20.3,E,,S,69,E,28.9,C,28.9,C,19.0,C,19.0,C,19.8,C,19.8,C,16.0,V,16.0,V,False,True,13.83,0.0,3.8,3.6,35,36,38,59.0,True,7-day window
2020-01-17,20.5,V,20.6,E,69.0,V,69,V,27.7,C,27.7,C,17.6,C,17.6,C,19.9,C,19.9,C,16.3,V,16.3,V,False,False,13.42,0.0,3.5,3.5,35,36,38,69.0,False,original
2020-01-18,20.6,V,20.6,V,66.0,V,66,V,45.0,C,45.0,C,13.8,C,13.8,C,26.4,C,26.4,C,16.3,V,16.3,V,False,False,13.82,0.0,3.7,3.6,35,35,38,66.0,False,original
2020-01-19,20.6,V,20.6,V,64.0,V,64,V,41.4,C,41.4,C,23.2,C,23.2,C,32.7,C,32.7,C,16.3,V,16.3,V,False,False,13.8,0.0,3.9,3.6,35,35,38,64.0,False,original
2020-01-20,20.6,V,20.6,V,62.0,V,62,V,44.1,C,44.1,C,28.9,C,28.9,C,30.6,C,30.6,C,16.3,V,16.3,V,False,False,13.77,0.0,4.1,3.5,35,35,38,62.0,False,original
2020-01-21,21.0,V,21.2,E,,S,63,E,31.6,C,31.6,C,28.4,C,28.4,C,31.6,C,31.6,C,16.7,V,16.7,V,False,True,13.79,0.0,4.1,3.8,35,35,38,61.5,True,7-day window
2020-01-22,21.2,V,21.2,V,60.0,V,60,V,40.6,C,40.6,C,27.1,C,27.1,C,27.1,C,27.1,C,16.7,V,16.7,V,False,False,13.77,0.0,7.5,23.1,34,35,37,60.0,False,original
2020-01-23,21.2,V,21.2,V,61.0,V,61,V,44.1,C,44.1,C,24.6,C,24.6,C,35.2,C,35.2,C,16.7,V,16.7,V,False,False,13.79,0.0,7.3,22.2,34,35,38,61.0,False,original
2020-01-24,21.4,V,21.5,E,59.0,V,59,V,39.4,C,39.4,C,30.7,C,30.7,C,30.9,C,30.9,C,16.8,V,16.8,V,False,False,13.76,0.0,9.7,26.4,34,34,37,59.0,False,original
2020-01-25,21.5,V,21.5,V,57.0,V,57,V,50.5,C,50.5,C,30.4,C,30.4,C,36.0,C,36.0,C,16.7,V,16.8,E,False,False,13.73,0.0,9.8,26.4,34,35,37,57.0,False,original
2020-01-26,22.8,V,22.9,E,56.0,V,56,V,36.9,C,36.9,C,29.5,C,29.5,C,29.5,C,29.5,C,17.4,V,17.5,E,False,False,13.75,0.0,14.6,28.7,33,34,36,56.0,False,original
2020-01-27,22.8,V,22.9,E,62.0,V,62,V,36.5,C,36.5,C,25.9,C,25.9,C,25.9,C,25.9,C,17.5,V,17.5,V,False,False,13.77,0.0,15.6,27.4,34,34,37,62.0,False,original
2020-01-28,22.8,V,22.9,E,61.0,V,61,V,35.2,C,35.2,C,19.0,C,19.0,C,21.2,C,21.2,C,17.5,V,17.5,V,False,False,13.78,0.0,13.3,26.1,34,35,37,61.0,False,original
2020-01-29,22.9,V,22.9,V,60.0,V,60,V,42.6,C,42.6,C,20.5,C,20.5,C,32.0,C,32.0,C,17.5,V,17.5,V,False,False,13.79,0.0,12.1,25.3,34,35,37,60.0,False,original
2020-01-30,22.9,V,22.9,V,57.0,V,57,V,48.6,C,48.6,C,30.7,C,30.7,C,37.8,C,37.8,C,17.5,V,17.5,V,False,False,13.74,0.0,13.4,26.1,34,35,37,57.0,False,original
2020-01-31,22.9,V,22.9,V,57.0,V,57,V,60.6,C,60.6,C,28.0,C,28.0,C,28.0,C,28.0,C,17.4,V,17.4,V,False,False,13.71,0.0,14.4,27.7,34,34,37,57.0,False,original
2020-02-01,22.9,V,22.9,V,56.0,V,56,V,59.9,C,59.9,C,25.7,C,25.7,C,30.2,C,30.2,C,17.3,V,17.4,E,False,False,13.72,0.0,14.7,27.5,34,34,37,56.0,False,original
2020-02-02,22.9,V,22.9,V,,S,58,E,39.0,C,39.0,C,12.4,C,12.4,C,13.8,C,13.8,C,17.4,V,17.4,V,False,True,13.77,0.0,13.2,26.5,34,34,37,57.0,True,7-day window
2020-02-03,22.8,V,22.9,E,58.0,V,58,V,23.5,C,23.5,C,7.9,C,7.9,C,12.9,C,12.9,C,17.3,V,17.3,V,False,False,13.84,0.0,11.7,25.8,34,35,37,58.0,False,original
2020-02-04,22.9,V,22.9,V,57.0,V,57,V,30.4,C,30.4,C,11.8,C,11.8,C,16.2,C,16.2,C,17.3,V,17.3,V,False,False,13.85,0.0,11.1,25.2,34,35,37,57.0,False,original
2020-02-05,23.0,V,23.0,V,55.0,V,55,V,46.4,C,46.4,C,14.9,C,14.9,C,36.3,C,36.3,C,17.2,V,17.2,V,False,False,13.8,0.4,10.2,25.0,34,35,37,55.0,False,original
2020-02-06,23.1,V,23.0,E,53.0,V,53,V,52.7,C,52.7,C,30.6,C,30.6,C,30.6,C,30.6,C,17.0,V,17.1,E,False,False,13.73,0.3,11.7,24.9,34,35,37,53.0,False,original
2020-02-07,23.1,V,23.0,E,54.0,V,54,V,55.8,C,55.8,C,25.5,C,25.5,C,27.3,C,27.3,C,16.8,V,17.0,E,False,False,13.72,0.8,13.8,26.0,34,35,37,54.0,False,original
2020-02-08,23.0,V,23.0,V,53.0,V,53,V,46.0,C,46.0,C,21.6,C,21.6,C,21.6,C,21.6,C,16.9,V,16.9,V,False,False,13.73,0.0,13.8,26.5,34,34,37,53.0,False,original
2020-02-09,23.0,V,23.0,V,53.0,V,53,V,31.6,C,31.6,C,19.0,C,19.0,C,24.4,C,24.4,C,16.9,V,16.8,E,False,False,13.79,0.0,12.6,26.0,34,35,37,53.0,False,original
2020-02-10,23.1,V,23.1,V,53.0,V,53,V,42.6,C,42.6,C,23.2,C,23.2,C,30.7,C,30.7,C,16.8,V,16.8,V,False,False,13.77,1.1,12.0,25.8,34,35,37,53.0,False,original
2020-02-11,23.1,V,23.1,V,53.0,V,53,V,47.5,C,47.5,C,25.2,C,25.2,C,26.8,C,26.8,C,16.7,V,16.7,V,False,False,13.74,0.3,13.4,26.1,34,34,37,53.0,False,original
2020-02-12,23.0,V,23.1,E,52.0,V,52,V,47.5,C,47.5,C,23.0,C,23.0,C,26.6,C,26.6,C,16.7,V,16.7,V,False,False,13.73,1.3,13.8,26.9,34,34,37,52.0,False,original
2020-02-13,23.1,V,23.1,V,52.0,V,52,V,49.1,C,49.1,C,20.3,C,20.3,C,27.1,C,27.1,C,16.7,V,16.6,E,False,False,13.74,1.1,14.5,27.9,34,34,36,52.0,False,original
2020-02-14,23.1,V,23.1,V,50.0,V,50,V,46.8,C,46.8,C,24.1,C,24.1,C,26.8,C,26.8,C,16.7,V,16.6,E,False,False,13.74,1.5,14.6,28.0,34,34,36,50.0,False,original
2020-02-15,23.1,V,23.1,V,50.0,V,50,V,45.0,C,45.0,C,25.3,C,25.3,C,34.3,C,34.3,C,16.3,V,16.5,E,False,False,13.74,1.7,14.5,28.0,34,34,36,50.0,False,original
2020-02-16,23.1,V,23.1,V,49.0,V,49,V,45.7,C,45.7,C,29.7,C,29.7,C,32.5,C,32.5,C,16.3,V,16.5,E,False,False,13.71,1.5,15.2,28.5,33,34,36,49.0,False,original
2020-02-17,23.0,V,23.1,E,49.0,V,49,V,47.5,C,47.5,C,24.4,C,24.4,C,24.6,C,24.6,C,16.4,V,16.4,V,False,False,13.72,2.7,15.0,28.8,33,34,36,49.0,False,original
2020-02-18,23.1,V,23.1,V,49.0,V,49,V,44.6,C,44.6,C,18.0,C,18.0,C,23.0,C,23.0,C,16.4,V,16.4,V,False,False,13.73,1.6,15.1,28.6,33,34,36,49.0,False,original
2020-02-19,23.1,V,23.1,V,48.0,V,48,V,43.0,C,43.0,C,21.6,C,21.6,C,27.3,C,27.3,C,16.3,V,16.3,V,False,False,13.77,3.6,14.7,28.1,33,34,36,48.0,False,original
2020-02-20,23.1,V,23.1,V,48.0,V,48,V,47.3,C,47.3,C,22.5,C,22.5,C,27.1,C,27.1,C,16.2,V,16.1,E,False,False,13.73,2.4,15.2,28.7,33,34,36,48.0,False,original
2020-02-21,23.1,V,23.1,V,47.0,V,47,V,50.2,C,50.2,C,25.5,C,25.5,C,28.6,C,28.6,C,15.9,V,15.9,V,False,False,13.71,3.5,15.9,29.0,33,33,36,47.0,False,original
2020-02-22,23.1,V,23.1,V,46.0,V,46,V,49.3,C,49.3,C,26.6,C,26.6,C,27.0,C,27.0,C,15.8,V,15.8,V,False,False,13.7,3.8,15.7,29.0,33,33,36,46.0,False,original
2020-02-23,23.1,V,23.1,V,46.0,V,46,V,46.9,C,46.9,C,24.4,C,24.4,C,25.9,C,25.9,C,15.6,V,15.6,V,False,False,13.72,3.8,16.0,29.1,33,33,36,46.0,False,original
2020-02-24,23.1,V,23.1,V,45.0,V,45,V,48.4,C,48.4,C,24.1,C,24.1,C,34.0,C,34.0,C,15.5,V,15.5,V,False,False,13.71,4.3,15.8,29.0,33,33,36,45.0,False,original
2020-02-25,23.1,V,23.1,V,44.0,V,44,V,52.2,C,52.2,C,29.7,C,29.7,C,30.7,C,30.7,C,15.1,V,15.1,V,False,False,13.69,4.7,15.7,28.9,34,33,36,44.0,False,original
2020-02-26,23.1,V,23.1,V,42.0,V,42,V,54.1,C,54.1,C,26.4,C,26.4,C,28.2,C,28.2,C,14.8,V,14.8,V,False,False,13.68,4.1,15.2,28.4,38,35,36,42.0,False,original
2020-02-27,23.2,V,23.1,E,41.0,V,41,V,57.9,C,57.9,C,25.5,C,25.5,C,29.1,C,29.1,C,14.5,V,14.5,V,False,False,13.68,4.5,16.0,28.3,41,36,36,41.0,False,original
2020-02-28,23.2,V,23.1,E,42.0,V,42,V,52.0,C,52.0,C,27.5,C,27.5,C,31.6,C,31.6,C,14.1,V,14.1,V,False,False,13.69,3.2,15.0,27.9,41,37,37,42.0,False,original
2020-02-29,23.3,V,23.3,V,,S,44,E,45.5,C,45.5,C,26.4,C,26.4,C,26.6,C,26.6,C,13.5,V,13.5,V,False,True,13.69,3.7,13.8,28.5,41,38,37,42.0,True,7-day window
2020-03-01,23.6,V,23.8,E,50.0,V,50,V,27.9,C,27.9,C,20.1,C,20.1,C,20.1,C,20.1,C,13.8,V,13.8,V,False,False,13.75,3.3,13.6,28.8,37,37,38,42.0,True,7-day window
2020-03-02,23.7,V,23.8,E,46.0,V,46,V,40.6,C,40.6,C,18.9,C,18.9,C,33.8,C,33.8,C,13.8,V,13.8,V,False,False,13.77,4.3,14.4,29.4,37,37,38,46.0,False,original
2020-03-03,23.8,V,23.8,V,42.0,V,42,V,53.4,C,53.4,C,30.2,C,30.2,C,32.0,C,32.0,C,13.7,V,13.7,V,False,False,13.69,5.4,12.9,29.6,43,38,38,42.0,False,original
2020-03-04,23.8,V,23.8,V,41.0,V,41,V,57.7,C,57.7,C,27.3,C,27.3,C,28.9,C,28.9,C,13.6,V,13.4,E,False,False,13.66,4.9,10.0,30.4,45,40,38,41.0,False,original
2020-03-05,23.9,V,23.9,V,39.0,V,39,V,54.0,C,54.0,C,27.1,C,27.1,C,33.6,C,33.6,C,12.9,V,12.9,V,False,False,13.67,5.2,10.0,31.3,46,41,39,39.0,False,original
2020-03-06,23.9,V,23.9,V,37.0,V,37,V,50.9,C,50.9,C,33.3,C,33.3,C,37.2,C,37.2,C,12.5,V,12.5,V,False,False,13.66,4.6,10.1,33.0,46,42,39,37.0,False,original
2020-03-07,24.2,V,24.3,E,,S,40,E,38.1,C,38.1,C,27.1,C,27.1,C,27.3,C,27.3,C,12.6,V,12.7,E,False,True,13.71,4.3,10.9,34.0,40,40,40,39.0,True,7-day window
2020-03-08,24.3,V,24.3,V,,S,39,E,34.3,C,34.3,C,27.0,C,27.0,C,28.6,C,28.6,C,12.7,V,12.7,V,False,True,13.77,4.1,13.4,34.2,38,39,40,37.0,True,7-day window
2020-03-09,24.3,V,24.3,V,39.0,V,38,E,42.3,C,42.3,C,27.3,C,27.3,C,33.1,C,33.1,C,12.7,V,12.6,E,False,False,13.72,5.2,17.4,34.9,38,38,39,39.0,False,original
2020-03-10,24.5,V,24.5,V,35.0,V,35,V,50.4,C,50.4,C,29.1,C,29.1,C,36.3,C,36.3,C,12.5,V,12.5,V,False,False,13.68,5.6,12.5,35.2,42,39,39,35.0,False,original
2020-03-11,24.5,V,24.5,V,36.0,V,36,V,51.3,C,51.3,C,27.7,C,27.7,C,29.7,C,29.7,C,12.3,V,12.2,E,False,False,13.68,5.4,12.0,35.5,44,40,39,36.0,False,original
2020-03-12,24.5,V,24.5,V,36.0,V,36,V,53.1,C,53.1,C,29.3,C,29.3,C,31.1,C,31.1,C,12.4,V,11.5,E,False,False,13.65,5.9,11.7,35.8,46,42,40,36.0,False,original
2020-03-13,24.6,V,24.5,E,,S,35,E,47.5,C,47.5,C,27.1,C,27.1,C,29.1,C,29.1,C,10.8,V,10.8,V,False,True,13.69,5.1,11.5,36.4,44,42,40,36.0,True,7-day window
2020-03-14,26.8,V,27.1,E,,S,64,E,29.3,C,29.3,C,23.5,C,23.5,C,23.9,C,23.9,C,13.4,V,13.4,V,False,True,13.73,5.3,11.9,36.6,40,41,40,64.5,True,7-day window
2020-03-15,29.4,V,30.3,E,,S,90,E,25.7,C,25.7,C,21.4,C,21.4,C,23.2,C,23.2,C,16.6,V,16.6,V,False,True,13.81,5.4,12.7,36.7,38,39,40,93.0,True,7-day window
2020-03-16,30.8,V,32.1,E,100.0,V,100,V,30.4,C,30.4,C,21.7,C,21.7,C,21.7,C,21.7,C,18.4,V,18.4,V,False,False,13.81,5.4,14.4,36.7,37,38,40,100.0,False,original
2020-03-17,30.8,V,32.4,E,93.0,V,93,V,24.6,C,24.6,C,17.8,C,17.8,C,19.8,C,19.8,C,18.7,V,18.7,V,False,False,13.81,5.3,13.7,36.7,36,37,39,93.0,False,original
2020-03-18,30.8,V,32.9,E,,S,90,E,28.6,C,28.6,C,12.6,C,12.6,C,14.9,C,14.9,C,19.2,V,19.2,V,False,True,13.82,5.5,13.5,36.8,36,37,39,85.0,True,7-day window
2020-03-19,30.9,V,32.9,E,85.0,V,85,V,33.8,C,33.8,C,13.6,C,13.6,C,16.0,C,16.0,C,19.1,V,19.1,V,False,False,13.81,5.8,13.5,36.8,36,36,39,85.0,False,original
2020-03-20,32.6,V,32.9,E,80.0,V,80,V,37.4,C,37.4,C,12.2,C,12.2,C,25.0,C,25.0,C,19.0,V,19.0,V,False,False,13.8,5.6,14.0,36.9,35,36,39,80.0,False,original
2020-03-21,32.7,V,32.9,E,75.0,V,75,V,41.7,C,41.7,C,18.1,C,18.1,C,23.2,C,23.2,C,18.9,V,18.9,V,False,False,13.79,6.1,14.0,36.9,35,36,38,75.0,False,original
2020-03-22,32.7,V,32.9,E,73.0,V,73,V,43.2,C,43.2,C,19.9,C,19.9,C,25.2,C,25.2,C,18.9,V,18.9,V,False,False,13.77,5.8,14.8,36.9,35,36,38,73.0,False,original
2020-03-23,32.9,V,32.9,V,71.0,V,71,V,34.9,C,34.9,C,23.5,C,23.5,C,28.9,C,28.9,C,18.9,V,18.9,V,False,False,13.79,5.9,14.1,37.0,35,35,38,71.0,False,original
2020-03-24,33.6,V,33.8,E,,S,77,E,30.2,C,30.2,C,23.0,C,23.0,C,23.2,C,23.2,C,19.8,V,19.8,V,False,True,13.81,6.5,14.1,37.0,35,35,38,74.0,True,7-day window
2020-03-25,33.8,V,33.9,E,,S,77,E,27.7,C,27.7,C,11.5,C,11.5,C,11.5,C,11.5,C,19.9,V,19.9,V,False,True,13.82,6.2,14.1,37.1,35,35,38,73.5,True,7-day window
2020-03-26,33.8,V,33.9,E,75.0,V,75,V,31.8,C,31.8,C,9.5,C,9.5,C,10.8,C,10.8,C,19.9,V,19.9,V,False,False,13.83,6.5,14.1,37.1,35,35,38,75.0,False,original
2020-03-27,33.9,V,33.9,V,74.0,V,74,V,35.2,C,35.2,C,7.2,C,7.2,C,18.0,C,18.0,C,19.9,V,19.9,V,False,False,13.83,6.3,14.3,37.1,35,35,38,74.0,False,original
2020-03-28,34.0,V,34.0,V,,S,73,E,34.7,C,34.7,C,15.8,C,15.8,C,26.6,C,26.6,C,19.9,V,20.0,E,False,True,13.82,6.5,14.2,37.2,35,35,37,71.5,True,7-day window
2020-03-29,34.3,V,34.3,V,69.0,V,69,V,36.7,C,36.7,C,26.4,C,26.4,C,29.1,C,29.1,C,20.0,V,20.3,E,False,False,13.79,6.5,14.3,37.1,34,35,37,69.0,False,original
2020-03-30,34.3,V,34.3,V,,S,69,E,34.3,C,34.3,C,28.6,C,28.6,C,31.6,C,31.6,C,20.0,V,20.3,E,False,True,13.79,6.9,14.3,37.1,34,35,37,69.0,True,7-day window
2020-03-31,34.4,V,34.4,V,69.0,V,69,V,40.8,C,40.8,C,30.7,C,30.7,C,33.8,C,33.8,C,20.0,V,20.3,E,False,False,13.77,7.3,14.8,37.1,34,35,37,65.0,True,7-day window
2020-04-01,34.4,V,34.4,V,65.0,V,65,V,38.5,C,38.5,C,17.2,C,17.2,C,17.2,C,17.2,C,19.8,V,20.3,E,False,False,13.76,7.2,15.4,37.2,34,35,37,65.0,False,original
2020-04-02,34.3,V,34.4,E,65.0,V,65,V,42.1,C,42.1,C,15.1,C,15.1,C,21.6,C,21.6,C,19.7,V,20.3,E,False,False,13.78,8.0,15.4,37.3,34,34,37,65.0,False,original
2020-04-03,34.4,V,34.4,V,60.0,V,60,V,41.4,C,41.4,C,17.8,C,17.8,C,24.1,C,24.1,C,19.6,V,20.3,E,False,False,13.77,8.3,15.7,37.4,34,34,37,60.0,False,original
2020-04-04,35.1,V,35.1,V,,S,72,E,34.2,C,34.2,C,21.9,C,21.9,C,29.3,C,29.3,C,20.3,V,20.9,E,False,True,13.8,8.4,15.4,37.5,34,34,37,65.0,True,7-day window
2020-04-05,37.0,V,37.8,E,,S,92,E,30.6,C,30.6,C,21.9,C,21.9,C,21.9,C,21.9,C,22.7,V,22.7,V,False,True,13.8,7.9,15.2,37.5,34,35,37,71.0,True,7-day window
2020-04-06,38.3,V,38.3,V,,S,94,E,35.2,C,35.2,C,19.8,C,19.8,C,26.4,C,26.4,C,23.2,V,23.2,V,False,True,13.8,8.1,14.9,37.5,34,35,36,75.0,True,7-day window
2020-04-07,38.6,V,38.6,V,81.0,V,81,V,41.4,C,41.4,C,24.6,C,24.6,C,36.3,C,36.3,C,23.2,V,23.2,V,False,False,13.78,9.6,18.4,37.9,33,33,35,81.0,False,original
2020-04-08,38.6,V,38.6,V,77.0,V,77,V,52.9,C,52.9,C,35.8,C,35.8,C,44.6,C,44.6,C,22.8,V,22.8,V,False,False,13.74,10.8,18.2,38.1,33,33,36,77.0,False,original
2020-04-09,38.6,V,38.6,V,73.0,V,73,V,48.4,C,48.4,C,35.1,C,35.1,C,36.5,C,36.5,C,22.3,V,22.3,V,False,False,13.72,12.2,18.4,38.2,33,33,36,73.0,False,original
2020-04-10,38.6,V,38.6,V,68.0,V,68,V,53.8,C,53.8,C,27.1,C,27.1,C,31.5,C,31.5,C,21.8,V,21.8,V,False,False,13.7,13.3,18.6,38.4,33,33,35,68.0,False,original
2020-04-11,38.7,V,38.6,E,61.0,V,65,E,55.4,C,55.4,C,30.9,C,30.9,C,33.1,C,33.1,C,21.1,V,21.1,V,False,False,13.68,15.6,19.1,39.3,33,33,35,61.0,False,original
2020-04-12,38.6,V,38.6,V,62.0,V,62,V,51.3,C,51.3,C,28.6,C,28.6,C,28.4,C,28.4,C,20.3,V,20.3,V,False,False,13.7,16.1,19.1,39.9,33,33,35,61.0,True,7-day window
2020-04-13,38.6,V,38.6,V,59.0,V,59,V,46.6,C,46.6,C,25.7,C,25.7,C,29.7,C,29.7,C,19.7,V,19.7,V,False,False,13.71,16.3,18.8,39.8,33,33,35,59.0,False,original
2020-04-14,38.6,V,38.6,V,58.0,V,58,V,53.1,C,53.1,C,27.1,C,27.1,C,30.6,C,30.6,C,19.1,V,19.1,V,False,False,13.67,16.9,18.8,39.8,33,33,35,58.0,False,original
2020-04-15,38.6,V,38.6,V,56.0,V,56,V,54.9,C,54.9,C,28.4,C,28.4,C,30.0,C,30.0,C,18.5,V,18.5,V,False,False,13.71,17.6,19.2,39.9,33,33,35,56.0,False,original
2020-04-16,38.7,V,38.7,V,53.0,V,53,V,54.0,C,54.0,C,27.9,C,27.9,C,36.7,C,36.7,C,17.6,V,18.0,E,False,False,13.72,18.1,19.1,39.9,33,33,35,53.0,False,original
2020-04-17,38.9,V,38.9,V,48.0,V,52,E,49.8,C,49.8,C,30.9,C,30.9,C,32.0,C,32.0,C,17.5,V,17.5,V,False,False,13.74,17.8,18.8,39.9,33,33,35,51.0,True,7-day window
2020-04-18,38.9,V,38.9,V,51.0,V,51,V,48.2,C,48.2,C,31.6,C,31.6,C,31.8,C,31.8,C,16.8,V,16.8,V,False,False,13.72,18.9,19.1,40.0,33,33,35,49.0,True,7-day window
2020-04-19,38.9,V,38.9,V,49.0,V,49,V,46.2,C,46.2,C,29.3,C,29.3,C,29.3,C,29.3,C,16.2,V,16.2,V,False,False,13.71,18.9,19.2,40.0,33,33,35,48.0,True,7-day window
2020-04-20,38.9,V,38.9,V,45.0,V,47,E,46.0,C,46.0,C,26.4,C,26.4,C,30.0,C,30.0,C,15.8,V,15.8,V,False,False,13.75,19.1,18.8,39.9,33,33,35,45.0,False,original
2020-04-21,38.9,V,38.9,V,45.0,V,45,V,54.9,C,54.9,C,28.4,C,28.4,C,32.7,C,32.7,C,15.0,V,15.0,V,False,False,13.71,19.9,19.1,40.0,33,33,35,45.0,False,original
2020-04-22,39.0,V,39.0,V,41.0,V,43,E,55.9,C,55.9,C,30.2,C,30.2,C,38.3,C,38.3,C,13.9,V,13.9,V,False,False,13.69,20.3,19.3,40.2,33,33,35,41.0,False,original
2020-04-23,39.0,V,39.0,V,40.0,V,40,V,57.9,C,57.9,C,34.3,C,34.3,C,35.8,C,35.8,C,12.7,V,12.7,V,False,False,13.65,17.9,19.1,40.6,40,35,35,40.0,False,original
2020-04-24,39.0,V,39.0,V,38.0,V,38,V,62.6,C,62.6,C,32.9,C,32.9,C,36.0,C,36.0,C,11.6,V,11.6,V,False,False,13.64,15.9,17.7,40.6,43,38,35,38.0,False,original
2020-04-25,39.1,V,39.1,V,34.0,V,36,E,60.8,C,60.8,C,34.2,C,34.2,C,35.4,C,35.4,C,10.6,V,10.6,V,False,False,13.64,15.5,16.6,40.6,44,39,36,34.0,False,original
2020-04-26,39.0,V,39.1,E,34.0,V,34,V,60.1,C,60.1,C,32.2,C,32.2,C,35.1,C,35.1,C,9.7,V,9.7,V,False,False,13.63,15.1,16.2,40.6,45,40,37,34.0,False,original
2020-04-27,39.1,V,39.1,V,30.0,V,30,V,61.5,C,61.5,C,32.9,C,32.9,C,37.2,C,37.2,C,8.7,V,8.7,V,False,False,13.62,14.8,15.5,40.6,46,41,37,30.0,False,original
2020-04-28,39.2,V,39.1,E,27.0,V,27,V,70.2,C,70.2,C,36.0,C,36.0,C,40.6,C,40.6,C,7.5,V,7.5,V,False,False,13.6,15.1,15.0,40.6,48,42,38,27.0,False,original
2020-04-29,39.2,V,39.1,E,23.0,V,23,V,63.5,C,63.5,C,37.9,C,37.9,C,37.9,C,37.9,C,6.3,V,6.3,V,False,False,13.59,15.1,14.8,40.6,48,44,39,23.0,False,original
2020-04-30,39.2,V,39.1,E,19.0,V,19,V,54.1,C,54.1,C,34.2,C,34.2,C,34.2,C,34.2,C,5.4,V,5.4,V,False,False,13.63,15.0,14.8,40.6,47,44,39,19.0,False,original
2020-05-01,39.1,V,39.1,V,15.0,V,15,V,56.8,C,56.8,C,31.1,C,31.1,C,33.3,C,33.3,C,4.4,V,4.4,V,False,False,13.64,15.1,14.9,40.6,46,43,40,15.0,False,original
2020-05-02,39.1,V,39.1,V,,S,11,E,51.8,C,51.8,C,30.7,C,30.7,C,37.0,C,37.0,C,3.6,V,3.6,V,False,True,13.67,14.7,15.1,40.6,45,43,40,12.0,True,7-day window
2020-05-03,39.1,V,39.1,V,9.0,V,9,V,52.0,C,52.0,C,28.9,C,28.9,C,28.9,C,28.9,C,2.7,V,2.7,V,False,False,13.66,14.9,15.2,40.6,45,43,40,9.0,False,original
2020-05-04,39.1,V,39.1,V,8.0,V,6,E,58.5,C,58.5,C,27.0,C,27.0,C,32.9,C,32.9,C,1.8,V,1.8,V,False,False,13.66,14.8,15.2,40.4,45,42,40,8.0,False,original
2020-05-05,39.2,V,39.1,E,5.0,V,2,E,59.7,C,59.7,C,30.4,C,30.4,C,36.0,C,36.0,C,0.6,V,0.6,V,False,False,13.64,14.3,15.1,40.4,46,43,40,5.0,False,original
2020-05-06,39.2,V,39.1,E,0.0,V,0,V,63.5,C,63.5,C,32.0,C,32.0,C,43.5,C,43.5,C,,V,0.0,E,False,True,13.62,14.8,14.7,40.4,47,43,40,0.0,False,original
2020-05-07,39.1,V,39.1,V,0.0,V,0,V,67.6,C,67.6,C,38.3,C,38.3,C,40.3,C,40.3,C,,V,0.0,E,False,True,13.59,14.2,14.3,40.4,48,44,41,0.0,False,original
2020-05-08,39.1,V,39.1,V,0.0,V,0,V,70.7,C,70.7,C,36.1,C,36.1,C,41.9,C,41.9,C,,V,0.0,E,False,True,13.58,14.6,14.4,40.4,49,45,41,0.0,False,original
2020-05-09,39.0,V,39.1,E,,V,0,E,70.5,C,70.5,C,38.8,C,38.8,C,39.9,C,39.9,C,,V,0.0,E,False,True,13.56,13.9,13.8,40.4,50,46,42,0.0,True,7-day window
2020-05-10,39.0,V,39.1,E,,V,0,E,65.7,C,65.7,C,37.9,C,37.9,C,41.9,C,41.9,C,,V,0.0,E,False,True,13.57,14.2,13.5,40.4,50,46,42,0.5,True,7-day window
2020-05-11,39.0,V,39.1,E,,S,0,E,54.7,C,54.7,C,36.5,C,36.5,C,39.2,C,39.2,C,,V,0.0,E,False,True,13.62,13.8,13.7,40.4,48,46,42,0.5,True,7-day window
2020-05-12,39.2,V,39.2,V,1.0,V,0,E,39.7,C,39.7,C,33.8,C,33.8,C,34.2,C,34.2,C,,V,0.0,E,False,True,13.67,15.7,14.7,40.4,43,44,43,1.0,False,original
2020-05-13,39.6,V,39.6,V,1.0,V,0,E,41.7,C,41.7,C,32.5,C,32.5,C,36.0,C,36.0,C,,V,0.0,E,False,True,13.73,21.7,15.9,40.4,41,42,42,1.0,False,original
2020-05-14,39.7,V,39.7,V,0.0,V,0,V,40.6,C,40.6,C,33.6,C,33.6,C,37.0,C,37.0,C,,V,0.0,E,False,True,13.74,17.7,16.1,40.4,41,41,42,1.0,True,7-day window
2020-05-15,39.7,V,39.7,V,1.0,V,0,E,56.7,C,56.7,C,31.8,C,31.8,C,37.2,C,37.2,C,,V,0.0,E,False,True,13.64,16.1,15.8,40.3,44,42,42,1.0,False,original
2020-05-16,39.8,V,39.8,V,0.0,V,0,V,61.2,C,61.2,C,36.7,C,36.7,C,43.9,C,43.9,C,,V,0.0,E,False,True,13.62,14.9,14.9,40.3,46,43,42,1.0,True,7-day window
2020-05-17,41.6,V,41.6,V,1.0,V,0,E,44.1,C,44.1,C,36.5,C,36.5,C,36.5,C,36.5,C,,V,0.0,E,False,True,13.65,28.4,20.9,40.7,40,42,42,1.0,False,original
2020-05-18,42.6,V,42.6,V,,S,3,E,36.5,C,36.5,C,31.6,C,31.6,C,32.0,C,32.0,C,,V,0.7,E,False,True,13.71,20.7,21.7,40.7,38,40,42,1.0,True,7-day window
2020-05-19,42.9,V,42.9,V,1.0,V,1,V,39.9,C,39.9,C,30.9,C,30.9,C,34.3,C,34.3,C,,V,0.4,E,False,True,13.74,23.1,24.3,40.7,36,38,41,1.0,False,original
2020-05-20,43.0,V,43.0,V,2.0,V,0,E,47.5,C,47.5,C,32.2,C,32.2,C,32.2,C,32.2,C,,V,0.0,E,False,True,13.72,19.9,22.7,40.7,41,39,40,1.0,True,7-day window
2020-05-21,43.0,V,43.0,V,,S,0,E,56.7,C,56.7,C,31.6,C,31.6,C,43.5,C,43.5,C,,V,0.0,E,False,True,13.68,18.1,18.3,40.7,42,40,40,1.0,True,7-day window
2020-05-22,42.9,V,43.0,E,1.0,V,0,E,52.2,C,52.2,C,36.0,C,36.0,C,36.3,C,36.3,C,,V,0.0,E,False,True,13.68,17.4,17.2,40.6,42,41,40,1.0,False,original
2020-05-23,43.0,V,43.0,V,1.0,V,0,E,62.1,C,62.1,C,32.7,C,32.7,C,38.1,C,38.1,C,,V,0.0,E,False,True,13.64,16.7,16.7,40.6,45,42,41,1.0,False,original
2020-05-24,43.0,V,43.0,V,,V,0,E,67.3,C,67.3,C,36.5,C,36.5,C,42.4,C,42.4,C,,V,0.0,E,False,True,13.61,16.2,15.7,40.6,47,43,41,0.5,True,7-day window
2020-05-25,43.1,V,43.0,E,0.0,V,0,V,75.6,C,75.6,C,40.3,C,40.3,C,46.8,C,46.8,C,,V,0.0,E,False,True,13.55,16.2,14.8,40.6,50,45,41,0.0,False,original
2020-05-26,43.0,V,43.0,V,,S,0,E,76.6,C,76.6,C,44.2,C,44.2,C,47.8,C,47.8,C,,V,0.0,E,False,True,13.52,15.7,14.0,40.6,51,46,42,0.0,True,7-day window
2020-05-27,43.0,V,43.0,V,0.0,V,0,V,76.6,C,76.6,C,46.0,C,46.0,C,48.4,C,48.4,C,,V,0.0,E,False,True,13.52,16.0,13.4,40.6,52,47,43,0.0,False,original
2020-05-28,43.0,V,43.0,V,0.0,V,0,V,80.4,C,80.4,C,43.5,C,43.5,C,48.6,C,48.6,C,,V,0.0,E,False,True,13.51,15.5,19.9,40.4,53,48,43,0.0,False,original
2020-05-29,43.1,V,43.1,V,,S,0,E,78.3,C,78.3,C,45.7,C,45.7,C,52.9,C,52.9,C,,V,0.0,E,False,True,13.52,16.0,22.2,40.4,53,49,44,0.0,True,7-day window
2020-05-30,43.4,V,43.4,V,0.0,V,0,V,55.0,C,55.0,C,38.8,C,38.8,C,42.3,C,42.3,C,,V,0.0,E,False,True,13.55,15.8,13.0,40.4,48,48,44,0.0,False,original
2020-05-31,43.5,V,43.5,V,0.0,V,0,V,62.6,C,62.6,C,40.1,C,40.1,C,48.4,C,48.4,C,,V,0.0,E,False,True,13.61,16.0,13.1,40.4,48,47,44,0.0,False,original
2020-06-01,43.6,V,43.7,E,0.0,V,0,V,63.9,C,63.9,C,43.9,C,43.9,C,44.8,C,44.8,C,,V,0.0,E,False,True,13.59,15.7,13.7,40.4,49,47,44,0.0,False,original
2020-06-02,43.7,V,43.7,V,0.0,V,0,V,73.2,C,73.2,C,42.8,C,42.8,C,48.0,C,48.0,C,,V,0.0,E,False,True,13.54,15.9,13.2,40.4,52,47,44,0.0,False,original
2020-06-03,43.7,V,43.7,V,0.0,V,0,V,75.0,C,75.0,C,44.2,C,44.2,C,49.3,C,49.3,C,,V,0.0,E,False,True,13.52,15.4,12.1,40.3,53,48,45,0.0,False,original
2020-06-04,43.7,V,43.7,V,0.0,V,0,V,77.0,C,77.0,C,43.9,C,43.9,C,48.4,C,48.4,C,,V,0.0,E,False,True,13.51,14.1,10.8,40.2,53,49,45,0.0,False,original
2020-06-05,43.6,V,43.7,E,0.0,V,0,V,71.6,C,71.6,C,44.8,C,44.8,C,47.5,C,47.5,C,,V,0.0,E,False,True,13.52,13.4,10.1,40.1,53,50,46,0.0,False,original
2020-06-06,43.7,V,43.7,V,0.0,V,0,V,52.7,C,52.7,C,34.0,C,34.0,C,34.0,C,34.0,C,,V,0.0,E,False,True,13.57,12.7,9.5,40.0,49,49,46,0.0,False,original
2020-06-07,43.8,V,43.8,V,1.0,V,1,V,43.9,C,43.9,C,30.0,C,30.0,C,30.0,C,30.0,C,,V,0.1,E,False,True,13.67,12.4,9.9,39.8,45,46,46,0.0,True,7-day window
2020-06-08,43.8,V,43.8,V,,S,0,E,59.7,C,59.7,C,29.1,C,29.1,C,38.3,C,38.3,C,,V,0.0,E,False,True,13.66,12.0,10.4,39.5,47,45,46,0.0,True,7-day window
2020-06-09,43.9,V,43.9,V,,S,0,E,68.9,C,68.9,C,36.0,C,36.0,C,45.7,C,45.7,C,,V,0.0,E,False,True,13.6,11.9,9.8,39.3,50,47,45,1.0,True,7-day window
2020-06-10,43.9,V,43.9,V,,S,0,E,72.5,C,72.5,C,41.7,C,41.7,C,45.7,C,45.7,C,,V,0.0,E,False,True,13.54,11.2,8.6,38.9,52,48,45,1.0,True,7-day window
2020-06-11,43.9,V,43.9,V,,S,0,E,71.8,C,71.8,C,41.2,C,41.2,C,46.8,C,46.8,C,,V,0.0,E,False,True,13.54,10.7,7.5,38.5,52,49,46,1.0,True,7-day window
2020-06-12,44.1,V,44.1,V,1.0,V,0,E,60.4,C,60.4,C,34.5,C,34.5,C,35.2,C,35.2,C,,V,0.0,E,False,True,13.57,13.8,8.1,38.2,49,49,46,1.0,False,original
2020-06-13,44.2,V,44.2,V,1.0,V,0,E,48.6,C,48.6,C,33.3,C,33.3,C,34.5,C,34.5,C,,V,0.0,E,False,True,13.65,15.2,8.7,38.0,47,47,46,1.0,False,original
2020-06-14,44.3,V,44.2,E,0.0,V,0,V,63.0,C,63.0,C,32.0,C,32.0,C,41.0,C,41.0,C,,V,0.0,E,False,True,13.61,12.5,8.3,37.5,49,47,46,0.0,False,original
2020-06-15,44.3,V,44.2,E,0.0,V,0,V,59.5,C,59.5,C,40.3,C,40.3,C,44.1,C,44.1,C,,V,0.0,E,False,True,13.58,11.6,7.7,37.0,49,47,46,0.0,False,original
2020-06-16,44.2,V,44.2,V,1.0,V,0,E,57.0,C,57.0,C,36.0,C,36.0,C,39.0,C,39.0,C,,V,0.0,E,False,True,13.42,11.0,7.4,36.4,49,47,46,0.0,True,7-day window
2020-06-17,44.2,V,44.2,V,0.0,V,0,V,63.9,C,63.9,C,36.7,C,36.7,C,48.6,C,48.6,C,,V,0.0,E,False,True,13.61,10.5,7.0,35.7,50,47,46,0.0,False,original
2020-06-18,44.2,V,44.2,V,0.0,V,0,V,70.5,C,70.5,C,40.1,C,40.1,C,49.5,C,49.5,C,,V,0.0,E,False,True,13.56,9.9,6.2,34.8,52,48,46,0.0,False,original
2020-06-19,44.2,V,44.2,V,0.0,V,0,V,74.7,C,74.7,C,44.8,C,44.8,C,48.7,C,48.7,C,,V,0.0,E,False,True,13.52,9.2,6.1,34.3,54,49,46,0.0,False,original
2020-06-20,44.2,V,44.2,V,0.0,V,0,V,74.8,C,74.8,C,44.8,C,44.8,C,47.5,C,47.5,C,,V,0.0,E,False,True,13.5,8.8,13.6,33.4,54,51,46,0.0,False,original
2020-06-21,44.3,V,44.3,V,0.0,V,0,V,76.1,C,76.1,C,44.2,C,44.2,C,54.9,C,54.9,C,,V,0.0,E,False,True,13.49,8.3,8.1,32.7,56,51,47,0.0,False,original
2020-06-22,44.3,V,44.3,V,,V,0,E,83.3,C,83.3,C,54.1,C,54.1,C,57.4,C,57.4,C,,V,0.0,E,False,True,13.45,7.6,9.6,31.9,58,53,47,0.0,True,7-day window
2020-06-23,,S,44.3,E,,S,0,E,86.9,C,86.9,C,53.8,C,53.8,C,57.0,C,57.0,C,,S,0.0,E,False,True,13.4,7.1,9.7,31.4,60,54,48,0.0,True,31-day fallback window
2020-06-24,44.4,V,44.3,E,,S,0,E,81.0,C,81.0,C,54.1,C,54.1,C,54.1,C,54.1,C,,S,0.0,E,False,True,13.42,6.9,2.0,30.6,60,55,49,0.0,True,31-day fallback window
2020-06-25,44.4,V,44.3,E,,S,0,E,81.3,C,81.3,C,53.2,C,53.2,C,55.9,C,55.9,C,,S,0.0,E,False,True,13.44,6.3,1.6,30.1,59,55,49,0.0,True,31-day fallback window
2020-06-26,44.3,V,44.3,V,,S,0,E,83.7,C,83.7,C,51.8,C,51.8,C,57.0,C,57.0,C,,S,0.0,E,False,True,13.43,6.1,1.4,29.5,60,55,49,0.0,True,31-day fallback window
2020-06-27,44.3,V,44.3,V,,V,0,E,78.8,C,78.8,C,53.1,C,53.1,C,57.9,C,57.9,C,,V,0.0,E,False,True,13.45,5.6,1.3,29.0,59,56,50,0.0,True,31-day fallback window
2020-06-28,44.3,V,44.3,V,0.0,V,0,V,63.3,C,63.3,C,44.8,C,44.8,C,44.8,C,44.8,C,,S,0.0,E,False,True,13.48,5.2,0.6,28.4,56,55,50,0.0,False,original
2020-06-29,44.3,V,44.3,V,,V,0,E,62.6,C,62.6,C,39.0,C,39.0,C,41.9,C,41.9,C,,V,0.0,E,False,True,13.56,5.1,1.5,28.1,53,53,50,0.0,True,31-day fallback window
2020-06-30,44.3,V,44.3,V,,V,0,E,66.4,C,66.4,C,39.2,C,39.2,C,43.9,C,43.9,C,,V,0.0,E,False,True,13.54,5.0,0.6,27.6,55,53,50,0.0,True,31-day fallback window
2020-07-01,44.3,V,44.3,V,,V,0,E,70.3,C,70.3,C,40.1,C,40.1,C,45.5,C,45.5,C,,V,0.0,E,False,True,13.53,4.7,0.5,27.3,56,53,50,0.0,True,31-day fallback window
2020-07-02,44.4,V,44.3,E,,V,0,E,70.9,C,70.9,C,42.4,C,42.4,C,47.5,C,47.5,C,,V,0.0,E,False,True,13.51,4.7,0.9,26.7,56,53,50,0.0,True,31-day fallback window
2020-07-03,44.3,V,44.3,V,,V,0,E,71.6,C,71.6,C,45.5,C,45.5,C,48.0,C,48.0,C,,V,0.0,E,False,True,13.5,4.5,0.6,26.3,57,54,50,0.0,True,31-day fallback window
2020-07-04,44.3,V,44.3,V,,V,0,E,73.0,C,73.0,C,42.4,C,42.4,C,46.0,C,46.0,C,,V,0.0,E,False,True,13.5,3.9,0.2,26.0,57,54,50,0.0,True,31-day fallback window
2020-07-05,44.3,V,44.3,V,,V,0,E,74.8,C,74.8,C,41.9,C,41.9,C,47.7,C,47.7,C,,V,0.0,E,False,True,13.51,3.9,0.1,25.6,57,54,50,0.0,True,31-day fallback window
2020-07-06,44.3,V,44.3,V,0.0,V,0,V,75.6,C,75.6,C,42.8,C,42.8,C,51.6,C,51.6,C,,V,0.0,E,False,True,13.5,3.5,0.0,25.3,57,54,50,0.0,False,original
2020-07-07,44.3,V,44.3,V,0.0,V,0,V,71.1,C,71.1,C,40.8,C,40.8,C,44.2,C,44.2,C,,V,0.0,E,False,True,13.5,3.7,0.0,24.9,57,54,50,0.0,False,original
2020-07-08,44.4,V,44.3,E,,V,0,E,73.8,C,73.8,C,42.3,C,42.3,C,47.5,C,47.5,C,,V,0.0,E,False,True,13.5,3.2,0.0,24.6,57,54,51,0.0,True,31-day fallback window
2020-07-09,44.3,V,44.3,V,,V,0,E,73.6,C,73.6,C,43.5,C,43.5,C,47.8,C,47.8,C,,V,0.0,E,False,True,13.49,2.9,0.0,24.2,58,55,51,0.0,True,31-day fallback window
2020-07-10,44.3,V,44.3,V,,V,0,E,80.6,C,80.6,C,42.4,C,42.4,C,51.1,C,51.1,C,,V,0.0,E,False,True,13.47,3.0,0.0,23.9,59,55,51,0.0,True,31-day fallback window
2020-07-11,44.3,V,44.3,V,,V,0,E,81.1,C,81.1,C,46.6,C,46.6,C,52.0,C,52.0,C,,V,0.0,E,False,True,13.45,3.1,0.0,23.5,60,56,51,0.0,True,31-day fallback window
2020-07-12,44.3,V,44.3,V,,V,0,E,80.4,C,80.4,C,47.7,C,47.7,C,52.9,C,52.9,C,,V,0.0,E,False,True,13.46,2.7,0.0,23.1,60,56,51,0.0,True,31-day fallback window
2020-07-13,44.4,V,44.4,V,,V,0,E,78.8,C,78.8,C,47.3,C,47.3,C,53.6,C,53.6,C,,V,0.0,E,False,True,13.46,2.6,0.0,22.9,60,57,52,0.0,True,31-day fallback window
2020-07-14,44.4,V,44.4,V,,S,0,E,79.5,C,79.5,C,49.5,C,49.5,C,56.5,C,56.5,C,,V,0.0,E,False,True,13.44,2.4,0.0,22.5,62,57,52,,True,7-day window
2020-07-15,44.4,V,44.4,V,,V,0,E,83.8,C,83.8,C,54.1,C,54.1,C,58.8,C,58.8,C,,V,0.0,E,False,True,13.4,2.1,0.0,21.8,63,58,52,0.0,True,31-day fallback window
2020-07-16,44.4,V,44.4,V,,S,0,E,85.3,C,85.3,C,54.9,C,54.9,C,57.6,C,57.6,C,,V,0.0,E,False,True,13.4,1.5,0.0,21.6,64,59,53,0.0,True,31-day fallback window
2020-07-17,44.4,V,44.4,V,,V,0,E,81.1,C,81.1,C,53.6,C,53.6,C,53.6,C,53.6,C,,V,0.0,E,False,True,13.41,2.4,0.0,21.4,63,60,53,0.0,True,31-day fallback window
2020-07-18,44.4,V,44.4,V,,S,0,E,81.3,C,81.3,C,50.5,C,50.5,C,56.8,C,56.8,C,,V,0.0,E,False,True,13.42,1.9,0.0,20.7,64,60,53,0.0,True,31-day fallback window
2020-07-19,44.4,V,44.4,V,,S,0,E,83.7,C,83.7,C,52.7,C,52.7,C,57.9,C,57.9,C,,V,0.0,E,False,True,13.41,1.8,0.0,20.5,64,60,54,0.0,True,31-day fallback window
2020-07-20,44.4,V,44.4,V,,S,0,E,83.3,C,83.3,C,53.8,C,53.8,C,57.4,C,57.4,C,,V,0.0,E,False,True,13.41,1.6,0.0,20.2,63,60,54,0.0,True,31-day fallback window
2020-07-21,44.4,V,44.4,V,,S,0,E,84.0,C,84.0,C,52.9,C,52.9,C,59.9,C,59.9,C,,V,0.0,E,False,True,13.41,1.7,0.0,19.7,64,60,54,0.0,True,31-day fallback window
2020-07-22,44.4,V,44.4,V,,S,0,E,75.2,C,75.2,C,52.0,C,52.0,C,52.0,C,52.0,C,,V,0.0,E,False,True,13.43,1.4,0.0,19.4,62,60,54,,True,7-day window
2020-07-23,44.4,V,44.4,V,,V,0,E,74.8,C,74.8,C,48.6,C,48.6,C,51.8,C,51.8,C,,V,0.0,E,False,True,13.44,1.4,0.0,18.9,62,60,54,,True,7-day window
2020-07-24,44.4,V,44.4,V,,S,0,E,77.2,C,77.2,C,49.5,C,49.5,C,51.8,C,51.8,C,,V,0.0,E,False,True,13.43,1.2,0.0,18.9,63,60,55,,True,7-day window
2020-07-25,44.4,V,44.4,V,,S,0,E,77.4,C,77.4,C,49.6,C,49.6,C,53.6,C,53.6,C,,V,0.0,E,False,True,13.43,0.9,0.0,18.5,63,60,55,,True,7-day window
2020-07-26,44.4,V,44.4,V,,S,0,E,83.8,C,83.8,C,50.4,C,50.4,C,60.6,C,60.6,C,,V,0.0,E,False,True,13.45,1.0,0.0,18.1,61,60,55,,True,7-day window
2020-07-27,44.6,V,44.5,E,,S,0,E,78.3,C,78.3,C,51.8,C,51.8,C,51.8,C,51.8,C,,V,0.0,E,False,True,13.46,1.3,0.0,17.7,62,60,55,,True,7-day window
2020-07-28,44.5,V,44.5,V,,S,0,E,79.9,C,79.9,C,49.1,C,49.1,C,52.3,C,52.3,C,,V,0.0,E,False,True,13.44,0.5,0.0,17.1,63,60,55,,True,7-day window
2020-07-29,44.4,V,44.5,E,,V,0,E,80.4,C,80.4,C,48.2,C,48.2,C,53.1,C,53.1,C,,V,0.0,E,False,True,13.43,1.0,0.0,17.0,63,60,55,,True,7-day window
2020-07-30,44.5,V,44.5,V,95.0,S,0,E,79.9,C,79.9,C,51.3,C,51.3,C,51.3,C,51.3,C,,V,0.0,E,False,True,13.43,0.5,0.0,16.6,64,61,55,95.0,False,original
2020-07-31,44.5,V,44.5,V,,V,0,E,81.0,C,81.0,C,48.7,C,48.7,C,49.6,C,49.6,C,,V,0.0,E,False,True,13.43,0.4,0.0,15.9,64,61,55,,True,7-day window
2020-08-01,44.5,V,44.5,V,,V,0,E,81.0,C,81.0,C,46.4,C,46.4,C,50.5,C,50.5,C,,V,0.0,E,False,True,13.43,0.8,0.0,15.5,64,61,56,,True,7-day window
2020-08-02,44.5,V,44.5,V,,V,0,E,77.9,C,77.9,C,47.3,C,47.3,C,49.3,C,49.3,C,,V,0.0,E,False,True,13.44,0.5,0.0,14.8,63,61,56,,True,7-day window
2020-08-03,44.5,V,44.5,V,,V,0,E,77.7,C,77.7,C,45.5,C,45.5,C,50.2,C,50.2,C,,V,0.0,E,False,True,13.44,0.7,0.0,14.4,63,61,56,,True,7-day window
2020-08-04,44.5,V,44.5,V,,V,0,E,78.4,C,78.4,C,46.6,C,46.6,C,51.8,C,51.8,C,,V,0.0,E,False,True,13.43,0.4,0.0,13.6,64,61,56,,True,7-day window
2020-08-05,44.5,V,44.5,V,,V,0,E,74.7,C,74.7,C,46.9,C,46.9,C,46.9,C,46.9,C,,V,0.0,E,False,True,13.44,0.3,0.0,13.6,63,61,56,,True,7-day window
2020-08-06,44.5,V,44.5,V,,V,0,E,72.5,C,72.5,C,42.8,C,42.8,C,45.3,C,45.3,C,,V,0.0,E,False,True,13.47,0.4,0.0,12.9,63,61,56,,True,7-day window
2020-08-07,44.5,V,44.5,V,,S,0,E,75.6,C,75.6,C,44.6,C,44.6,C,53.2,C,53.2,C,,V,0.0,E,False,True,13.44,0.6,0.0,12.5,64,61,56,,True,7-day window
2020-08-08,44.5,V,44.5,V,,S,0,E,78.8,C,78.8,C,51.1,C,51.1,C,55.2,C,55.2,C,,V,0.0,E,False,True,13.42,0.5,0.0,12.3,64,61,56,,True,7-day window
2020-08-09,44.5,V,44.5,V,,S,0,E,82.8,C,82.8,C,50.5,C,50.5,C,55.8,C,55.8,C,,V,0.0,E,False,True,13.43,0.4,0.0,11.6,63,61,56,,True,7-day window
2020-08-10,44.6,V,44.5,E,,V,0,E,82.9,C,82.9,C,54.0,C,54.0,C,57.2,C,57.2,C,,V,0.0,E,False,True,13.46,0.2,0.0,11.0,61,60,57,,True,7-day window
2020-08-11,44.5,V,44.5,V,,V,0,E,76.5,C,76.5,C,48.6,C,48.6,C,48.6,C,48.6,C,,V,0.0,E,False,True,13.41,0.5,0.0,10.5,63,61,56,,True,7-day window
2020-08-12,44.5,V,44.5,V,,V,0,E,74.5,C,74.5,C,44.2,C,44.2,C,48.7,C,48.7,C,,V,0.0,E,False,True,13.46,0.3,0.0,9.9,63,61,56,,True,7-day window
2020-08-13,44.5,V,44.5,V,,S,0,E,75.9,C,75.9,C,44.1,C,44.1,C,55.2,C,55.2,C,,V,0.0,E,False,True,13.44,0.1,0.0,10.0,63,61,56,,True,7-day window
2020-08-14,44.5,V,44.5,V,,S,0,E,84.0,C,84.0,C,53.8,C,53.8,C,59.2,C,59.2,C,,V,0.0,E,False,True,13.38,0.4,0.0,9.6,66,62,57,,True,7-day window
2020-08-15,44.5,V,44.5,V,,S,0,E,85.5,C,85.5,C,55.4,C,55.4,C,63.3,C,63.3,C,,V,0.0,E,False,True,13.38,0.1,0.0,9.0,66,63,57,,True,7-day window
2020-08-16,44.5,V,44.5,V,,S,0,E,81.0,C,81.0,C,57.4,C,57.4,C,64.9,C,64.9,C,,V,0.0,E,False,True,13.37,0.3,0.0,8.8,67,63,57,,True,7-day window
2020-08-17,44.5,V,44.5,V,,V,0,E,87.1,C,87.1,C,61.0,C,61.0,C,66.0,C,66.0,C,,V,0.0,E,False,True,13.36,0.3,0.0,7.9,68,64,58,,True,7-day window
2020-08-18,44.5,V,44.5,V,,S,0,E,84.6,C,84.6,C,58.8,C,58.8,C,58.6,C,58.6,C,,V,0.0,E,False,True,13.35,0.3,0.0,7.9,68,65,58,,True,7-day window
2020-08-19,44.5,V,44.5,V,,V,0,E,79.0,C,79.0,C,51.3,C,51.3,C,51.3,C,51.3,C,,V,0.0,E,False,True,13.38,0.0,0.0,7.6,66,64,58,,True,7-day window
2020-08-20,44.5,V,44.5,V,,V,0,E,79.2,C,79.2,C,48.4,C,48.4,C,54.7,C,54.7,C,,V,0.0,E,False,True,13.41,0.0,0.0,6.7,66,63,58,,True,7-day window
2020-08-21,44.5,V,44.5,V,,V,0,E,80.1,C,80.1,C,48.6,C,48.6,C,51.8,C,51.8,C,,V,0.0,E,False,True,13.41,0.0,0.0,6.5,65,63,58,,True,7-day window
2020-08-22,44.5,V,44.5,V,,V,0,E,81.0,C,81.0,C,47.7,C,47.7,C,56.5,C,56.5,C,,V,0.0,E,False,True,13.42,0.0,0.0,6.8,65,63,58,,True,7-day window
2020-08-23,44.5,V,44.5,V,,V,0,E,82.2,C,82.2,C,54.0,C,54.0,C,58.6,C,58.6,C,,V,0.0,E,False,True,13.39,0.0,0.0,6.4,67,63,58,,True,7-day window
2020-08-24,44.6,V,44.6,V,,V,0,E,77.4,C,77.4,C,53.2,C,53.2,C,55.6,C,55.6,C,,V,0.0,E,False,True,13.4,0.0,0.0,6.3,67,64,59,,True,7-day window
2020-08-25,44.6,V,44.6,V,,V,0,E,76.8,C,76.8,C,51.6,C,51.6,C,52.0,C,52.0,C,,V,0.0,E,False,True,13.41,0.0,0.0,5.7,66,64,59,,True,7-day window
2020-08-26,44.6,V,44.6,V,,V,0,E,74.3,C,74.3,C,48.7,C,48.7,C,49.8,C,49.8,C,,V,0.0,E,False,True,13.42,0.0,0.0,5.9,66,64,59,,True,7-day window
2020-08-27,44.6,V,44.6,V,,V,0,E,75.7,C,75.7,C,44.6,C,44.6,C,57.2,C,57.2,C,,V,0.0,E,False,True,13.42,0.0,0.0,5.5,66,64,59,0.0,True,31-day fallback window
2020-08-28,44.6,V,44.6,V,,V,0,E,79.2,C,79.2,C,53.8,C,53.8,C,53.8,C,53.8,C,,V,0.0,E,False,True,13.43,0.0,0.0,5.1,65,64,59,0.0,True,31-day fallback window
2020-08-29,44.6,V,44.6,V,,V,0,E,78.8,C,78.8,C,49.6,C,49.6,C,51.6,C,51.6,C,,V,0.0,E,False,True,13.41,0.0,0.0,5.1,66,64,59,0.0,True,31-day fallback window
2020-08-30,44.6,V,44.6,V,0.0,V,0,V,79.7,C,79.7,C,48.2,C,48.2,C,50.9,C,50.9,C,,V,0.0,E,False,True,13.42,0.0,0.0,4.7,66,64,59,0.0,False,original
2020-08-31,44.7,V,44.7,V,,V,0,E,75.6,C,75.6,C,48.0,C,48.0,C,52.3,C,52.3,C,,V,0.0,E,False,True,13.44,0.0,0.0,4.4,66,64,59,0.0,True,31-day fallback window
2020-09-01,44.6,V,44.7,E,,V,0,E,80.4,C,80.4,C,49.6,C,49.6,C,57.4,C,57.4,C,,V,0.0,E,False,True,13.41,0.0,0.0,5.0,67,64,59,0.0,True,31-day fallback window
2020-09-02,44.6,V,44.7,E,,V,0,E,81.5,C,81.5,C,49.6,C,49.6,C,55.8,C,55.8,C,,V,0.0,E,False,True,13.38,0.0,0.0,4.5,68,65,60,0.0,True,31-day fallback window
2020-09-03,44.7,V,44.7,V,,V,0,E,86.7,C,86.7,C,52.0,C,52.0,C,57.7,C,57.7,C,,V,0.0,E,False,True,13.36,0.0,0.0,3.9,69,66,60,0.0,True,31-day fallback window
2020-09-04,44.6,V,44.7,E,,V,0,E,87.1,C,87.1,C,54.7,C,54.7,C,57.2,C,57.2,C,,V,0.0,E,False,True,13.35,0.0,0.0,4.2,69,67,60,0.0,True,31-day fallback window
2020-09-05,44.7,V,44.7,V,,V,0,E,88.7,C,88.7,C,54.1,C,54.1,C,60.4,C,60.4,C,,V,0.0,E,False,True,13.35,0.0,0.0,4.2,70,67,60,0.0,True,31-day fallback window
2020-09-06,44.7,V,44.7,V,,V,0,E,82.2,C,82.2,C,55.9,C,55.9,C,55.9,C,55.9,C,,V,0.0,E,False,True,13.39,0.0,0.0,4.0,68,67,61,0.0,True,31-day fallback window
2020-09-07,44.7,V,44.7,V,,V,0,E,82.4,C,82.4,C,53.1,C,53.1,C,56.7,C,56.7,C,,V,0.0,E,False,True,13.38,0.0,0.0,4.0,68,66,61,0.0,True,31-day fallback window
2020-09-08,44.6,V,44.7,E,,V,0,E,64.6,C,64.6,C,45.9,C,45.9,C,48.4,C,48.4,C,,V,0.0,E,False,True,12.93,0.0,0.0,3.6,66,65,61,0.0,True,31-day fallback window
2020-09-09,44.7,V,44.7,V,,V,0,E,74.1,C,74.1,C,46.8,C,46.8,C,52.0,C,52.0,C,,V,0.0,E,False,True,12.91,0.0,0.0,3.8,66,65,61,0.0,True,7-day window
2020-09-10,44.7,V,44.7,V,0.0,V,0,V,67.3,C,67.3,C,42.8,C,42.8,C,44.8,C,44.8,C,,V,0.0,E,False,True,13.48,0.0,0.0,4.0,64,64,61,0.0,False,original
2020-09-11,44.7,V,44.7,V,0.0,V,0,V,75.6,C,75.6,C,40.8,C,40.8,C,46.6,C,46.6,C,,V,0.0,E,False,True,13.45,0.0,0.0,3.9,66,64,61,0.0,False,original
2020-09-12,44.7,V,44.7,V,0.0,V,0,V,78.8,C,78.8,C,43.5,C,43.5,C,48.4,C,48.4,C,,V,0.0,E,False,True,13.44,0.0,0.0,3.4,66,64,61,0.0,False,original
2020-09-13,44.7,V,44.7,V,0.0,V,0,V,75.6,C,75.6,C,44.8,C,44.8,C,49.8,C,49.8,C,,V,0.0,E,False,True,13.47,0.0,0.0,3.7,64,64,60,0.0,False,original
2020-09-14,44.7,V,44.7,V,0.0,V,0,V,74.5,C,74.5,C,45.0,C,45.0,C,46.0,C,46.0,C,,V,0.0,E,False,True,13.46,0.0,0.0,3.5,65,64,60,0.0,False,original
2020-09-15,44.7,V,44.7,V,57.0,S,0,E,74.5,C,74.5,C,43.5,C,43.5,C,49.5,C,49.5,C,,V,0.0,E,False,True,13.52,0.0,0.0,3.1,65,64,60,0.0,True,7-day window
2020-09-16,44.7,V,44.7,V,61.0,S,0,E,74.3,C,74.3,C,43.9,C,43.9,C,43.9,C,43.9,C,,V,0.0,E,False,True,13.43,0.0,0.0,3.4,65,64,60,0.0,True,7-day window
2020-09-17,44.7,V,44.7,V,57.0,S,0,E,72.5,C,72.5,C,40.5,C,40.5,C,46.6,C,46.6,C,,V,0.0,E,False,True,13.46,0.0,0.0,3.2,65,63,60,1.0,True,7-day window
2020-09-18,44.7,V,44.7,V,0.0,V,0,V,62.4,C,62.4,C,42.4,C,42.4,C,42.4,C,42.4,C,0.0,V,0.0,V,False,False,13.47,0.0,0.0,3.2,64,63,60,0.0,False,original
2020-09-19,44.7,V,44.7,V,0.0,V,0,V,68.0,C,68.0,C,39.9,C,39.9,C,48.7,C,48.7,C,0.1,V,0.0,E,False,False,13.46,0.0,0.0,3.1,65,63,60,0.0,False,original
2020-09-20,44.7,V,44.7,V,1.0,V,0,E,74.1,C,74.1,C,41.9,C,41.9,C,45.5,C,45.5,C,0.1,V,0.0,E,False,False,13.45,0.0,0.0,3.4,66,64,60,1.0,False,original
2020-09-21,44.7,V,44.7,V,0.0,V,0,V,71.2,C,71.2,C,41.7,C,41.7,C,50.5,C,50.5,C,0.0,V,0.0,V,False,False,13.46,0.0,0.0,3.1,66,64,60,0.0,False,original
2020-09-22,44.7,V,44.7,V,1.0,V,0,E,68.5,C,68.5,C,44.6,C,44.6,C,46.0,C,46.0,C,0.0,V,0.0,V,False,False,13.42,0.0,0.7,2.9,67,68,60,0.0,True,7-day window
2020-09-23,44.7,V,44.7,V,0.0,V,0,V,71.4,C,71.4,C,42.8,C,42.8,C,46.4,C,46.4,C,0.0,V,0.0,V,False,False,13.44,0.0,1.0,3.1,62,65,61,0.0,False,original
2020-09-24,44.7,V,44.7,V,0.0,V,0,V,67.1,C,67.1,C,41.7,C,41.7,C,45.0,C,45.0,C,0.0,V,0.0,V,False,False,13.46,0.0,0.4,2.6,61,65,61,0.0,False,original
2020-09-25,44.7,V,44.7,V,1.0,V,0,E,70.3,C,70.3,C,43.0,C,43.0,C,45.9,C,45.9,C,0.1,V,0.0,E,False,False,13.44,0.0,1.1,3.3,62,65,61,1.0,False,original
2020-09-26,44.7,V,44.7,V,0.0,V,0,V,72.5,C,72.5,C,43.5,C,43.5,C,53.1,C,53.1,C,0.1,V,0.0,E,False,False,13.44,0.0,0.6,2.6,64,65,61,0.0,False,original
2020-09-27,44.7,V,44.7,V,1.0,V,0,E,68.0,C,68.0,C,47.5,C,47.5,C,52.0,C,52.0,C,0.0,V,0.0,V,False,False,13.44,0.0,0.9,3.6,63,65,61,1.0,False,original
2020-09-28,44.7,V,44.7,V,1.0,V,0,E,74.3,C,74.3,C,49.5,C,49.5,C,54.7,C,54.7,C,0.1,V,0.0,E,False,False,13.43,0.0,1.3,2.9,64,65,61,1.0,False,original
2020-09-29,44.7,V,44.7,V,0.0,V,0,V,74.8,C,74.8,C,45.9,C,45.9,C,49.1,C,49.1,C,0.0,V,0.0,V,False,False,13.42,0.0,0.6,2.8,64,65,61,1.0,True,7-day window
2020-09-30,44.8,V,44.7,E,1.0,V,0,E,77.2,C,77.2,C,45.9,C,45.9,C,57.6,C,57.6,C,0.1,V,0.0,E,False,False,13.42,0.0,0.3,3.3,64,65,61,1.0,False,original
2020-10-01,,V,0.0,E,1.0,V,0,E,79.5,C,79.5,C,51.1,C,51.1,C,51.1,C,51.1,C,0.0,V,0.0,V,False,True,13.39,0.0,0.9,3.3,65,66,61,1.0,False,original
2020-10-02,,V,0.0,E,1.0,V,0,E,80.8,C,80.8,C,47.3,C,47.3,C,50.4,C,50.4,C,0.0,V,0.0,V,False,True,13.4,0.0,0.6,3.2,65,66,61,1.0,False,original
2020-10-03,,V,0.0,E,1.0,V,0,E,78.8,C,78.8,C,46.8,C,46.8,C,48.6,C,48.6,C,0.0,V,0.0,V,False,True,13.4,0.0,1.0,2.7,64,66,61,1.0,False,original
2020-10-04,,V,0.0,E,1.0,V,0,E,74.8,C,74.8,C,42.3,C,42.3,C,43.9,C,43.9,C,0.0,V,0.0,V,False,True,13.43,0.0,0.7,3.0,62,65,61,1.0,False,original
2020-10-05,,V,0.0,E,1.0,V,0,E,76.3,C,76.3,C,40.5,C,40.5,C,45.7,C,45.7,C,0.0,V,0.0,V,False,True,13.43,0.0,1.0,2.5,63,65,61,1.0,False,original
2020-10-06,0.0,V,0.0,V,3.0,V,0,E,74.8,C,74.8,C,42.3,C,42.3,C,46.0,C,46.0,C,0.0,V,0.0,V,False,False,13.43,0.0,0.6,3.0,62,65,61,3.0,False,original
2020-10-07,0.0,V,0.0,V,4.0,V,0,E,72.7,C,72.7,C,41.4,C,41.4,C,41.4,C,41.4,C,0.0,V,0.0,V,False,False,13.44,0.0,0.6,2.9,63,65,61,4.0,False,original
2020-10-08,,V,0.0,E,2.0,V,0,E,63.7,C,63.7,C,40.1,C,40.1,C,40.5,C,40.5,C,0.0,V,0.0,V,False,True,13.52,0.0,1.0,2.8,58,62,61,2.0,False,original
2020-10-09,0.0,V,0.0,V,1.0,V,0,E,67.8,C,67.8,C,37.4,C,37.4,C,42.8,C,42.8,C,0.0,V,0.0,V,False,False,13.51,0.0,0.2,2.7,59,62,61,1.0,False,original
2020-10-10,0.0,V,0.0,V,0.0,V,0,V,55.9,C,55.9,C,40.1,C,40.1,C,42.8,C,42.8,C,0.0,V,0.0,V,False,False,13.55,0.0,0.7,2.4,57,60,60,0.0,False,original
2020-10-11,0.0,V,0.0,V,1.0,V,0,E,67.6,C,67.6,C,34.7,C,34.7,C,39.0,C,39.0,C,0.0,V,0.0,V,False,False,13.49,0.0,0.8,2.9,59,61,60,1.0,False,original
2020-10-12,0.0,V,0.0,V,4.0,V,0,E,68.7,C,68.7,C,37.2,C,37.2,C,40.6,C,40.6,C,0.0,V,0.0,V,False,False,13.48,0.0,0.1,2.9,59,62,60,4.0,False,original
2020-10-13,0.0,V,0.0,V,0.0,V,0,V,71.1,C,71.1,C,39.2,C,39.2,C,44.1,C,44.1,C,0.0,V,0.0,V,False,False,13.47,0.0,0.9,2.8,61,62,60,0.0,False,original
2020-10-14,0.0,V,0.0,V,1.0,V,0,E,75.2,C,75.2,C,41.7,C,41.7,C,50.4,C,50.4,C,0.1,V,0.0,E,False,False,13.45,0.0,0.8,2.6,62,62,59,1.0,False,original
2020-10-15,0.1,V,0.0,E,1.0,V,0,E,67.8,C,67.8,C,45.7,C,45.7,C,48.7,C,48.7,C,0.1,V,0.0,E,False,False,13.46,0.0,0.8,2.7,61,62,60,1.0,False,original
2020-10-16,0.1,V,0.0,E,2.0,V,0,E,70.2,C,70.2,C,43.7,C,43.7,C,44.6,C,44.6,C,0.1,V,0.0,E,False,False,13.46,0.0,1.0,2.4,61,62,60,1.0,True,7-day window
2020-10-17,0.1,V,0.0,E,1.0,V,0,E,76.1,C,76.1,C,40.3,C,40.3,C,44.2,C,44.2,C,0.1,V,0.0,E,False,False,13.45,0.0,0.6,2.7,62,62,60,1.0,False,original
2020-10-18,0.0,V,0.0,V,1.0,V,0,E,70.9,C,70.9,C,39.9,C,39.9,C,42.6,C,42.6,C,0.0,V,0.0,V,False,False,13.46,0.0,0.7,2.3,61,62,60,1.0,False,original
2020-10-19,0.1,V,0.0,E,0.0,V,0,V,71.6,C,71.6,C,38.7,C,38.7,C,43.5,C,43.5,C,0.1,V,0.0,E,False,False,13.46,0.0,0.6,2.6,61,62,59,1.0,True,7-day window
2020-10-20,0.1,V,0.0,E,0.0,V,0,V,73.8,C,73.8,C,43.0,C,43.0,C,43.9,C,43.9,C,0.1,V,0.0,E,False,False,13.46,0.0,0.1,2.3,61,62,59,0.0,False,original
2020-10-21,0.0,V,0.0,V,0.0,V,0,V,69.4,C,69.4,C,39.0,C,39.0,C,40.1,C,40.1,C,0.1,V,0.0,E,False,False,13.47,0.0,0.6,2.2,60,62,59,0.0,False,original
2020-10-22,0.0,V,0.0,V,1.0,V,0,E,61.9,C,61.9,C,36.0,C,36.0,C,36.0,C,36.0,C,0.0,V,0.0,V,False,False,13.51,0.0,0.5,2.4,57,61,59,0.0,True,7-day window
2020-10-23,0.0,V,0.0,V,0.0,V,0,V,63.5,C,63.5,C,29.7,C,29.7,C,35.2,C,35.2,C,0.0,V,0.0,V,False,False,13.52,0.0,0.9,2.3,56,60,59,1.0,True,7-day window
2020-10-24,0.1,V,0.0,E,1.0,V,0,E,59.4,C,59.4,C,32.9,C,32.9,C,34.3,C,34.3,C,0.1,V,0.0,E,False,False,13.54,0.0,0.0,2.2,55,59,59,1.0,False,original
2020-10-25,,V,0.0,E,3.0,V,0,E,45.7,C,45.7,C,22.6,C,22.6,C,23.0,C,23.0,C,,V,0.0,E,False,True,12.96,0.0,0.6,2.1,49,58,58,3.0,False,original
2020-10-26,0.0,V,0.0,V,4.0,V,0,E,46.9,C,46.9,C,20.8,C,20.8,C,36.3,C,36.3,C,0.1,V,0.0,E,False,False,12.9,0.0,0.1,2.1,49,55,58,3.0,True,7-day window
2020-10-27,0.1,V,0.1,V,3.0,V,0,E,59.2,C,59.2,C,35.2,C,35.2,C,46.2,C,46.2,C,0.2,V,0.0,E,False,False,12.9,0.0,0.7,2.5,53,56,57,3.0,False,original
2020-10-28,0.1,V,0.1,V,3.0,V,0,E,67.8,C,67.8,C,37.0,C,37.0,C,40.6,C,40.6,C,0.2,V,0.0,E,False,False,13.51,0.0,0.0,2.4,54,56,57,3.0,False,original
2020-10-29,0.1,V,0.1,V,3.0,V,0,E,68.5,C,68.5,C,34.9,C,34.9,C,36.3,C,36.3,C,0.2,V,0.0,E,False,False,13.52,0.0,0.1,2.6,54,56,56,3.0,False,original
2020-10-30,0.1,V,0.1,V,3.0,V,0,E,67.3,C,67.3,C,32.5,C,32.5,C,36.1,C,36.1,C,0.2,V,0.0,E,False,False,13.53,0.0,0.3,2.4,53,56,56,3.0,False,original
2020-10-31,0.1,V,0.1,V,2.0,V,0,E,69.8,C,69.8,C,33.6,C,33.6,C,40.6,C,40.6,C,0.2,V,0.0,E,False,False,13.52,0.0,0.6,2.0,55,56,56,2.0,False,original
2020-11-01,0.1,V,0.1,V,1.0,V,0,E,70.3,C,70.3,C,35.8,C,35.8,C,39.9,C,39.9,C,0.2,V,0.0,E,False,False,13.52,0.0,0.0,2.3,55,57,56,1.0,False,original
2020-11-02,0.1,V,0.1,V,0.0,V,0,V,70.9,C,70.9,C,36.7,C,36.7,C,37.9,C,37.9,C,0.2,V,0.0,E,False,False,13.51,0.0,0.4,2.3,54,57,56,0.5,True,7-day window
2020-11-03,0.1,V,0.1,V,0.0,V,0,V,63.7,C,63.7,C,35.4,C,35.4,C,36.5,C,36.5,C,0.1,V,0.0,E,False,False,13.52,0.0,0.7,2.5,53,56,56,0.0,False,original
2020-11-04,0.1,V,0.1,V,0.0,V,0,V,66.0,C,66.0,C,33.6,C,33.6,C,40.3,C,40.3,C,0.2,V,0.0,E,False,False,13.54,0.0,0.2,2.6,54,56,56,0.0,False,original
2020-11-05,0.1,V,0.1,V,,V,0,E,70.7,C,70.7,C,36.5,C,36.5,C,43.5,C,43.5,C,0.2,V,0.0,E,False,True,13.52,0.0,0.0,2.2,54,56,56,0.0,True,7-day window
2020-11-06,0.1,V,0.1,V,,V,0,E,47.3,C,47.3,C,23.9,C,23.9,C,23.9,C,23.9,C,0.2,V,0.0,E,False,True,13.59,0.0,0.0,2.3,47,54,56,2.0,True,7-day window
2020-11-07,0.3,V,0.4,E,2.0,V,3,E,29.5,C,29.5,C,18.0,C,18.0,C,24.4,C,24.4,C,0.5,V,0.3,E,False,False,13.68,0.0,0.0,2.1,42,50,55,2.0,False,original
2020-11-08,0.8,V,0.8,V,5.0,V,8,E,25.9,C,25.9,C,15.8,C,15.8,C,16.5,C,16.5,C,0.8,V,0.8,V,False,False,13.75,0.0,0.2,2.1,42,49,54,5.0,False,original
2020-11-09,0.8,V,0.8,V,2.0,V,5,E,33.6,C,33.6,C,11.7,C,11.7,C,18.0,C,18.0,C,0.8,V,0.8,V,False,False,13.75,0.0,15.8,2.2,41,46,53,2.0,False,original
2020-11-10,0.8,V,0.8,V,1.0,V,4,E,45.7,C,45.7,C,17.8,C,17.8,C,22.5,C,22.5,C,0.9,V,0.8,E,False,False,13.72,0.0,19.6,16.7,39,45,51,1.0,False,original
2020-11-11,0.8,V,0.8,V,1.0,V,4,E,42.3,C,42.3,C,18.0,C,18.0,C,18.0,C,18.0,C,0.8,V,0.8,V,False,False,13.71,0.0,18.8,15.5,38,45,51,1.0,False,original
2020-11-12,0.9,V,0.9,V,0.0,V,3,E,46.6,C,46.6,C,15.6,C,15.6,C,28.9,C,28.9,C,0.7,V,0.9,E,False,False,13.73,0.0,16.4,14.7,38,45,50,0.0,False,original
2020-11-13,1.8,V,1.9,E,4.0,V,7,E,32.9,C,32.9,C,27.7,C,27.7,C,30.6,C,30.6,C,2.0,V,2.0,V,False,False,13.76,0.0,15.0,13.5,38,44,50,4.0,False,original
2020-11-14,2.0,V,1.9,E,5.0,V,6,E,37.2,C,37.2,C,19.6,C,19.6,C,23.2,C,23.2,C,2.0,V,2.0,V,False,False,13.74,0.0,23.0,23.6,37,41,48,5.0,False,original
2020-11-15,1.9,V,1.9,V,4.0,V,4,V,45.3,C,45.3,C,21.6,C,21.6,C,27.9,C,27.9,C,2.0,V,2.0,V,False,False,13.75,0.0,21.8,23.2,37,42,47,4.0,False,original
2020-11-16,2.0,V,2.0,V,2.0,V,4,E,62.6,C,62.6,C,26.6,C,26.6,C,45.7,C,45.7,C,1.9,V,2.1,E,False,False,13.69,0.0,23.0,25.4,36,40,46,2.0,False,original
2020-11-17,3.0,V,3.0,V,,S,15,E,47.8,C,47.8,C,30.7,C,30.7,C,30.7,C,30.7,C,3.1,V,3.1,V,False,True,13.7,0.0,21.1,22.7,37,41,46,5.0,True,7-day window
2020-11-18,5.7,V,5.8,E,18.0,V,18,V,33.1,C,33.1,C,28.2,C,28.2,C,28.2,C,28.2,C,5.1,V,5.1,V,False,False,13.63,0.1,28.3,28.4,34,38,43,15.0,True,7-day window
2020-11-19,5.8,V,5.8,V,15.0,V,15,V,38.1,C,38.1,C,20.7,C,20.7,C,21.4,C,21.4,C,5.1,V,5.1,V,False,False,13.73,0.3,28.2,28.9,34,37,42,15.0,False,original
2020-11-20,5.8,V,5.8,V,,S,15,E,39.2,C,39.2,C,19.0,C,19.0,C,22.3,C,22.3,C,5.0,V,5.1,E,False,True,13.76,0.4,26.7,26.8,35,38,43,15.0,True,7-day window
2020-11-21,5.8,V,5.8,V,15.0,V,15,V,43.5,C,43.5,C,18.0,C,18.0,C,24.3,C,24.3,C,5.1,V,5.1,V,False,False,13.78,0.9,26.3,26.5,35,38,42,15.0,False,original
2020-11-22,5.8,V,5.8,V,,S,13,E,48.4,C,48.4,C,22.3,C,22.3,C,29.5,C,29.5,C,5.1,V,5.1,V,False,True,13.77,0.8,25.6,26.2,35,38,42,15.0,True,7-day window
2020-11-23,5.9,V,5.8,E,14.0,V,14,V,42.8,C,42.8,C,24.4,C,24.4,C,29.1,C,29.1,C,5.1,V,5.1,V,False,False,13.75,1.3,25.6,26.1,35,38,42,15.0,True,7-day window
2020-11-24,5.9,V,5.9,V,15.0,V,15,V,50.0,C,50.0,C,23.9,C,23.9,C,30.2,C,30.2,C,5.2,V,5.2,V,False,False,13.72,2.0,25.3,25.7,36,38,42,15.0,False,original
2020-11-25,5.8,V,5.9,E,15.0,V,15,V,37.8,C,37.8,C,22.1,C,22.1,C,22.6,C,22.6,C,5.1,V,5.2,E,False,False,13.73,1.4,23.7,24.0,36,39,43,15.0,False,original
2020-11-26,5.9,V,5.9,V,15.0,V,15,V,34.7,C,34.7,C,19.9,C,19.9,C,25.5,C,25.5,C,5.1,V,5.2,E,False,False,13.77,1.7,22.1,22.8,36,39,43,15.0,False,original
2020-11-27,5.9,V,5.9,V,15.0,V,15,V,45.5,C,45.5,C,19.4,C,19.4,C,23.4,C,23.4,C,5.1,V,5.2,E,False,False,13.74,1.7,22.6,22.8,35,39,43,15.0,False,original
2020-11-28,6.0,V,6.0,V,14.0,V,14,V,53.1,C,53.1,C,20.7,C,20.7,C,26.6,C,26.6,C,5.2,V,5.2,V,False,False,13.72,1.8,22.6,23.1,35,38,42,14.0,False,original
2020-11-29,5.9,V,6.0,E,14.0,V,14,V,53.6,C,53.6,C,24.8,C,24.8,C,24.8,C,24.8,C,5.2,V,5.2,V,False,False,13.72,2.1,22.7,22.9,35,38,42,14.0,False,original
2020-11-30,5.9,V,6.0,E,14.0,V,14,V,50.5,C,50.5,C,23.9,C,23.9,C,25.3,C,25.3,C,5.1,V,5.2,E,False,False,13.72,2.2,22.4,22.8,35,38,42,14.0,False,original
2020-12-01,6.0,V,6.0,V,14.0,V,14,V,48.2,C,48.2,C,24.4,C,24.4,C,28.2,C,28.2,C,5.2,V,5.2,V,False,False,13.71,2.5,21.6,22.0,35,39,42,14.0,False,original
2020-12-02,6.0,V,6.0,V,13.0,V,13,V,53.6,C,53.6,C,25.2,C,25.2,C,27.3,C,27.3,C,5.2,V,5.2,V,False,False,13.71,2.6,20.7,21.4,36,39,42,13.0,False,original
2020-12-03,6.0,V,6.0,V,13.0,V,13,V,53.2,C,53.2,C,25.3,C,25.3,C,27.7,C,27.7,C,5.2,V,5.2,V,False,False,13.7,2.0,19.7,21.0,37,39,42,13.0,False,original
2020-12-04,6.0,V,6.0,V,12.0,V,12,V,50.5,C,50.5,C,26.8,C,26.8,C,27.3,C,27.3,C,5.2,V,5.2,V,False,False,13.7,2.1,19.6,20.6,37,40,42,12.0,False,original
2020-12-05,6.0,V,6.0,V,11.0,V,11,V,49.6,C,49.6,C,25.2,C,25.2,C,32.2,C,32.2,C,5.2,V,5.2,V,False,False,13.7,2.1,18.9,20.3,38,40,42,11.0,False,original
2020-12-06,6.0,V,6.0,V,11.0,V,11,V,47.7,C,47.7,C,26.8,C,26.8,C,29.3,C,29.3,C,5.2,V,5.2,V,False,False,13.65,2.0,18.5,20.0,37,40,42,11.0,False,original
2020-12-07,6.0,V,6.0,V,11.0,V,11,V,47.5,C,47.5,C,27.0,C,27.0,C,29.3,C,29.3,C,5.3,V,5.2,E,False,False,13.69,2.2,18.1,19.8,37,40,42,11.0,False,original
2020-12-08,6.0,V,6.0,V,11.0,V,11,V,56.7,C,56.7,C,27.7,C,27.7,C,27.7,C,27.7,C,5.3,V,5.2,E,False,False,13.68,2.5,17.9,19.3,38,40,42,11.0,False,original
2020-12-09,6.0,V,6.0,V,10.0,V,10,V,53.1,C,53.1,C,25.2,C,25.2,C,31.6,C,31.6,C,5.3,V,5.2,E,False,False,13.69,2.6,17.6,19.0,38,40,42,11.0,True,7-day window
2020-12-10,6.1,V,6.0,E,11.0,V,11,V,46.8,C,46.8,C,24.3,C,24.3,C,24.3,C,24.3,C,5.3,V,5.2,E,False,False,13.69,2.2,17.3,18.8,37,40,42,11.0,False,original
2020-12-11,6.2,V,6.2,V,10.0,V,11,E,38.3,C,38.3,C,21.9,C,21.9,C,30.6,C,30.6,C,5.1,V,5.4,E,False,False,13.74,2.1,16.9,18.7,36,39,42,10.0,False,original
2020-12-12,6.5,V,6.5,V,8.0,V,12,E,33.3,C,33.3,C,22.6,C,22.6,C,23.0,C,23.0,C,5.7,V,5.7,V,False,False,13.73,2.4,19.0,22.0,35,38,41,8.0,False,original
2020-12-13,7.6,V,7.8,E,23.0,V,23,V,32.0,C,32.0,C,21.9,C,21.9,C,25.2,C,25.2,C,7.2,V,7.2,V,False,False,13.77,2.6,18.7,20.5,35,38,41,23.0,False,original
2020-12-14,7.9,V,8.0,E,22.0,V,22,V,32.0,C,32.0,C,18.0,C,18.0,C,21.2,C,21.2,C,7.4,V,7.4,V,False,False,13.76,1.9,18.4,20.0,35,38,41,22.0,False,original
2020-12-15,8.0,V,8.0,V,21.0,V,21,V,40.8,C,40.8,C,21.0,C,21.0,C,29.8,C,29.8,C,7.4,V,7.4,V,False,False,13.78,2.1,20.6,23.9,35,38,40,21.0,False,original
2020-12-16,8.1,V,8.1,V,20.0,V,20,V,38.7,C,38.7,C,21.7,C,21.7,C,32.5,C,32.5,C,7.6,V,7.6,V,False,False,13.77,2.3,22.8,26.6,34,37,40,20.0,False,original
2020-12-17,8.9,V,9.0,E,26.0,V,26,V,32.5,C,32.5,C,20.7,C,20.7,C,21.6,C,21.6,C,8.5,V,8.5,V,False,False,13.71,3.4,21.2,23.7,35,37,40,26.0,False,original
2020-12-18,8.9,V,9.0,E,,S,24,E,40.3,C,40.3,C,19.0,C,19.0,C,21.0,C,21.0,C,8.3,V,8.5,E,False,True,13.76,3.0,22.0,25.0,35,37,40,23.0,True,7-day window
2020-12-19,9.0,V,9.0,V,24.0,V,24,V,47.3,C,47.3,C,18.0,C,18.0,C,21.7,C,21.7,C,8.4,V,8.5,E,False,False,13.77,3.6,22.3,25.1,35,37,40,24.0,False,original
2020-12-20,9.0,V,9.0,V,23.0,V,23,V,55.8,C,55.8,C,19.6,C,19.6,C,25.9,C,25.9,C,8.5,V,8.5,V,False,False,13.76,3.9,22.6,25.5,35,37,39,23.0,False,original
2020-12-21,9.0,V,9.0,V,23.0,V,23,V,52.7,C,52.7,C,23.0,C,23.0,C,34.9,C,34.9,C,8.5,V,8.5,V,False,False,13.68,4.2,22.7,25.5,35,37,39,23.0,False,original
2020-12-22,9.0,V,9.0,V,23.0,V,23,V,45.7,C,45.7,C,22.5,C,22.5,C,23.9,C,23.9,C,8.5,V,8.5,V,False,False,13.74,4.5,22.7,25.6,35,37,39,23.0,False,original
2020-12-23,9.0,V,9.0,V,23.0,V,23,V,40.1,C,40.1,C,17.6,C,17.6,C,18.7,C,18.7,C,8.5,V,8.5,V,False,False,13.77,4.4,22.2,24.4,34,36,39,23.0,False,original
2020-12-24,9.0,V,9.0,V,22.0,V,22,V,49.1,C,49.1,C,18.1,C,18.1,C,25.0,C,25.0,C,8.6,V,8.5,E,False,False,13.77,4.7,22.1,23.9,34,36,39,23.0,True,7-day window
2020-12-25,9.7,V,9.9,E,23.0,V,23,V,39.4,C,39.4,C,24.8,C,24.8,C,28.9,C,28.9,C,9.7,V,9.7,V,False,False,13.78,4.0,21.0,23.4,34,36,39,23.0,False,original
2020-12-26,10.9,V,11.0,E,,S,34,E,30.2,C,30.2,C,18.7,C,18.7,C,18.7,C,18.7,C,10.8,V,10.8,V,False,True,13.78,3.6,20.5,22.9,34,36,39,27.0,True,7-day window
2020-12-27,11.0,V,11.0,V,33.0,V,33,V,32.2,C,32.2,C,16.7,C,16.7,C,23.0,C,23.0,C,10.8,V,10.8,V,False,False,13.79,4.2,19.9,22.4,34,36,39,33.0,False,original
2020-12-28,10.9,V,11.0,E,32.0,V,32,V,31.6,C,31.6,C,20.8,C,20.8,C,21.6,C,21.6,C,10.8,V,10.8,V,False,False,13.8,3.4,19.4,22.0,35,36,39,32.0,False,original
2020-12-29,11.0,V,11.0,V,31.0,V,31,V,35.8,C,35.8,C,16.7,C,16.7,C,17.1,C,17.1,C,10.8,V,10.8,V,False,False,13.79,3.8,19.3,21.6,35,36,39,31.0,False,original
2020-12-30,11.2,V,11.2,V,32.0,V,32,V,41.4,C,41.4,C,15.4,C,15.4,C,25.9,C,25.9,C,11.1,V,11.1,V,False,False,13.8,3.8,19.2,21.5,35,36,39,32.0,False,original
2020-12-31,11.4,V,11.4,V,34.0,V,34,V,34.5,C,34.5,C,19.0,C,19.0,C,25.2,C,25.2,C,11.4,V,11.3,E,False,False,13.77,3.4,18.8,21.1,35,36,39,34.0,False,original
2021-01-01,11.4,V,11.5,E,33.0,V,33,V,45.3,C,45.3,C,18.0,C,18.0,C,28.4,C,28.4,C,11.5,V,11.4,E,False,False,13.79,4.2,18.8,21.0,35,36,39,33.0,False,original
2021-01-02,11.6,V,11.6,V,30.0,V,30,V,33.8,C,33.8,C,27.3,C,27.3,C,31.5,C,31.5,C,11.6,V,11.5,E,False,False,13.77,4.5,18.9,20.8,34,36,39,30.0,False,original
2021-01-03,11.7,V,11.7,V,32.0,V,32,V,36.9,C,36.9,C,28.0,C,28.0,C,28.6,C,28.6,C,11.6,V,11.6,V,False,False,13.77,5.5,20.9,21.8,34,36,39,32.0,False,original
2021-01-04,13.1,V,13.1,V,37.0,V,37,V,34.2,C,34.2,C,26.2,C,26.2,C,26.2,C,26.2,C,13.3,V,13.2,E,False,False,13.79,6.8,26.8,28.2,34,35,38,37.0,False,original
2021-01-05,13.1,V,13.1,V,,S,36,E,38.1,C,38.1,C,16.9,C,16.9,C,21.6,C,21.6,C,13.2,V,13.2,V,False,True,13.78,7.0,28.1,29.2,34,35,37,33.5,True,7-day window
2021-01-06,13.2,V,13.1,E,36.0,V,34,E,41.0,C,41.0,C,18.0,C,18.0,C,21.6,C,21.6,C,13.3,V,13.2,E,False,False,13.81,6.1,24.8,26.9,34,35,38,36.0,False,original
2021-01-07,13.1,V,13.1,V,29.0,V,33,E,45.7,C,45.7,C,15.4,C,15.4,C,24.1,C,24.1,C,13.1,V,13.1,V,False,False,13.82,5.9,23.7,25.6,34,36,38,35.0,True,7-day window
2021-01-08,13.3,V,13.3,V,35.0,V,35,V,34.0,C,34.0,C,20.3,C,20.3,C,20.1,C,20.1,C,13.3,V,13.3,V,False,False,13.81,6.5,23.0,24.9,34,36,38,35.0,False,original
2021-01-09,13.3,V,13.3,V,35.0,V,35,V,42.4,C,42.4,C,17.6,C,17.6,C,25.3,C,25.3,C,13.1,V,13.3,E,False,False,13.8,5.7,24.2,24.9,34,36,38,35.0,False,original
2021-01-10,13.3,V,13.3,V,35.0,V,35,V,41.4,C,41.4,C,19.8,C,19.8,C,27.1,C,27.1,C,13.2,V,13.3,E,False,False,13.79,5.7,24.1,24.4,34,36,38,34.0,True,7-day window
2021-01-11,13.4,V,13.4,V,34.0,V,34,V,52.3,C,52.3,C,23.2,C,23.2,C,29.3,C,29.3,C,13.1,V,13.2,E,False,False,13.77,7.3,24.8,25.0,34,36,38,34.0,False,original
2021-01-12,13.4,V,13.4,V,33.0,V,33,V,46.2,C,46.2,C,28.9,C,28.9,C,35.1,C,35.1,C,13.1,V,13.1,V,False,False,13.76,7.2,24.2,24.6,34,36,38,33.0,False,original
2021-01-13,13.5,V,13.5,V,29.0,V,32,E,43.0,C,43.0,C,28.9,C,28.9,C,28.6,C,28.6,C,13.1,V,13.0,E,False,False,13.75,8.6,27.2,27.0,34,35,37,29.0,False,original
2021-01-14,13.5,V,13.5,V,31.0,V,31,V,54.7,C,54.7,C,24.6,C,24.6,C,30.2,C,30.2,C,12.9,V,12.9,V,False,False,13.73,8.5,28.2,27.6,34,35,37,30.0,True,7-day window
2021-01-15,13.5,V,13.5,V,30.0,V,30,V,57.7,C,57.7,C,29.7,C,29.7,C,35.1,C,35.1,C,12.7,V,12.7,V,False,False,13.72,8.3,28.3,28.0,34,35,37,30.0,False,original
2021-01-16,13.5,V,13.5,V,30.0,V,30,V,52.7,C,52.7,C,29.3,C,29.3,C,36.7,C,36.7,C,12.6,V,12.6,V,False,False,13.7,9.2,28.7,28.0,34,35,37,29.0,True,7-day window
2021-01-17,13.6,V,13.5,E,29.0,V,29,V,54.1,C,54.1,C,34.7,C,34.7,C,36.7,C,36.7,C,12.4,V,12.5,E,False,False,13.68,9.8,28.6,28.2,34,35,37,29.0,False,original
2021-01-18,13.5,V,13.5,V,29.0,V,29,V,45.3,C,45.3,C,22.5,C,22.5,C,22.3,C,22.3,C,12.5,V,12.4,E,False,False,13.71,8.7,27.3,27.5,34,35,37,29.0,False,original
2021-01-19,13.4,V,13.5,E,29.0,V,29,V,33.1,C,33.1,C,18.7,C,18.7,C,25.7,C,25.7,C,12.4,V,12.4,V,False,False,13.77,7.9,25.2,26.7,34,35,37,29.0,False,original
2021-01-20,13.4,V,13.5,E,28.0,V,28,V,48.6,C,48.6,C,19.8,C,19.8,C,23.2,C,23.2,C,12.4,V,12.4,V,False,False,13.75,9.1,25.3,26.2,33,35,37,28.0,False,original
2021-01-21,13.5,V,13.5,V,28.0,V,28,V,43.7,C,43.7,C,21.0,C,21.0,C,30.6,C,30.6,C,12.2,V,12.4,E,False,False,13.75,9.5,25.1,26.0,33,35,37,28.0,False,original
2021-01-22,13.7,V,13.7,V,,S,31,E,31.8,C,31.8,C,22.1,C,22.1,C,22.1,C,22.1,C,12.4,V,12.4,V,False,True,13.78,7.3,24.0,25.5,33,35,37,28.5,True,7-day window
2021-01-23,13.7,V,13.7,V,32.0,V,32,V,30.4,C,30.4,C,19.6,C,19.6,C,21.0,C,21.0,C,12.4,V,12.4,V,False,False,13.81,6.3,23.0,24.8,33,35,37,32.0,False,original
2021-01-24,14.0,V,14.1,E,,S,36,E,29.5,C,29.5,C,10.4,C,10.4,C,20.8,C,20.8,C,12.7,V,12.7,V,False,True,13.84,5.6,22.5,24.5,33,35,37,32.0,True,7-day window
2021-01-25,14.1,V,14.1,V,,S,35,E,23.7,C,23.7,C,8.2,C,8.2,C,8.4,C,8.4,C,12.7,V,12.7,V,False,True,13.84,5.3,21.7,23.8,33,35,37,38.0,True,7-day window
2021-01-26,14.5,V,14.5,V,38.0,V,38,V,24.4,C,24.4,C,0.0,C,0.0,C,24.3,C,24.3,C,13.1,V,13.1,V,False,False,13.87,5.5,21.2,23.5,33,35,37,38.0,False,original
2021-01-27,17.8,V,17.8,V,,S,66,E,27.1,C,27.1,C,22.6,C,22.6,C,26.8,C,26.8,C,16.7,V,16.7,V,False,True,13.85,5.5,20.6,23.1,33,35,37,80.5,True,7-day window
2021-01-28,20.4,V,20.5,E,88.0,V,88,V,27.1,C,27.1,C,23.5,C,23.5,C,23.5,C,23.5,C,19.8,V,19.7,E,False,False,13.71,4.4,20.6,22.9,33,35,37,88.0,False,original
2021-01-29,20.7,V,20.8,E,83.0,V,83,V,28.4,C,28.4,C,19.9,C,19.9,C,20.3,C,20.3,C,20.2,V,20.0,E,False,False,13.82,5.3,20.0,22.6,33,35,37,83.0,False,original
2021-01-30,20.8,V,20.8,V,78.0,V,78,V,36.3,C,36.3,C,15.6,C,15.6,C,22.5,C,22.5,C,20.1,V,20.0,E,False,False,13.81,8.3,22.8,23.1,33,35,37,78.0,False,original
2021-01-31,20.8,V,20.8,V,75.0,V,75,V,40.6,C,40.6,C,22.5,C,22.5,C,32.7,C,32.7,C,20.0,V,20.0,V,False,False,13.79,7.7,21.7,22.9,33,35,37,75.0,False,original
2021-02-01,20.9,V,20.8,E,72.0,V,72,V,40.3,C,40.3,C,30.7,C,30.7,C,32.2,C,32.2,C,20.0,V,20.0,V,False,False,13.77,9.9,27.9,24.6,33,34,37,72.0,False,original
2021-02-02,21.2,V,22.1,E,79.0,V,79,V,34.2,C,34.2,C,25.9,C,25.9,C,26.6,C,26.6,C,21.3,V,21.3,V,False,False,13.78,8.5,25.0,24.0,33,35,37,79.0,False,original
2021-02-03,21.3,V,22.2,E,77.0,V,77,V,26.8,C,26.8,C,19.4,C,19.4,C,20.7,C,20.7,C,21.4,V,21.4,V,False,False,13.81,7.5,23.3,23.3,33,35,37,77.0,False,original
2021-02-04,21.4,V,22.2,E,75.0,V,75,V,38.1,C,38.1,C,15.3,C,15.3,C,27.1,C,27.1,C,21.2,V,21.4,E,False,False,13.8,10.2,23.5,23.3,33,35,37,75.0,False,original
2021-02-05,22.2,V,22.2,V,72.0,V,72,V,50.9,C,50.9,C,20.1,C,20.1,C,25.0,C,25.0,C,21.4,V,21.4,V,False,False,13.77,11.9,28.5,24.7,33,34,36,72.0,False,original
2021-02-06,22.3,V,22.3,V,70.0,V,70,V,56.8,C,56.8,C,19.8,C,19.8,C,25.2,C,25.2,C,21.5,V,21.4,E,False,False,13.75,12.5,30.7,26.0,33,34,36,70.0,False,original
2021-02-07,22.2,V,22.3,E,68.0,V,68,V,53.4,C,53.4,C,20.5,C,20.5,C,24.4,C,24.4,C,21.5,V,21.4,E,False,False,13.74,12.5,30.5,26.6,33,34,36,68.0,False,original
2021-02-08,22.3,V,22.3,V,67.0,V,67,V,45.7,C,45.7,C,20.8,C,20.8,C,34.5,C,34.5,C,21.3,V,21.4,E,False,False,13.77,10.4,27.0,25.8,33,34,36,67.0,False,original
2021-02-09,22.5,V,22.5,V,66.0,V,66,V,34.7,C,34.7,C,29.7,C,29.7,C,32.4,C,32.4,C,21.5,V,21.6,E,False,False,13.78,13.2,26.9,25.7,33,34,36,66.0,False,original
2021-02-10,22.5,V,22.5,V,64.0,V,64,V,46.2,C,46.2,C,28.2,C,28.2,C,28.2,C,28.2,C,21.6,V,21.7,E,False,False,13.73,13.6,31.1,27.2,33,34,36,64.0,False,original
2021-02-11,23.6,V,23.8,E,,S,70,E,39.4,C,39.4,C,27.5,C,27.5,C,29.3,C,29.3,C,23.0,V,23.0,V,False,True,13.77,11.3,27.7,26.3,33,34,36,67.0,True,7-day window
2021-02-12,24.2,V,24.2,V,,S,72,E,39.0,C,39.0,C,20.7,C,20.7,C,28.9,C,28.9,C,23.4,V,23.4,V,False,True,13.76,14.5,31.6,27.7,33,34,36,76.0,True,7-day window
2021-02-13,25.2,V,25.3,E,79.0,V,79,V,32.0,C,32.0,C,19.0,C,19.0,C,19.0,C,19.0,C,24.7,V,24.7,V,False,False,13.78,11.4,28.2,27.0,33,34,36,79.0,False,original
2021-02-14,25.3,V,25.3,V,77.0,V,77,V,29.5,C,29.5,C,18.0,C,18.0,C,29.1,C,29.1,C,24.7,V,24.7,V,False,False,13.79,10.3,26.5,26.4,33,34,36,77.0,False,original
2021-02-15,25.9,V,26.1,E,76.0,V,76,V,34.2,C,34.2,C,27.3,C,27.3,C,27.3,C,27.3,C,25.5,V,25.5,V,False,False,13.79,14.6,31.6,30.2,33,34,35,76.0,False,original
2021-02-16,26.0,V,26.2,E,75.0,V,75,V,35.4,C,35.4,C,17.1,C,17.1,C,17.2,C,17.2,C,25.6,V,25.6,V,False,False,13.78,11.8,28.3,28.0,33,34,36,75.0,False,original
2021-02-17,26.0,V,26.2,E,74.0,V,74,V,30.6,C,30.6,C,12.7,C,12.7,C,20.3,C,20.3,C,25.5,V,25.6,E,False,False,13.81,10.4,26.9,27.3,33,34,36,74.0,False,original
2021-02-18,26.0,V,26.2,E,71.0,V,71,V,38.1,C,38.1,C,14.2,C,14.2,C,25.9,C,25.9,C,25.6,V,25.6,V,False,False,13.83,10.2,26.0,26.6,33,34,36,71.0,False,original
2021-02-19,26.3,V,26.6,E,,S,72,E,34.9,C,34.9,C,25.5,C,25.5,C,25.7,C,25.7,C,26.0,V,26.0,V,False,True,13.8,14.8,31.0,29.4,33,34,35,73.0,True,7-day window
2021-02-20,26.6,V,27.2,E,76.0,V,76,V,32.5,C,32.5,C,19.8,C,19.8,C,21.0,C,21.0,C,26.7,V,26.6,E,False,False,13.79,11.3,27.6,28.0,33,34,36,76.0,False,original
2021-02-21,27.2,V,27.2,V,72.0,V,72,V,41.7,C,41.7,C,16.5,C,16.5,C,29.1,C,29.1,C,26.6,V,26.6,V,False,False,13.79,11.1,27.7,26.9,33,34,36,72.0,False,original
2021-02-22,27.3,V,27.2,E,71.0,V,71,V,55.0,C,55.0,C,28.2,C,28.2,C,36.3,C,36.3,C,26.6,V,26.6,V,False,False,13.75,16.2,31.3,28.6,33,34,36,71.0,False,original
2021-02-23,27.2,V,27.2,V,69.0,V,69,V,49.5,C,49.5,C,21.2,C,21.2,C,21.2,C,21.2,C,26.6,V,26.6,V,False,False,13.74,16.8,31.8,28.8,33,34,35,69.0,False,original
2021-02-24,27.2,V,27.2,V,67.0,V,67,V,39.2,C,39.2,C,17.8,C,17.8,C,19.0,C,19.0,C,26.4,V,26.4,V,False,False,13.76,14.7,29.7,28.3,33,34,35,67.0,False,original
2021-02-25,27.2,V,27.2,V,67.0,V,67,V,49.5,C,49.5,C,13.8,C,13.8,C,22.6,C,22.6,C,26.4,V,26.4,V,False,False,13.46,16.6,31.2,28.4,33,34,36,67.0,False,original
2021-02-26,27.2,V,27.2,V,66.0,V,66,V,40.6,C,40.6,C,16.9,C,16.9,C,19.9,C,19.9,C,26.4,V,26.4,V,False,False,13.77,15.1,29.4,28.2,33,34,35,66.0,False,original
2021-02-27,27.2,V,27.2,V,66.0,V,66,V,34.2,C,34.2,C,12.2,C,12.2,C,21.9,C,21.9,C,26.2,V,26.2,V,False,False,13.79,13.0,28.3,28.0,33,34,35,66.0,False,original
2021-02-28,27.3,V,27.2,E,66.0,V,66,V,44.8,C,44.8,C,20.1,C,20.1,C,23.7,C,23.7,C,26.2,V,26.2,V,False,False,13.76,17.1,30.7,28.4,33,34,36,66.0,False,original
2021-03-01,27.3,V,27.2,E,65.0,V,65,V,44.6,C,44.6,C,21.0,C,21.0,C,23.5,C,23.5,C,26.2,V,26.2,V,False,False,13.74,17.6,32.1,29.0,33,34,35,65.0,False,original
2021-03-02,27.3,V,27.2,E,64.0,V,64,V,48.7,C,48.7,C,19.9,C,19.9,C,27.5,C,27.5,C,25.9,V,25.9,V,False,False,13.76,17.3,31.7,28.6,33,34,35,64.0,False,original
2021-03-03,27.2,V,27.2,V,62.0,V,62,V,46.9,C,46.9,C,24.3,C,24.3,C,25.2,C,25.2,C,25.9,V,25.7,E,False,False,13.75,16.7,30.5,28.6,33,34,35,64.0,True,7-day window
2021-03-04,27.2,V,27.2,V,62.0,V,62,V,45.5,C,45.5,C,19.8,C,19.8,C,24.4,C,24.4,C,25.6,V,25.5,E,False,False,13.73,18.3,32.0,28.8,33,34,35,62.0,False,original
2021-03-05,27.3,V,27.3,V,61.0,V,61,V,47.5,C,47.5,C,23.9,C,23.9,C,32.4,C,32.4,C,25.1,V,25.1,V,False,False,13.72,19.1,32.2,29.3,33,34,35,61.0,False,original
2021-03-06,27.8,V,27.8,V,64.0,V,64,V,36.7,C,36.7,C,23.2,C,23.2,C,31.8,C,31.8,C,25.6,V,25.6,V,False,False,13.73,14.9,29.3,28.5,33,34,35,64.0,False,original
2021-03-07,27.8,V,27.8,V,62.0,V,64,E,46.8,C,46.8,C,24.1,C,24.1,C,28.2,C,28.2,C,25.6,V,25.6,V,False,False,13.71,19.2,31.8,29.0,33,34,35,62.0,False,original
2021-03-08,27.9,V,27.9,V,,S,66,E,29.8,C,29.8,C,21.4,C,21.4,C,21.9,C,21.9,C,25.7,V,25.7,V,False,True,13.76,13.6,28.3,28.4,33,34,35,63.0,True,7-day window
2021-03-09,28.4,V,28.4,V,,S,69,E,29.8,C,29.8,C,20.3,C,20.3,C,21.6,C,21.6,C,26.3,V,26.3,V,False,True,13.8,11.5,26.8,27.7,33,34,35,67.5,True,7-day window
2021-03-10,29.1,V,29.1,V,,S,75,E,26.6,C,26.6,C,12.9,C,12.9,C,12.7,C,12.7,C,27.0,V,27.0,V,False,True,13.81,10.5,25.5,27.1,33,34,35,69.5,True,7-day window
2021-03-11,29.2,V,29.2,V,73.0,V,73,V,32.2,C,32.2,C,5.2,C,5.2,C,25.0,C,25.0,C,27.1,V,27.1,V,False,False,13.83,10.4,24.6,26.3,33,34,35,73.0,False,original
2021-03-12,29.2,V,29.2,V,71.0,V,71,V,38.8,C,38.8,C,17.8,C,17.8,C,18.0,C,18.0,C,27.1,V,27.1,V,False,False,13.77,9.9,23.8,25.9,33,34,35,71.0,False,original
2021-03-13,29.3,V,29.3,V,68.0,V,68,V,48.2,C,48.2,C,12.4,C,12.4,C,23.5,C,23.5,C,26.9,V,27.1,E,False,False,13.76,16.6,26.9,26.0,33,34,36,68.0,False,original
2021-03-14,29.6,V,29.6,V,,S,71,E,42.3,C,42.3,C,19.0,C,19.0,C,27.1,C,27.1,C,27.1,V,27.2,E,False,True,13.77,15.8,26.3,26.2,33,34,36,70.0,True,7-day window
2021-03-15,30.1,V,30.1,V,73.0,V,73,V,27.1,C,27.1,C,16.0,C,16.0,C,24.8,C,24.8,C,27.7,V,27.7,V,False,False,13.8,12.7,25.5,26.0,33,34,36,73.0,False,original
2021-03-16,30.1,V,30.1,V,69.0,V,69,V,38.1,C,38.1,C,15.8,C,15.8,C,17.8,C,17.8,C,27.7,V,27.7,V,False,False,13.79,14.5,25.3,26.0,33,34,36,69.0,False,original
2021-03-17,30.1,V,30.1,V,68.0,V,68,V,44.1,C,44.1,C,14.7,C,14.7,C,31.5,C,31.5,C,27.6,V,27.7,E,False,False,13.79,12.0,25.0,25.9,33,34,36,68.0,False,original
2021-03-18,30.8,V,30.8,V,,S,70,E,37.9,C,37.9,C,30.4,C,30.4,C,31.8,C,31.8,C,28.4,V,28.4,V,False,True,13.78,11.5,24.8,25.6,33,34,36,71.0,True,7-day window
2021-03-19,31.7,V,31.7,V,,S,76,E,33.1,C,33.1,C,25.3,C,25.3,C,25.3,C,25.3,C,29.3,V,29.3,V,False,True,12.96,11.3,24.1,25.5,33,34,36,69.0,True,7-day window
2021-03-20,31.8,V,31.8,V,,S,70,E,32.0,C,32.0,C,21.0,C,21.0,C,21.4,C,21.4,C,29.4,V,29.4,V,False,True,13.35,11.0,23.9,25.1,33,34,36,73.0,True,7-day window
2021-03-21,32.0,V,32.0,V,73.0,V,73,V,41.0,C,41.0,C,17.6,C,17.6,C,23.4,C,23.4,C,29.5,V,29.5,V,False,False,13.77,17.2,25.1,25.7,33,34,36,73.0,False,original
2021-03-22,32.2,V,32.2,V,,S,73,E,36.1,C,36.1,C,22.3,C,22.3,C,26.6,C,26.6,C,29.6,V,29.6,V,False,True,13.79,12.9,24.8,25.6,33,34,36,72.0,True,7-day window
2021-03-23,32.1,V,32.2,E,73.0,V,73,V,30.7,C,30.7,C,18.7,C,18.7,C,25.0,C,25.0,C,29.4,V,29.6,E,False,False,13.79,12.0,24.2,25.6,33,34,36,73.0,False,original
2021-03-24,32.2,V,32.2,V,71.0,V,71,V,45.5,C,45.5,C,22.5,C,22.5,C,29.5,C,29.5,C,29.4,V,29.4,V,False,False,13.78,15.5,24.7,25.4,33,34,36,71.0,False,original
2021-03-25,32.2,V,32.2,V,70.0,V,70,V,37.0,C,37.0,C,25.0,C,25.0,C,25.5,C,25.5,C,29.3,V,29.3,V,False,False,13.74,14.4,24.9,25.6,33,34,36,70.0,False,original
2021-03-26,32.2,V,32.2,V,68.0,V,68,V,45.9,C,45.9,C,23.2,C,23.2,C,33.1,C,33.1,C,29.2,V,29.2,V,False,False,13.74,18.5,26.5,26.4,33,34,36,68.0,False,original
2021-03-27,32.3,V,32.3,V,66.0,V,66,V,56.8,C,56.8,C,28.6,C,28.6,C,28.9,C,28.9,C,28.9,V,28.9,V,False,False,13.7,20.3,31.6,29.3,33,34,35,66.0,False,original
2021-03-28,32.3,V,32.3,V,63.0,V,63,V,54.5,C,54.5,C,26.2,C,26.2,C,36.1,C,36.1,C,28.2,V,28.2,V,False,False,13.69,19.1,31.8,30.5,33,34,35,63.0,False,original
2021-03-29,32.3,V,32.3,V,62.0,V,62,V,50.9,C,50.9,C,29.1,C,29.1,C,30.6,C,30.6,C,27.4,V,27.4,V,False,False,13.68,19.2,32.0,30.7,33,34,35,62.0,False,original
2021-03-30,32.3,V,32.3,V,59.0,V,61,E,46.4,C,46.4,C,24.3,C,24.3,C,27.9,C,27.9,C,26.7,V,26.7,V,False,False,13.71,18.3,31.1,30.2,33,34,35,59.0,False,original
2021-03-31,32.3,V,32.3,V,59.0,V,59,V,58.8,C,58.8,C,25.5,C,25.5,C,30.4,C,30.4,C,26.0,V,26.0,V,False,False,13.68,16.8,29.9,29.7,36,36,35,59.0,False,original
2021-04-01,32.4,V,32.4,V,56.0,V,56,V,55.4,C,55.4,C,27.5,C,27.5,C,30.2,C,30.2,C,25.1,V,25.1,V,False,False,13.67,14.1,28.1,29.1,42,38,35,56.0,False,original
2021-04-02,32.4,V,32.4,V,53.0,V,53,V,57.0,C,57.0,C,26.8,C,26.8,C,34.2,C,34.2,C,24.1,V,24.1,V,False,False,13.67,12.6,26.6,28.5,44,40,36,53.0,False,original
2021-04-03,32.4,V,32.4,V,49.0,V,51,E,57.7,C,57.7,C,29.5,C,29.5,C,36.5,C,36.5,C,23.0,V,23.0,V,False,False,13.66,11.8,25.3,27.9,44,42,36,49.0,False,original
2021-04-04,32.4,V,32.4,V,49.0,V,49,V,55.4,C,55.4,C,30.2,C,30.2,C,36.1,C,36.1,C,22.2,V,22.2,V,False,False,13.66,10.5,24.9,27.8,45,42,37,49.0,False,original
2021-04-05,32.4,V,32.4,V,47.0,V,47,V,47.7,C,47.7,C,29.1,C,29.1,C,29.3,C,29.3,C,21.4,V,21.4,V,False,False,13.66,10.2,24.8,28.1,44,42,38,47.0,False,original
2021-04-06,32.4,V,32.4,V,44.0,V,44,V,54.1,C,54.1,C,26.4,C,26.4,C,30.2,C,30.2,C,20.6,V,20.6,V,False,False,13.66,10.0,25.2,28.7,46,43,38,44.0,False,original
2021-04-07,32.4,V,32.4,V,42.0,V,42,V,48.7,C,48.7,C,27.0,C,27.0,C,27.9,C,27.9,C,19.8,V,19.8,V,False,False,13.68,10.5,26.0,29.6,44,43,39,42.0,False,original
2021-04-08,32.4,V,32.4,V,40.0,V,40,V,50.9,C,50.9,C,23.9,C,23.9,C,29.3,C,29.3,C,18.9,V,18.9,V,False,False,13.67,9.8,26.8,30.3,45,43,39,40.0,False,original
2021-04-09,32.4,V,32.4,V,36.0,V,36,V,52.9,C,52.9,C,27.0,C,27.0,C,29.5,C,29.5,C,17.9,V,17.9,V,False,False,13.66,10.6,27.4,31.4,45,43,39,36.0,False,original
2021-04-10,32.4,V,32.4,V,34.0,V,34,V,56.1,C,56.1,C,26.4,C,26.4,C,30.0,C,30.0,C,16.9,V,16.9,V,False,False,13.64,10.6,28.1,32.3,46,44,40,34.0,False,original
2021-04-11,32.5,V,32.4,E,31.0,V,31,V,58.1,C,58.1,C,27.5,C,27.5,C,36.5,C,36.5,C,16.0,V,16.0,V,False,False,13.64,11.2,29.1,33.2,47,44,40,31.0,False,original
2021-04-12,32.5,V,32.4,E,28.0,V,28,V,56.1,C,56.1,C,30.2,C,30.2,C,30.6,C,30.6,C,15.1,V,15.1,V,False,False,13.64,12.0,29.7,34.0,46,44,40,28.0,False,original
2021-04-13,32.6,V,32.5,E,,S,28,E,46.0,C,46.0,C,27.5,C,27.5,C,27.9,C,27.9,C,14.7,V,14.7,V,False,True,13.68,12.1,29.7,34.5,42,43,41,28.0,True,7-day window
2021-04-14,32.5,V,32.5,V,28.0,V,28,V,40.6,C,40.6,C,22.1,C,22.1,C,26.6,C,26.6,C,14.6,V,14.6,V,False,False,13.73,12.1,29.8,34.6,42,42,41,28.0,False,original
2021-04-15,32.6,V,32.6,V,25.0,V,27,E,46.4,C,46.4,C,22.1,C,22.1,C,28.2,C,28.2,C,14.0,V,14.0,V,False,False,13.71,12.3,30.1,34.9,42,42,40,25.0,False,original
2021-04-16,32.7,V,32.7,V,24.0,V,26,E,50.5,C,50.5,C,27.1,C,27.1,C,29.8,C,29.8,C,13.2,V,13.2,V,False,False,13.68,11.8,30.1,35.2,42,42,40,21.5,True,7-day window
2021-04-17,32.7,V,32.7,V,19.0,V,24,E,50.2,C,50.2,C,29.8,C,29.8,C,32.9,C,32.9,C,12.3,V,12.3,V,False,False,13.68,11.7,30.5,35.5,43,42,40,19.0,False,original
2021-04-18,32.8,V,32.8,V,19.0,V,23,E,61.3,C,61.3,C,32.0,C,32.0,C,34.3,C,34.3,C,11.2,V,11.2,V,False,False,13.62,12.9,30.7,35.9,46,43,40,19.0,False,original
2021-04-19,32.8,V,32.8,V,17.0,V,21,E,60.6,C,60.6,C,30.6,C,30.6,C,33.8,C,33.8,C,10.1,V,10.1,V,False,False,13.62,12.3,30.8,36.3,46,44,41,17.0,False,original
2021-04-20,32.8,V,32.8,V,14.0,V,18,E,54.1,C,54.1,C,30.0,C,30.0,C,37.2,C,37.2,C,8.9,V,8.9,V,False,False,13.62,12.4,30.9,36.6,47,44,41,14.0,False,original
2021-04-21,32.8,V,32.8,V,10.0,V,15,E,53.2,C,53.2,C,31.5,C,31.5,C,32.5,C,32.5,C,7.5,V,7.5,V,False,False,13.63,13.5,31.3,36.8,46,45,41,10.0,False,original
2021-04-22,32.7,V,32.8,E,8.0,V,13,E,53.1,C,53.1,C,28.0,C,28.0,C,31.6,C,31.6,C,6.6,V,6.6,V,False,False,13.64,13.1,31.3,37.0,45,44,42,8.0,False,original
2021-04-23,32.8,V,32.8,V,4.0,V,10,E,53.4,C,53.4,C,29.1,C,29.1,C,38.7,C,38.7,C,5.2,V,5.2,V,False,False,13.64,13.1,31.3,37.1,46,44,42,4.0,False,original
2021-04-24,32.7,V,32.8,E,,S,9,E,38.8,C,38.8,C,30.4,C,30.4,C,30.6,C,30.6,C,4.9,V,4.9,V,False,True,13.68,12.8,31.2,37.2,42,43,42,7.0,True,7-day window
2021-04-25,33.1,V,33.1,V,,S,12,E,31.6,C,31.6,C,23.5,C,23.5,C,23.5,C,23.5,C,5.3,V,5.3,V,False,True,13.75,12.6,31.1,37.1,39,42,42,4.0,True,7-day window
2021-04-26,33.1,V,33.1,V,7.0,V,11,E,35.2,C,35.2,C,15.8,C,15.8,C,27.5,C,27.5,C,5.3,V,5.3,V,False,False,13.78,13.9,31.2,37.2,37,40,41,7.0,False,original
2021-04-27,33.2,V,33.1,E,4.0,V,9,E,45.7,C,45.7,C,25.2,C,25.2,C,34.9,C,34.9,C,4.6,V,4.4,E,False,False,13.73,14.8,31.5,37.2,38,40,41,4.0,False,original
2021-04-28,33.2,V,33.1,E,1.0,V,6,E,62.8,C,62.8,C,30.2,C,30.2,C,36.7,C,36.7,C,3.0,V,2.8,E,False,False,13.65,14.8,31.4,37.2,44,41,41,1.0,False,original
2021-04-29,33.3,V,33.1,E,,V,2,E,70.9,C,70.9,C,36.5,C,36.5,C,38.8,C,38.8,C,0.9,V,0.7,E,False,True,13.59,14.7,31.4,37.3,47,44,41,4.0,True,7-day window
2021-04-30,33.2,V,33.1,E,,V,0,E,66.6,C,66.6,C,37.0,C,37.0,C,42.8,C,42.8,C,0.3,V,0.0,E,False,True,13.59,14.4,31.4,37.3,47,45,41,12.0,True,31-day fallback window
2021-05-01,33.2,V,33.1,E,,V,0,E,57.9,C,57.9,C,34.2,C,34.2,C,34.2,C,34.2,C,0.2,V,0.0,E,False,True,13.6,14.0,31.5,37.4,47,45,42,10.0,True,31-day fallback window
2021-05-02,33.1,V,33.1,V,,V,0,E,54.1,C,54.1,C,32.5,C,32.5,C,37.4,C,37.4,C,0.2,V,0.0,E,False,True,13.62,13.6,31.6,37.4,47,46,42,9.0,True,31-day fallback window
2021-05-03,33.1,V,33.1,V,,V,0,E,59.7,C,59.7,C,34.2,C,34.2,C,34.7,C,34.7,C,0.2,V,0.0,E,False,True,13.62,13.9,31.6,37.3,47,46,42,8.0,True,31-day fallback window
2021-05-04,33.1,V,33.1,V,,V,0,E,63.7,C,63.7,C,32.4,C,32.4,C,37.4,C,37.4,C,0.2,V,0.0,E,False,True,13.59,13.8,31.6,37.4,49,46,42,7.5,True,31-day fallback window
2021-05-05,33.1,V,33.1,V,,V,0,E,69.1,C,69.1,C,36.7,C,36.7,C,40.1,C,40.1,C,0.2,V,0.0,E,False,True,13.56,14.0,31.5,37.4,50,47,43,7.0,True,31-day fallback window
2021-05-06,33.0,V,33.1,E,,V,0,E,62.6,C,62.6,C,38.5,C,38.5,C,38.5,C,38.5,C,0.2,V,0.0,E,False,True,13.57,14.5,31.7,37.4,50,47,43,5.5,True,31-day fallback window
2021-05-07,33.1,V,33.1,V,,V,0,E,57.0,C,57.0,C,34.9,C,34.9,C,38.1,C,38.1,C,0.1,V,0.0,E,False,True,13.61,14.3,31.5,37.4,49,47,43,4.0,True,31-day fallback window
2021-05-08,33.1,V,33.1,V,,V,0,E,58.8,C,58.8,C,34.3,C,34.3,C,41.2,C,41.2,C,0.2,V,0.0,E,False,True,13.61,14.5,31.6,37.4,49,47,44,4.0,True,31-day fallback window
2021-05-09,33.0,V,33.1,E,,V,0,E,62.6,C,62.6,C,34.7,C,34.7,C,43.0,C,43.0,C,0.1,V,0.0,E,False,True,13.6,14.0,31.6,37.4,48,47,44,4.0,True,31-day fallback window
2021-05-10,33.1,V,33.1,V,,V,0,E,60.8,C,60.8,C,37.0,C,37.0,C,38.8,C,38.8,C,0.1,V,0.0,E,False,True,13.59,13.8,31.6,37.4,49,47,44,4.0,True,31-day fallback window
2021-05-11,33.0,V,33.1,E,,V,0,E,66.0,C,66.0,C,36.0,C,36.0,C,39.0,C,39.0,C,0.2,V,0.0,E,False,True,13.58,14.3,31.5,37.4,50,47,44,4.0,True,31-day fallback window
2021-05-12,33.1,V,33.1,V,,V,0,E,68.0,C,68.0,C,36.0,C,36.0,C,40.6,C,40.6,C,0.2,V,0.0,E,False,True,13.56,13.7,31.5,37.4,51,48,44,,True,7-day window
2021-05-13,33.0,V,33.1,E,,V,0,E,70.5,C,70.5,C,36.9,C,36.9,C,41.0,C,41.0,C,0.1,V,0.0,E,False,True,13.53,13.7,31.5,37.4,51,49,44,,True,7-day window
2021-05-14,33.0,V,33.1,E,,V,0,E,68.2,C,68.2,C,38.1,C,38.1,C,40.5,C,40.5,C,0.1,V,0.0,E,False,True,13.55,13.7,31.5,37.4,51,49,44,,True,7-day window
2021-05-15,33.1,V,33.1,V,,V,0,E,58.1,C,58.1,C,34.3,C,34.3,C,41.4,C,41.4,C,0.3,V,0.0,E,False,True,13.6,14.1,31.4,37.5,47,47,45,,True,7-day window
2021-05-16,33.2,V,33.2,V,,S,0,E,61.0,C,61.0,C,37.2,C,37.2,C,43.7,C,43.7,C,0.2,V,0.0,E,False,True,13.6,13.8,31.5,37.4,49,47,45,,True,7-day window
2021-05-17,33.2,V,33.2,V,,V,0,E,65.3,C,65.3,C,36.1,C,36.1,C,39.2,C,39.2,C,0.1,V,0.0,E,False,True,13.56,14.3,31.5,37.4,51,48,44,,True,7-day window
2021-05-18,33.2,V,33.2,V,,V,0,E,59.9,C,59.9,C,36.5,C,36.5,C,40.3,C,40.3,C,0.1,V,0.0,E,False,True,13.58,13.8,31.6,37.5,50,48,45,,True,7-day window
2021-05-19,33.1,V,33.2,E,,V,0,E,55.8,C,55.8,C,32.9,C,32.9,C,33.8,C,33.8,C,0.1,V,0.0,E,False,True,13.62,14.1,31.5,37.4,48,48,45,,True,7-day window
2021-05-20,33.6,V,33.6,V,,V,2,E,36.7,C,36.7,C,24.3,C,24.3,C,25.5,C,25.5,C,0.4,V,0.4,V,False,True,13.67,14.2,31.5,37.5,43,46,45,,True,7-day window
2021-05-21,33.7,V,33.7,V,,V,0,E,37.4,C,37.4,C,25.3,C,25.3,C,31.1,C,31.1,C,0.3,V,0.0,E,False,True,13.75,16.6,31.8,37.5,41,44,44,,True,7-day window
2021-05-22,33.9,V,33.9,V,,V,0,E,42.8,C,42.8,C,28.9,C,28.9,C,35.1,C,35.1,C,0.3,V,0.0,E,False,True,13.73,15.5,31.8,37.6,43,44,44,,True,7-day window
2021-05-23,33.9,V,33.9,V,,V,0,E,50.2,C,50.2,C,32.5,C,32.5,C,32.5,C,32.5,C,0.2,V,0.0,E,False,True,13.68,14.8,31.9,37.5,44,44,44,,True,7-day window
2021-05-24,33.9,V,33.9,V,,V,0,E,59.4,C,59.4,C,30.6,C,30.6,C,41.0,C,41.0,C,0.2,V,0.0,E,False,True,13.64,15.0,31.6,37.5,45,44,44,,True,7-day window
2021-05-25,33.9,V,33.9,V,,V,0,E,55.8,C,55.8,C,33.1,C,33.1,C,33.6,C,33.6,C,0.2,V,0.0,E,False,True,13.62,14.7,31.4,37.4,46,45,44,,True,7-day window
2021-05-26,33.9,V,33.9,V,,V,0,E,64.8,C,64.8,C,31.1,C,31.1,C,36.1,C,36.1,C,0.0,V,0.0,V,False,True,13.6,13.9,30.6,36.8,48,46,44,,True,7-day window
2021-05-27,33.9,V,33.9,V,,V,0,E,64.9,C,64.9,C,31.6,C,31.6,C,40.5,C,40.5,C,0.0,V,0.0,V,False,True,13.59,13.4,29.9,36.3,49,47,44,,True,7-day window
2021-05-28,33.9,V,33.9,V,,V,0,E,69.4,C,69.4,C,37.4,C,37.4,C,46.2,C,46.2,C,,V,0.0,E,False,True,13.54,13.5,29.2,35.8,51,48,44,,True,7-day window
2021-05-29,33.9,V,33.9,V,,V,0,E,72.0,C,72.0,C,45.3,C,45.3,C,45.5,C,45.5,C,,V,0.0,E,False,True,13.53,12.6,28.6,35.3,51,48,44,,True,7-day window
2021-05-30,33.9,V,33.9,V,,V,0,E,75.6,C,75.6,C,42.4,C,42.4,C,48.0,C,48.0,C,,V,0.0,E,False,True,13.5,12.4,27.8,34.6,53,49,45,,True,7-day window
2021-05-31,33.9,V,33.9,V,,V,0,E,78.3,C,78.3,C,44.1,C,44.1,C,51.1,C,51.1,C,,V,0.0,E,False,True,13.48,11.7,27.1,33.9,54,50,45,,True,7-day window
2021-06-01,33.9,V,33.9,V,,V,0,E,80.8,C,80.8,C,47.8,C,47.8,C,53.1,C,53.1,C,,V,0.0,E,False,True,13.47,11.6,26.7,33.4,56,52,46,0.0,True,31-day fallback window
2021-06-02,33.9,V,33.9,V,,V,0,E,81.5,C,81.5,C,49.6,C,49.6,C,53.2,C,53.2,C,,V,0.0,E,False,True,13.45,10.5,26.1,32.9,57,53,46,0.0,True,31-day fallback window
2021-06-03,33.8,V,33.9,E,,V,0,E,81.0,C,81.0,C,49.5,C,49.5,C,51.4,C,51.4,C,,V,0.0,E,False,True,13.46,10.3,25.5,32.3,57,53,47,0.0,True,31-day fallback window
2021-06-04,33.9,V,33.9,V,,V,0,E,79.0,C,79.0,C,47.8,C,47.8,C,50.2,C,50.2,C,,V,0.0,E,False,True,13.46,10.1,25.3,31.7,57,54,47,0.0,True,31-day fallback window
2021-06-05,33.8,V,33.9,E,,V,0,E,73.4,C,73.4,C,44.4,C,44.4,C,47.8,C,47.8,C,,V,0.0,E,False,True,13.48,9.4,24.7,31.1,56,54,48,0.0,True,31-day fallback window
2021-06-06,33.9,V,33.9,V,,V,0,E,68.5,C,68.5,C,44.4,C,44.4,C,50.2,C,50.2,C,,V,0.0,E,False,True,13.5,9.4,24.3,30.5,55,53,48,0.0,True,31-day fallback window
2021-06-07,33.8,V,33.9,E,,V,0,E,63.7,C,63.7,C,41.4,C,41.4,C,42.3,C,42.3,C,,V,0.0,E,False,True,13.54,8.7,23.8,30.1,53,53,48,0.0,True,31-day fallback window
2021-06-08,33.8,V,33.9,E,,V,0,E,53.8,C,53.8,C,34.3,C,34.3,C,34.3,C,34.3,C,,V,0.0,E,False,True,13.58,8.5,23.6,29.7,51,51,48,0.0,True,31-day fallback window
2021-06-09,,S,33.9,E,,V,0,E,46.6,C,46.6,C,32.0,C,32.0,C,32.0,C,32.0,C,,V,0.0,E,False,True,13.64,8.4,23.6,29.4,47,50,48,0.0,True,31-day fallback window
2021-06-10,33.9,V,33.9,V,,V,0,E,57.2,C,57.2,C,27.1,C,27.1,C,34.9,C,34.9,C,,V,0.0,E,False,True,13.65,8.7,23.3,29.1,49,49,48,0.0,True,31-day fallback window
2021-06-11,33.8,V,33.9,E,,V,0,E,62.8,C,62.8,C,33.3,C,33.3,C,42.3,C,42.3,C,,V,0.0,E,False,True,13.6,8.5,23.0,28.6,50,49,47,0.0,True,31-day fallback window
2021-06-12,33.9,V,33.9,V,,V,0,E,71.4,C,71.4,C,40.1,C,40.1,C,47.5,C,47.5,C,,V,0.0,E,False,True,13.54,8.7,22.7,28.3,53,50,47,0.0,True,31-day fallback window
2021-06-13,33.8,V,33.9,E,,V,0,E,71.6,C,71.6,C,45.3,C,45.3,C,52.7,C,52.7,C,,V,0.0,E,False,True,13.5,7.9,22.2,28.0,54,52,47,0.0,True,7-day window
2021-06-14,33.9,V,33.9,V,0.0,V,0,V,62.4,C,62.4,C,46.8,C,46.8,C,47.8,C,47.8,C,,V,0.0,E,False,True,13.54,7.8,22.1,27.5,53,52,48,0.0,False,original
2021-06-15,33.9,V,33.9,V,0.0,V,0,V,70.5,C,70.5,C,46.4,C,46.4,C,46.9,C,46.9,C,,V,0.0,E,False,True,13.52,7.7,21.7,27.1,54,52,48,0.0,False,original
2021-06-16,33.8,V,33.9,E,1.0,V,0,E,81.1,C,81.1,C,43.5,C,43.5,C,53.6,C,53.6,C,,V,0.0,E,False,True,13.48,7.3,21.0,26.7,55,53,48,0.0,True,7-day window
2021-06-17,33.9,V,33.9,V,0.0,V,0,V,86.0,C,86.0,C,48.0,C,48.0,C,55.4,C,55.4,C,,V,0.0,E,False,True,13.45,7.2,20.2,26.4,58,54,48,0.0,False,original
2021-06-18,33.9,V,33.9,V,,V,0,E,83.8,C,83.8,C,51.8,C,51.8,C,56.7,C,56.7,C,,V,0.0,E,False,True,13.42,6.8,20.0,25.9,59,55,49,0.0,True,7-day window
2021-06-19,33.9,V,33.9,V,,V,0,E,83.3,C,83.3,C,52.3,C,52.3,C,56.7,C,56.7,C,,V,0.0,E,False,True,13.41,6.6,19.6,25.5,60,56,49,0.0,True,7-day window
2021-06-20,33.9,V,33.9,V,0.0,V,0,V,82.4,C,82.4,C,52.9,C,52.9,C,53.8,C,53.8,C,,V,0.0,E,False,True,13.4,6.5,19.2,25.2,60,56,49,0.0,False,original
2021-06-21,33.9,V,33.9,V,0.0,V,0,V,78.3,C,78.3,C,51.1,C,51.1,C,55.4,C,55.4,C,,V,0.0,E,False,True,13.44,6.1,18.6,25.0,60,56,50,0.0,False,original
2021-06-22,33.9,V,33.9,V,,V,0,E,75.2,C,75.2,C,49.5,C,49.5,C,49.5,C,49.5,C,,V,0.0,E,False,True,13.44,5.6,18.2,24.5,59,57,50,0.0,True,7-day window
2021-06-23,33.8,V,33.9,E,,V,0,E,73.4,C,73.4,C,44.8,C,44.8,C,48.7,C,48.7,C,,V,0.0,E,False,True,13.46,5.4,18.0,24.2,59,56,51,0.0,True,7-day window
2021-06-24,34.0,V,33.9,E,0.0,V,0,V,70.0,C,70.0,C,47.5,C,47.5,C,50.4,C,50.4,C,,V,0.0,E,False,True,13.5,5.2,18.0,24.1,56,55,51,0.0,False,original
2021-06-25,33.9,V,33.9,V,,V,0,E,76.6,C,76.6,C,47.5,C,47.5,C,55.0,C,55.0,C,,V,0.0,E,False,True,13.46,5.1,17.8,23.7,58,56,51,0.0,True,31-day fallback window
2021-06-26,33.9,V,33.9,V,,V,0,E,84.6,C,84.6,C,54.0,C,54.0,C,57.7,C,57.7,C,,V,0.0,E,False,True,13.42,4.9,17.2,23.4,60,57,51,0.0,True,31-day fallback window
2021-06-27,33.9,V,33.9,V,,V,0,E,85.1,C,85.1,C,55.0,C,55.0,C,59.9,C,59.9,C,,V,0.0,E,False,True,13.39,4.5,16.4,23.0,61,57,51,0.0,True,31-day fallback window
2021-06-28,33.9,V,33.9,V,,V,0,E,88.2,C,88.2,C,57.9,C,57.9,C,58.8,C,58.8,C,,V,0.0,E,False,True,13.38,4.3,16.1,22.6,62,58,51,0.0,True,31-day fallback window
2021-06-29,33.9,V,33.9,V,,V,0,E,84.7,C,84.7,C,55.6,C,55.6,C,61.9,C,61.9,C,,V,0.0,E,False,True,13.39,4.1,15.7,22.1,63,59,52,0.0,True,31-day fallback window
2021-06-30,34.0,V,33.9,E,0.0,V,0,V,80.8,C,80.8,C,56.1,C,56.1,C,57.2,C,57.2,C,,V,0.0,E,False,True,13.38,4.2,15.1,22.0,63,59,52,0.0,False,original
2021-07-01,33.9,V,33.9,V,,V,0,E,79.0,C,79.0,C,53.8,C,53.8,C,55.9,C,55.9,C,,V,0.0,E,False,True,13.38,3.9,14.4,21.5,63,59,52,0.0,True,31-day fallback window
2021-07-02,33.9,V,33.9,V,,V,0,E,83.1,C,83.1,C,53.2,C,53.2,C,57.0,C,57.0,C,,V,0.0,E,False,True,13.39,3.6,13.8,21.4,63,60,53,0.0,True,31-day fallback window
2021-07-03,33.9,V,33.9,V,,V,0,E,81.1,C,81.1,C,54.0,C,54.0,C,61.2,C,61.2,C,,V,0.0,E,False,True,13.39,3.4,13.3,21.0,63,60,53,0.0,True,31-day fallback window
2021-07-04,33.9,V,33.9,V,0.0,V,0,V,78.4,C,78.4,C,51.6,C,51.6,C,51.6,C,51.6,C,,V,0.0,E,False,True,13.4,3.3,12.6,20.6,63,61,53,0.0,False,original
2021-07-05,33.9,V,33.9,V,,V,0,E,83.5,C,83.5,C,49.6,C,49.6,C,55.9,C,55.9,C,,V,0.0,E,False,True,13.4,2.8,12.3,20.4,64,60,53,0.0,True,7-day window
2021-07-06,33.8,V,33.9,E,,V,0,E,82.2,C,82.2,C,53.6,C,53.6,C,54.9,C,54.9,C,,V,0.0,E,False,True,13.4,2.7,11.7,19.8,64,60,53,0.0,True,7-day window
2021-07-07,33.8,V,33.9,E,0.0,V,0,V,82.6,C,82.6,C,50.4,C,50.4,C,54.5,C,54.5,C,,V,0.0,E,False,True,13.41,2.2,10.9,19.4,63,60,54,0.0,False,original
2021-07-08,33.9,V,33.9,V,0.0,V,0,V,83.1,C,83.1,C,51.4,C,51.4,C,57.2,C,57.2,C,,V,0.0,E,False,True,13.39,2.1,10.3,19.0,63,60,54,0.0,False,original
2021-07-09,33.9,V,33.9,V,,V,0,E,88.2,C,88.2,C,55.0,C,55.0,C,60.8,C,60.8,C,,V,0.0,E,False,True,13.38,1.9,9.5,18.7,65,61,54,0.0,True,7-day window
2021-07-10,33.8,V,33.9,E,,V,0,E,88.5,C,88.5,C,59.2,C,59.2,C,61.5,C,61.5,C,,V,0.0,E,False,True,13.35,1.0,9.0,18.1,66,62,54,0.0,True,7-day window
2021-07-11,33.8,V,33.9,E,0.0,V,0,V,87.8,C,87.8,C,57.6,C,57.6,C,59.0,C,59.0,C,,V,0.0,E,False,True,13.36,0.6,8.2,18.0,65,62,54,0.0,False,original
2021-07-12,33.9,V,33.9,V,,V,0,E,87.4,C,87.4,C,55.0,C,55.0,C,59.9,C,59.9,C,,V,0.0,E,False,True,13.36,0.8,7.7,17.1,65,62,54,0.0,True,7-day window
2021-07-13,33.9,V,33.9,V,0.0,V,0,V,86.0,C,86.0,C,56.7,C,56.7,C,57.0,C,57.0,C,,V,0.0,E,False,True,13.37,0.0,6.9,16.6,65,62,55,0.0,False,original
2021-07-14,33.8,V,33.9,E,0.0,V,0,V,82.2,C,82.2,C,56.1,C,56.1,C,59.4,C,59.4,C,,V,0.0,E,False,True,13.38,0.0,6.7,16.3,65,62,55,0.0,False,original
2021-07-15,33.9,V,33.9,V,0.0,V,0,V,76.5,C,76.5,C,49.6,C,49.6,C,49.6,C,49.6,C,,V,0.0,E,False,True,13.41,0.0,6.1,16.0,63,62,55,0.0,False,original
2021-07-16,33.8,V,33.9,E,0.0,V,0,V,76.1,C,76.1,C,46.4,C,46.4,C,48.6,C,48.6,C,,V,0.0,E,False,True,13.44,0.0,6.0,15.5,63,61,55,0.0,False,original
2021-07-17,33.9,V,33.9,V,0.0,V,0,V,79.5,C,79.5,C,43.5,C,43.5,C,52.7,C,52.7,C,,V,0.0,E,False,True,13.44,0.0,5.6,15.1,63,60,55,0.0,False,original
2021-07-18,33.9,V,33.9,V,,V,0,E,81.5,C,81.5,C,50.2,C,50.2,C,59.2,C,59.2,C,,V,0.0,E,False,True,13.42,0.0,5.7,14.4,64,61,55,0.0,True,7-day window
2021-07-19,33.8,V,33.9,E,0.0,V,0,V,78.3,C,78.3,C,55.0,C,55.0,C,55.0,C,55.0,C,,V,0.0,E,False,True,13.4,0.0,5.2,14.2,64,62,55,0.0,False,original
2021-07-20,33.8,V,33.9,E,0.0,V,0,V,77.4,C,77.4,C,52.7,C,52.7,C,52.7,C,52.7,C,,V,0.0,E,False,True,13.41,0.0,4.7,13.8,64,62,55,0.0,False,original
2021-07-21,33.8,V,33.9,E,0.0,V,0,V,78.8,C,78.8,C,49.8,C,49.8,C,52.3,C,52.3,C,,V,0.0,E,False,True,13.42,0.0,4.7,13.1,64,61,55,0.0,False,original
2021-07-22,33.8,V,33.9,E,0.0,V,0,V,80.1,C,80.1,C,48.4,C,48.4,C,52.3,C,52.3,C,,V,0.0,E,False,True,13.41,0.0,4.4,12.6,64,61,55,0.0,False,original
2021-07-23,33.8,V,33.9,E,0.0,V,0,V,82.8,C,82.8,C,49.6,C,49.6,C,56.8,C,56.8,C,,V,0.0,E,False,True,13.4,0.0,4.3,12.1,65,62,55,0.0,False,original
2021-07-24,33.9,V,33.9,V,,V,0,E,84.6,C,84.6,C,52.2,C,52.2,C,57.4,C,57.4,C,,V,0.0,E,False,True,13.38,0.0,3.8,11.4,66,62,55,0.0,True,7-day window
2021-07-25,33.9,V,33.9,V,,V,0,E,80.8,C,80.8,C,53.8,C,53.8,C,63.9,C,63.9,C,,V,0.0,E,False,True,13.38,0.0,4.2,10.9,67,63,56,0.0,True,7-day window
2021-07-26,34.0,E,34.0,E,0.0,E,0,E,82.0,C,82.0,C,52.9,C,52.9,C,,,,,0.0,E,0.0,E,False,True,13.38,0.0,4.0,10.4,65,63,56,0.0,False,original
2021-07-27,34.0,V,34.0,V,,V,0,E,73.0,C,73.0,C,50.5,C,50.5,C,50.5,C,50.5,C,,V,0.0,E,False,True,13.43,0.0,3.9,10.2,64,62,56,0.0,True,31-day fallback window
2021-07-28,34.0,V,34.0,V,,V,0,E,81.9,C,81.9,C,47.5,C,47.5,C,55.2,C,55.2,C,,V,0.0,E,False,True,13.4,0.0,3.5,9.3,65,62,56,0.0,True,31-day fallback window
2021-07-29,34.8,V,34.8,V,,V,0,E,79.9,C,79.9,C,52.0,C,52.0,C,52.2,C,52.2,C,,V,0.0,E,False,True,13.44,0.0,3.6,9.2,62,61,56,0.0,True,31-day fallback window
2021-07-30,34.8,V,34.8,V,,V,0,E,76.8,C,76.8,C,51.6,C,51.6,C,59.0,C,59.0,C,,V,0.0,E,False,True,13.45,0.0,3.3,9.0,62,61,56,0.0,True,31-day fallback window
2021-07-31,34.8,V,34.8,V,,V,0,E,76.3,C,76.3,C,54.7,C,54.7,C,55.6,C,55.6,C,,V,0.0,E,False,True,13.4,0.0,3.3,8.7,63,61,56,0.0,True,7-day window
2021-08-01,34.8,V,34.8,V,0.0,V,0,V,78.8,C,78.8,C,49.8,C,49.8,C,53.2,C,53.2,C,,V,0.0,E,False,True,13.41,0.0,3.1,8.4,63,61,56,0.0,False,original
2021-08-02,34.8,V,34.8,V,0.0,V,0,V,80.8,C,80.8,C,50.5,C,50.5,C,55.4,C,55.4,C,,V,0.0,E,False,True,13.4,0.0,3.4,7.9,64,62,56,0.0,False,original
2021-08-03,34.8,V,34.8,V,0.0,V,0,V,82.6,C,82.6,C,52.2,C,52.2,C,55.8,C,55.8,C,,V,0.0,E,False,True,13.38,0.0,3.0,7.5,65,62,56,0.0,False,original
2021-08-04,34.7,V,34.8,E,0.0,V,0,V,83.8,C,83.8,C,52.2,C,52.2,C,54.9,C,54.9,C,,V,0.0,E,False,True,13.38,0.0,3.1,7.5,65,62,56,0.0,False,original
2021-08-05,34.7,V,34.8,E,2.0,V,0,E,72.9,C,72.9,C,48.6,C,48.6,C,48.7,C,48.7,C,,V,0.0,E,False,True,13.42,0.0,3.0,6.9,63,62,56,0.0,True,7-day window
2021-08-06,34.8,V,34.8,V,0.0,V,0,V,72.9,C,72.9,C,46.0,C,46.0,C,52.9,C,52.9,C,,V,0.0,E,False,True,13.47,0.0,3.0,6.9,62,61,56,0.0,False,original
2021-08-07,34.8,V,34.8,V,,V,0,E,80.2,C,80.2,C,48.0,C,48.0,C,50.4,C,50.4,C,,V,0.0,E,False,True,13.42,0.0,3.0,6.4,63,61,56,0.0,True,7-day window
2021-08-08,34.8,V,34.8,V,0.0,V,0,V,75.9,C,75.9,C,46.6,C,46.6,C,50.0,C,50.0,C,,V,0.0,E,False,True,13.42,0.0,2.9,6.4,64,61,56,0.0,False,original
2021-08-09,34.8,V,34.8,V,,V,0,E,80.1,C,80.1,C,47.5,C,47.5,C,54.1,C,54.1,C,,V,0.0,E,False,True,13.4,0.0,3.0,5.9,65,62,56,0.0,True,31-day fallback window
2021-08-10,34.8,V,34.8,V,,V,0,E,84.0,C,84.0,C,51.3,C,51.3,C,55.2,C,55.2,C,,V,0.0,E,False,True,13.38,0.0,3.0,5.5,66,62,56,0.0,True,31-day fallback window
2021-08-11,34.7,V,34.8,E,,V,0,E,84.9,C,84.9,C,52.2,C,52.2,C,55.9,C,55.9,C,,V,0.0,E,False,True,13.37,0.0,3.3,5.4,65,62,57,0.0,True,31-day fallback window
2021-08-12,34.8,V,34.8,V,,V,0,E,85.6,C,85.6,C,52.2,C,52.2,C,58.8,C,58.8,C,,V,0.0,E,False,True,13.38,0.0,2.7,5.1,66,62,57,0.0,True,31-day fallback window
2021-08-13,34.8,V,34.8,V,,S,0,E,84.4,C,84.4,C,55.0,C,55.0,C,60.8,C,60.8,C,,V,0.0,E,False,True,13.36,0.0,3.2,4.8,67,63,57,0.0,True,31-day fallback window
2021-08-14,34.8,V,34.8,V,,V,0,E,85.8,C,85.8,C,60.4,C,60.4,C,60.4,C,60.4,C,,V,0.0,E,False,True,13.35,0.0,2.8,4.8,67,64,57,0.0,True,31-day fallback window
2021-08-15,34.9,V,34.8,E,,S,0,E,88.5,C,88.5,C,58.6,C,58.6,C,64.0,C,64.0,C,,V,0.0,E,False,True,13.34,0.0,2.6,5.0,68,64,57,0.0,True,31-day fallback window
2021-08-16,34.8,V,34.8,V,,V,0,E,86.2,C,86.2,C,57.0,C,57.0,C,57.0,C,57.0,C,,V,0.0,E,False,True,13.33,0.0,3.1,4.9,69,65,58,0.0,True,31-day fallback window
2021-08-17,34.8,V,34.8,V,,S,0,E,74.3,C,74.3,C,48.7,C,48.7,C,48.7,C,48.7,C,,V,0.0,E,False,True,13.39,0.0,2.4,4.9,66,64,58,0.0,True,31-day fallback window
2021-08-18,34.8,V,34.8,V,0.0,V,0,V,64.8,C,64.8,C,43.7,C,43.7,C,49.3,C,49.3,C,,V,0.0,E,False,True,13.42,0.0,2.9,4.7,63,63,58,0.0,False,original
2021-08-19,34.8,V,34.8,V,,V,0,E,69.8,C,69.8,C,45.5,C,45.5,C,52.2,C,52.2,C,,V,0.0,E,False,True,13.45,0.0,2.4,4.4,64,62,58,0.0,True,7-day window
2021-08-20,34.9,V,34.8,E,,V,0,E,74.3,C,74.3,C,48.6,C,48.6,C,49.5,C,49.5,C,,V,0.0,E,False,True,13.45,0.0,2.1,4.2,62,62,58,0.0,True,7-day window
2021-08-21,34.9,V,34.9,V,0.0,V,0,V,67.1,C,67.1,C,44.2,C,44.2,C,44.2,C,44.2,C,,V,0.0,E,False,True,13.45,0.0,1.9,4.1,62,61,58,0.0,False,original
2021-08-22,34.9,V,34.9,V,0.0,V,0,V,68.9,C,68.9,C,40.5,C,40.5,C,47.5,C,47.5,C,,V,0.0,E,False,True,13.47,0.0,2.1,4.3,62,61,58,0.0,False,original
2021-08-23,34.8,V,34.9,E,0.0,V,0,V,70.7,C,70.7,C,43.7,C,43.7,C,48.4,C,48.4,C,,V,0.0,E,False,True,13.46,0.0,2.2,4.2,62,61,57,0.0,False,original
2021-08-24,34.8,V,34.9,E,,V,0,E,70.0,C,70.0,C,45.0,C,45.0,C,50.0,C,50.0,C,,V,0.0,E,False,True,13.46,0.0,2.7,3.6,62,61,57,0.0,True,7-day window
2021-08-25,34.9,V,34.9,V,0.0,V,0,V,69.8,C,69.8,C,42.3,C,42.3,C,46.2,C,46.2,C,,V,0.0,E,False,True,13.48,0.0,2.6,3.6,62,61,57,0.0,False,original
2021-08-26,34.9,V,34.9,V,0.0,V,0,V,74.8,C,74.8,C,40.6,C,40.6,C,49.5,C,49.5,C,,V,0.0,E,False,True,13.46,0.0,2.5,4.0,63,61,57,0.0,False,original
2021-08-27,35.0,V,35.0,V,0.0,V,0,V,78.3,V,80.6,C,53.6,V,43.5,C,53.4,C,53.4,C,,V,0.0,E,False,True,13.41,0.0,2.2,3.6,64,61,57,0.0,False,original
2021-08-28,35.0,V,35.0,V,,V,0,E,82.9,C,82.9,C,52.0,C,52.0,C,54.1,C,54.1,C,,V,0.0,E,False,True,13.4,0.0,2.5,3.7,64,62,57,0.0,True,7-day window
2021-08-29,35.0,V,35.0,V,0.0,V,0,V,80.8,C,80.8,C,48.4,C,48.4,C,51.3,C,51.3,C,,V,0.0,E,False,True,13.39,0.0,2.3,3.5,65,62,57,0.0,False,original
2021-08-30,35.0,V,35.0,V,0.0,V,0,V,78.8,C,78.8,C,48.2,C,48.2,C,53.4,C,53.4,C,,V,0.0,E,False,True,13.37,0.0,2.3,3.4,65,63,58,0.0,False,original
2021-08-31,35.0,V,35.0,V,1.0,V,0,E,77.9,C,77.9,C,47.5,C,47.5,C,47.7,C,47.7,C,,V,0.0,E,False,True,13.39,0.0,2.3,3.3,65,63,58,0.0,True,7-day window
2021-09-01,35.0,V,35.0,V,,V,0,E,73.0,C,73.0,C,45.5,C,45.5,C,50.2,C,50.2,C,,V,0.0,E,False,True,13.42,0.0,2.3,3.3,64,63,58,0.0,True,7-day window
2021-09-02,35.0,V,35.0,V,1.0,V,0,E,70.2,C,70.2,C,43.5,C,43.5,C,44.1,C,44.1,C,,V,0.0,E,False,True,13.42,0.0,2.1,3.4,64,63,58,0.0,True,7-day window
2021-09-03,34.9,V,35.0,E,0.0,V,0,V,75.2,C,75.2,C,42.8,C,42.8,C,49.3,C,49.3,C,,V,0.0,E,False,True,13.42,0.0,2.2,3.3,64,63,58,0.0,False,original
2021-09-04,34.9,V,35.0,E,0.0,V,0,V,79.5,C,79.5,C,44.8,C,44.8,C,49.6,C,49.6,C,,V,0.0,E,False,True,13.43,0.0,2.0,3.3,65,63,58,0.0,False,original
2021-09-05,34.9,V,35.0,E,0.0,V,0,V,82.4,C,82.4,C,45.9,C,45.9,C,51.4,C,51.4,C,,V,0.0,E,False,True,13.38,0.0,2.2,3.3,67,64,58,0.0,False,original
2021-09-06,35.0,V,35.0,V,,V,0,E,83.1,C,83.1,C,48.7,C,48.7,C,55.4,C,55.4,C,,V,0.0,E,False,True,13.39,0.0,2.3,3.1,68,65,59,0.0,True,7-day window
2021-09-07,35.0,V,35.0,V,,V,0,E,86.2,C,86.2,C,51.8,C,51.8,C,55.4,C,55.4,C,,V,0.0,E,False,True,13.37,0.0,2.1,3.1,70,66,59,0.0,True,7-day window
2021-09-08,35.0,V,35.0,V,0.0,V,0,V,84.0,C,84.0,C,51.4,C,51.4,C,60.8,C,60.8,C,,V,0.0,E,False,True,13.34,0.0,2.0,3.1,70,67,60,0.0,False,original
2021-09-09,35.0,V,35.0,V,,V,0,E,84.0,C,84.0,C,55.8,C,55.8,C,57.2,C,57.2,C,,V,0.0,E,False,True,13.34,0.0,2.0,3.1,72,67,60,0.0,True,7-day window
2021-09-10,35.4,V,35.4,V,0.0,V,0,V,63.7,C,63.7,C,45.5,C,45.5,C,45.5,C,45.5,C,,V,0.0,E,False,True,13.4,0.0,2.1,3.3,65,66,61,0.0,False,original
2021-09-11,35.4,V,35.4,V,0.0,V,0,V,70.9,C,70.9,C,43.0,C,43.0,C,50.4,C,50.4,C,,V,0.0,E,False,True,13.42,0.0,2.0,3.1,67,66,61,0.0,False,original
2021-09-12,35.3,V,35.4,E,1.0,V,0,E,72.0,C,72.0,C,44.8,C,44.8,C,44.8,C,44.8,C,,V,0.0,E,False,True,13.44,0.0,2.1,3.0,66,66,60,0.0,True,7-day window
2021-09-13,35.3,V,35.4,E,0.0,V,0,V,74.7,C,74.7,C,42.8,C,42.8,C,51.3,C,51.3,C,,V,0.0,E,False,True,13.44,0.0,2.0,3.0,67,66,60,0.0,False,original
2021-09-14,35.3,V,35.4,E,0.0,V,0,V,78.8,C,78.8,C,49.8,C,49.8,C,51.4,C,51.4,C,,V,0.0,E,False,True,13.42,0.0,1.8,3.0,69,66,60,0.0,False,original
2021-09-15,35.3,V,35.4,E,1.0,V,0,E,74.8,C,74.8,C,44.8,C,44.8,C,45.0,C,45.0,C,,V,0.0,E,False,True,13.44,0.0,2.0,2.9,67,66,60,0.0,True,7-day window
2021-09-16,35.4,V,35.4,V,0.0,V,0,V,72.3,C,72.3,C,41.2,C,41.2,C,47.5,C,47.5,C,,V,0.0,E,False,True,13.45,0.0,1.8,3.0,67,66,61,0.0,False,original
2021-09-17,35.4,V,35.4,V,0.0,V,0,V,71.4,C,71.4,C,43.0,C,43.0,C,49.8,C,49.8,C,,V,0.0,E,False,True,13.45,0.0,1.9,2.9,67,66,61,0.0,False,original
2021-09-18,35.3,V,35.4,E,0.0,V,0,V,63.0,C,63.0,C,45.7,C,45.7,C,45.7,C,45.7,C,,V,0.0,E,False,True,13.5,0.0,1.9,3.0,66,65,61,0.0,False,original
2021-09-19,35.5,V,35.5,V,1.0,V,0,E,57.4,C,57.4,C,41.9,C,41.9,C,43.9,C,43.9,C,,V,0.0,E,False,True,13.52,0.0,1.9,2.9,61,64,61,0.0,True,7-day window
2021-09-20,35.5,V,35.5,V,1.0,V,0,E,70.0,C,70.0,C,40.1,C,40.1,C,50.2,C,50.2,C,,V,0.0,E,False,True,13.5,0.0,1.9,3.0,61,63,60,0.0,True,7-day window
2021-09-21,35.5,V,35.5,V,0.0,V,0,V,73.2,C,73.2,C,41.7,C,41.7,C,45.9,C,45.9,C,,V,0.0,E,False,True,13.47,0.0,2.0,3.0,62,63,60,0.0,False,original
2021-09-22,35.5,V,35.5,V,0.0,V,0,V,70.3,C,70.3,C,42.8,C,42.8,C,45.0,C,45.0,C,,V,0.0,E,False,True,13.48,0.0,2.0,2.9,62,63,60,0.0,False,original
2021-09-23,35.5,V,35.5,V,0.0,V,0,V,73.0,C,73.0,C,42.6,C,42.6,C,55.6,C,55.6,C,,V,0.0,E,False,True,13.45,0.0,2.0,2.9,64,63,60,0.0,False,original
2021-09-24,35.5,V,35.5,V,0.0,V,0,V,79.0,C,79.0,C,48.6,C,48.6,C,49.6,C,49.6,C,,V,0.0,E,False,True,13.43,0.0,2.0,2.9,65,64,60,0.0,False,original
2021-09-25,35.5,V,35.5,V,0.0,V,0,V,72.0,C,72.0,C,45.3,C,45.3,C,48.6,C,48.6,C,,V,0.0,E,False,True,13.46,0.0,1.9,2.9,64,64,60,0.0,False,original
2021-09-26,35.5,V,35.5,V,3.0,V,0,E,71.1,C,71.1,C,41.9,C,41.9,C,41.9,C,41.9,C,,V,0.0,E,False,True,13.43,0.0,1.9,2.8,64,64,60,3.0,False,original
2021-09-27,35.7,V,35.7,V,0.0,V,0,V,63.7,C,63.7,C,40.1,C,40.1,C,40.3,C,40.3,C,0.0,V,0.0,V,False,False,13.48,0.0,1.9,2.7,56,63,60,0.0,False,original
2021-09-28,35.8,V,35.8,V,1.0,V,0,E,56.5,C,56.5,C,31.5,C,31.5,C,38.1,C,38.1,C,,V,0.0,E,False,True,13.53,0.0,16.0,2.8,57,61,60,1.0,False,original
2021-09-29,35.8,V,35.8,V,3.0,V,0,E,60.6,C,60.6,C,32.0,C,32.0,C,43.9,C,43.9,C,,V,0.0,E,False,True,13.54,0.0,13.6,2.8,57,60,60,3.0,False,original
2021-09-30,35.9,V,35.9,V,2.0,V,0,E,68.4,C,68.4,C,40.1,C,40.1,C,42.1,C,42.1,C,,V,0.0,E,False,True,13.52,0.0,11.4,2.8,59,61,59,2.0,False,original
2021-10-01,0.0,V,0.0,V,2.0,V,0,E,68.9,C,68.9,C,37.0,C,37.0,C,41.9,C,41.9,C,,V,0.0,E,False,True,13.51,0.0,9.5,2.7,60,61,59,2.0,False,original
2021-10-02,0.0,V,0.0,V,1.0,V,0,E,71.8,C,71.8,C,39.9,C,39.9,C,43.9,C,43.9,C,,V,0.0,E,False,True,13.49,0.0,7.9,2.7,60,62,59,1.0,False,original
2021-10-03,0.0,V,0.0,V,1.0,V,0,E,70.0,C,70.0,C,40.5,C,40.5,C,41.9,C,41.9,C,,V,0.0,E,False,True,13.5,0.0,6.6,2.7,59,61,59,1.0,False,original
2021-10-04,0.0,V,0.0,V,1.0,V,0,E,66.9,C,66.9,C,39.7,C,39.7,C,42.8,C,42.8,C,,V,0.0,E,False,True,13.5,0.0,5.4,2.6,59,61,59,1.0,False,original
2021-10-05,0.0,V,0.0,V,1.0,V,0,E,63.3,C,63.3,C,39.9,C,39.9,C,48.0,C,48.0,C,,V,0.0,E,False,True,13.53,0.0,4.7,2.8,59,60,59,1.0,False,original
2021-10-06,,V,0.0,E,0.0,V,0,V,55.9,C,55.9,C,43.7,C,43.7,C,44.8,C,44.8,C,,V,0.0,E,False,True,13.55,0.0,4.2,2.7,57,60,59,1.0,True,7-day window
2021-10-07,0.2,V,0.2,V,0.0,V,0,V,50.2,C,50.2,C,38.7,C,38.7,C,38.8,C,38.8,C,0.0,V,0.0,V,False,False,13.57,0.0,3.9,2.7,54,58,58,0.0,False,original
2021-10-08,0.7,V,0.7,V,1.0,V,0,E,43.2,C,43.2,C,28.2,C,28.2,C,28.4,C,28.4,C,,V,0.0,E,False,True,13.6,0.0,11.0,2.7,49,55,57,1.0,False,original
2021-10-09,0.7,V,0.7,V,2.0,V,0,E,52.0,C,52.0,C,26.4,C,26.4,C,33.1,C,33.1,C,,V,0.0,E,False,True,13.62,0.0,11.5,2.7,51,55,57,2.0,False,original
2021-10-10,0.7,V,0.7,V,0.0,V,0,V,59.9,C,59.9,C,30.2,C,30.2,C,38.8,C,38.8,C,0.0,V,0.0,V,False,False,13.59,0.0,10.1,2.7,53,56,56,0.0,False,original
2021-10-11,0.8,V,0.9,E,3.0,V,2,E,39.4,C,39.4,C,24.3,C,24.3,C,24.3,C,24.3,C,,V,0.2,E,False,True,13.64,0.0,9.5,2.6,46,54,56,3.0,False,original
2021-10-12,0.9,V,0.9,V,2.0,V,2,V,43.0,C,43.0,C,20.5,C,20.5,C,28.2,C,28.2,C,0.1,V,0.1,V,False,False,13.7,0.0,8.8,2.7,46,52,56,2.0,False,original
2021-10-13,0.9,V,0.9,V,0.0,V,0,V,47.7,C,47.7,C,28.0,C,28.0,C,28.6,C,28.6,C,0.1,V,0.0,E,False,False,13.67,0.0,8.0,2.8,47,52,55,0.0,False,original
2021-10-14,0.9,V,0.9,V,2.0,V,0,E,54.7,C,54.7,C,27.5,C,27.5,C,32.4,C,32.4,C,0.1,V,0.0,E,False,False,13.64,0.0,7.2,2.7,49,52,54,2.0,False,original
2021-10-15,1.0,V,1.0,V,0.0,V,2,E,65.3,C,65.3,C,29.5,C,29.5,C,38.7,C,38.7,C,0.2,V,0.2,V,False,False,13.57,0.0,6.2,2.6,52,53,54,0.0,False,original
2021-10-16,1.0,V,1.0,V,2.0,V,2,V,67.3,C,67.3,C,34.7,C,34.7,C,35.8,C,35.8,C,0.2,V,0.2,V,False,False,13.56,0.0,5.4,2.6,53,54,54,2.0,False,original
2021-10-17,1.7,V,1.7,V,,S,7,E,52.7,C,52.7,C,26.8,C,26.8,C,26.8,C,26.8,C,1.0,V,1.0,V,False,True,13.59,0.0,4.8,2.6,51,54,54,2.0,True,7-day window
2021-10-18,1.9,V,1.9,V,6.0,V,6,V,34.5,C,34.5,C,25.0,C,25.0,C,25.5,C,25.5,C,0.8,V,0.8,V,False,False,13.67,0.0,5.1,2.8,43,51,54,6.0,False,original
2021-10-19,2.0,V,2.0,V,3.0,V,3,V,45.5,C,45.5,C,24.1,C,24.1,C,38.3,C,38.3,C,0.6,V,0.6,V,False,False,13.72,0.0,20.0,2.7,40,46,51,2.0,True,7-day window
2021-10-20,2.3,V,2.3,V,,V,1,E,43.7,C,43.7,C,34.0,C,34.0,C,42.3,C,42.3,C,0.3,V,0.3,V,False,True,13.71,0.0,18.3,2.6,43,48,51,0.0,True,7-day window
2021-10-21,3.9,V,3.9,V,0.0,V,0,V,47.5,C,47.5,C,41.9,C,41.9,C,45.5,C,45.5,C,0.3,V,0.0,E,False,False,13.65,0.0,25.7,26.0,47,48,49,0.0,False,original
2021-10-22,4.8,V,4.8,V,0.0,V,0,V,45.5,C,45.5,C,30.7,C,30.7,C,30.9,C,30.9,C,0.2,V,0.0,E,False,False,13.64,0.0,24.9,27.7,39,44,46,0.0,False,original
2021-10-23,5.7,V,5.7,V,0.0,V,0,V,34.2,C,34.2,C,28.6,C,28.6,C,33.1,C,33.1,C,0.6,V,0.0,E,False,False,13.72,0.0,29.1,34.3,33,40,42,0.0,False,original
2021-10-24,13.2,V,13.2,V,,S,5,E,42.3,C,42.3,C,31.5,C,31.5,C,31.6,C,31.6,C,1.0,V,1.0,V,False,True,13.72,4.9,33.5,37.2,34,38,39,0.0,True,7-day window
2021-10-25,16.0,V,16.0,V,,S,29,E,32.4,C,32.4,C,28.9,C,28.9,C,28.9,C,28.9,C,3.4,V,3.4,V,False,True,13.75,2.8,25.9,29.2,36,38,40,10.0,True,7-day window
2021-10-26,16.1,V,16.1,V,23.0,V,23,V,34.3,C,34.3,C,27.5,C,27.5,C,32.9,C,32.9,C,3.2,V,3.2,V,False,False,13.75,3.3,26.1,27.8,34,38,40,10.0,True,7-day window
2021-10-27,16.2,V,16.2,V,14.0,V,14,V,53.2,C,53.2,C,32.4,C,32.4,C,38.8,C,38.8,C,3.3,V,3.3,V,False,False,13.7,4.1,29.1,31.9,33,35,36,14.0,False,original
2021-10-28,16.2,V,16.2,V,10.0,V,10,V,57.9,C,57.9,C,34.2,C,34.2,C,34.2,C,34.2,C,3.1,V,3.1,V,False,False,13.67,3.8,28.5,30.0,34,35,38,10.0,False,original
2021-10-29,16.2,V,16.2,V,8.0,V,8,V,57.9,C,57.9,C,32.2,C,32.2,C,36.5,C,36.5,C,2.8,V,2.8,V,False,False,13.64,4.1,27.4,28.9,34,36,39,8.0,False,original
2021-10-30,16.2,V,16.2,V,5.0,V,5,V,48.0,C,48.0,C,35.2,C,35.2,C,39.2,C,39.2,C,2.4,V,2.4,V,False,False,13.69,4.0,25.9,28.4,36,38,40,5.0,False,original
2021-10-31,16.2,V,16.2,V,4.0,V,4,V,49.3,C,49.3,C,36.9,C,36.9,C,37.9,C,37.9,C,2.0,V,2.0,V,False,False,13.66,4.0,24.8,29.0,40,40,40,4.0,False,original
2021-11-01,16.3,V,16.3,V,3.0,V,3,V,42.8,C,42.8,C,35.1,C,35.1,C,37.8,C,37.8,C,1.7,V,1.7,V,False,False,13.68,4.2,25.6,30.1,40,40,41,3.0,False,original
2021-11-02,16.3,V,16.3,V,2.0,V,2,V,51.4,C,51.4,C,32.7,C,32.7,C,32.7,C,32.7,C,1.0,V,1.0,V,False,False,13.66,4.5,26.5,31.4,42,42,42,2.0,False,original
2021-11-03,16.3,V,16.3,V,1.0,V,2,E,61.3,C,61.3,C,32.5,C,32.5,C,43.0,C,43.0,C,0.7,V,0.7,V,False,False,13.61,4.8,27.5,32.7,45,43,42,1.0,False,original
2021-11-04,16.5,V,16.5,V,1.0,V,0,E,49.5,C,49.5,C,30.0,C,30.0,C,30.0,C,30.0,C,0.2,V,0.0,E,False,False,13.64,5.7,29.0,34.3,44,44,43,1.0,False,original
2021-11-05,16.5,V,16.5,V,0.0,V,0,V,51.4,C,51.4,C,28.4,C,28.4,C,39.2,C,39.2,C,0.2,V,0.0,E,False,False,13.7,5.7,29.1,34.9,42,44,44,0.0,False,original
2021-11-06,16.7,V,16.7,V,,S,0,E,39.7,C,39.7,C,31.5,C,31.5,C,32.2,C,32.2,C,0.2,V,0.0,E,False,True,13.72,5.7,29.3,35.2,39,43,44,1.0,True,7-day window
2021-11-07,16.7,V,16.7,V,2.0,V,0,E,41.4,C,41.4,C,24.6,C,24.6,C,25.9,C,25.9,C,0.2,V,0.0,E,False,False,13.72,6.3,29.4,35.5,40,43,44,2.0,False,original
2021-11-08,17.0,V,17.0,V,3.0,V,3,V,45.5,C,45.5,C,25.5,C,25.5,C,32.5,C,32.5,C,0.4,V,0.4,V,False,False,13.74,6.3,29.5,35.6,40,43,44,3.0,False,original
2021-11-09,18.5,V,18.5,V,1.0,V,2,E,39.0,C,39.0,C,32.0,C,32.0,C,35.1,C,35.1,C,0.7,V,0.7,V,False,False,13.75,9.9,35.4,40.2,34,37,39,1.0,False,original
2021-11-10,18.5,V,18.5,V,,S,1,E,49.6,C,49.6,C,31.5,C,31.5,C,34.3,C,34.3,C,0.3,V,0.3,V,False,True,13.72,8.9,34.5,39.6,38,39,41,1.0,True,7-day window
2021-11-11,18.6,V,18.5,E,,V,0,E,59.4,C,59.4,C,32.9,C,32.9,C,34.2,C,34.2,C,0.1,V,0.0,E,False,True,13.66,8.7,34.0,39.4,42,41,42,1.0,True,7-day window
2021-11-12,18.5,V,18.5,V,1.0,V,0,E,64.8,C,64.8,C,31.8,C,31.8,C,34.3,C,34.3,C,0.1,V,0.0,E,False,False,13.65,8.4,33.7,39.2,43,42,42,0.0,True,7-day window
2021-11-13,18.5,V,18.5,V,0.0,V,0,V,60.6,C,60.6,C,32.0,C,32.0,C,36.0,C,36.0,C,0.1,V,0.0,E,False,False,13.66,8.2,33.4,39.1,43,43,43,0.0,False,original
2021-11-14,18.5,V,18.5,V,0.0,V,0,V,64.2,C,64.2,C,35.2,C,35.2,C,37.2,C,37.2,C,0.1,V,0.0,E,False,False,13.62,8.2,33.3,39.0,45,44,43,0.0,False,original
2021-11-15,18.5,V,18.5,V,0.0,V,0,V,55.6,C,55.6,C,36.5,C,36.5,C,42.4,C,42.4,C,0.1,V,0.0,E,False,False,13.65,8.3,33.2,39.0,44,44,43,0.0,False,original
2021-11-16,18.5,V,18.5,V,0.0,V,0,V,53.1,C,53.1,C,33.3,C,33.3,C,34.5,C,34.5,C,0.1,V,0.0,E,False,False,13.65,8.3,33.2,39.0,44,44,44,0.0,False,original
2021-11-17,18.5,V,18.5,V,1.0,V,0,E,55.2,C,55.2,C,27.9,C,27.9,C,40.3,C,40.3,C,0.1,V,0.0,E,False,False,13.66,8.4,33.1,39.0,43,44,44,0.0,True,7-day window
2021-11-18,18.5,V,18.5,V,0.0,V,0,V,48.6,C,48.6,C,34.5,C,34.5,C,41.9,C,41.9,C,0.2,V,0.0,E,False,False,13.68,8.3,33.0,39.0,43,44,44,0.0,False,original
2021-11-19,18.8,V,18.8,V,0.0,V,0,V,41.9,C,41.9,C,30.7,C,30.7,C,30.9,C,30.9,C,0.2,V,0.0,E,False,False,13.7,9.9,33.1,39.0,41,43,44,0.0,False,original
2021-11-20,18.8,V,18.8,V,2.0,V,0,E,42.8,C,42.8,C,29.1,C,29.1,C,29.5,C,29.5,C,0.1,V,0.0,E,False,False,13.7,9.4,33.2,39.0,40,43,44,2.0,False,original
2021-11-21,18.8,V,18.8,V,1.0,V,0,E,50.4,C,50.4,C,28.0,C,28.0,C,28.6,C,28.6,C,0.1,V,0.0,E,False,False,13.69,9.3,33.1,39.0,40,43,44,1.0,False,original
2021-11-22,18.8,V,18.8,V,3.0,V,0,E,55.6,C,55.6,C,26.4,C,26.4,C,32.4,C,32.4,C,0.2,V,0.0,E,False,False,13.7,9.1,33.1,39.0,39,42,44,3.0,False,original
2021-11-23,18.8,V,18.8,V,4.0,V,0,E,44.6,C,44.6,C,27.9,C,27.9,C,28.9,C,28.9,C,0.2,V,0.0,E,False,False,13.71,9.0,33.0,39.0,39,42,44,4.0,False,original
2021-11-24,18.8,V,18.8,V,4.0,V,0,E,43.7,C,43.7,C,22.6,C,22.6,C,34.9,C,34.9,C,0.2,V,0.0,E,False,False,13.74,9.0,32.7,38.9,38,41,43,4.0,False,original
2021-11-25,18.9,V,18.9,V,1.0,V,0,E,60.1,C,60.1,C,29.3,C,29.3,C,33.1,C,33.1,C,0.1,V,0.0,E,False,False,13.69,8.9,32.2,38.7,40,42,43,1.0,False,original
2021-11-26,18.9,V,18.9,V,1.0,V,0,E,61.2,C,61.2,C,32.4,C,32.4,C,33.8,C,33.8,C,0.1,V,0.0,E,False,False,13.66,8.8,31.7,38.5,42,42,43,1.0,False,original
2021-11-27,18.9,V,18.9,V,1.0,V,0,E,58.1,C,58.1,C,31.8,C,31.8,C,35.1,C,35.1,C,0.1,V,0.0,E,False,False,13.66,8.7,31.0,38.1,42,43,43,1.0,False,original
2021-11-28,18.9,V,18.9,V,0.0,V,0,V,62.1,C,62.1,C,32.7,C,32.7,C,35.2,C,35.2,C,0.2,V,0.0,E,False,False,13.64,8.5,30.4,37.8,43,43,43,1.0,True,7-day window
2021-11-29,18.9,V,18.9,V,0.0,V,0,V,63.3,C,63.3,C,32.7,C,32.7,C,38.8,C,38.8,C,0.2,V,0.0,E,False,False,13.65,8.3,29.7,37.3,43,43,43,1.0,True,7-day window
2021-11-30,18.9,V,18.9,V,0.0,V,0,V,64.0,C,64.0,C,32.5,C,32.5,C,42.6,C,42.6,C,0.2,V,0.0,E,False,False,13.64,8.2,29.1,36.8,43,44,43,1.0,True,7-day window
2021-12-01,18.9,V,18.9,V,1.0,V,0,E,63.7,C,63.7,C,33.1,C,33.1,C,33.3,C,33.3,C,0.2,V,0.0,E,False,False,13.64,8.0,28.6,36.3,43,44,44,1.0,False,original
2021-12-02,18.9,V,18.9,V,1.0,V,0,E,61.7,C,61.7,C,30.4,C,30.4,C,33.6,C,33.6,C,0.2,V,0.0,E,False,False,13.64,8.0,28.2,35.8,43,44,44,1.0,False,original
2021-12-03,18.9,V,18.9,V,1.0,V,0,E,59.7,C,59.7,C,32.0,C,32.0,C,32.9,C,32.9,C,0.2,V,0.0,E,False,False,13.65,7.8,27.7,35.4,43,44,44,1.0,False,original
2021-12-04,18.9,V,18.9,V,2.0,V,0,E,61.3,C,61.3,C,29.8,C,29.8,C,41.0,C,41.0,C,0.2,V,0.0,E,False,False,13.66,7.5,27.3,34.9,43,44,44,1.0,True,7-day window
2021-12-05,18.9,V,18.9,V,1.0,V,0,E,56.5,C,56.5,C,34.0,C,34.0,C,34.0,C,34.0,C,0.2,V,0.0,E,False,False,13.64,7.5,26.9,34.4,43,44,44,1.0,False,original
2021-12-06,19.0,V,19.0,V,,V,1,E,47.8,C,47.8,C,32.9,C,32.9,C,35.2,C,35.2,C,0.4,V,0.1,E,False,True,13.7,7.4,26.6,34.1,41,43,44,1.0,True,7-day window
2021-12-07,19.0,V,19.0,V,,V,1,E,42.8,C,42.8,C,30.0,C,30.0,C,30.4,C,30.4,C,0.3,V,0.1,E,False,True,13.7,7.3,26.5,33.8,41,43,44,1.0,True,7-day window
2021-12-08,19.1,V,19.1,V,0.0,V,1,E,37.0,C,37.0,C,30.2,C,30.2,C,32.7,C,32.7,C,0.4,V,0.2,E,False,False,13.72,10.3,26.3,33.6,40,42,44,1.0,True,7-day window
2021-12-09,19.5,V,19.5,V,,S,4,E,33.6,C,33.6,C,15.1,C,15.1,C,16.0,C,16.0,C,0.6,V,0.6,V,False,True,13.74,11.8,26.5,33.5,38,41,43,1.0,True,7-day window
2021-12-10,19.5,V,19.5,V,,S,4,E,34.7,C,34.7,C,12.9,C,12.9,C,18.9,C,18.9,C,0.6,V,0.6,V,False,True,13.8,11.7,26.6,33.3,36,40,43,1.0,True,7-day window
2021-12-11,19.5,V,19.5,V,1.0,V,4,E,34.2,C,34.2,C,18.9,C,18.9,C,26.6,C,26.6,C,0.7,V,0.6,E,False,False,13.82,10.1,26.2,33.0,35,39,43,1.0,False,original
2021-12-12,20.6,V,21.5,E,20.0,V,20,V,31.8,C,31.8,C,23.5,C,23.5,C,30.4,C,30.4,C,3.0,V,3.0,V,False,False,13.83,9.1,26.0,32.8,35,39,42,20.0,False,original
2021-12-13,23.3,V,25.4,E,,S,45,E,31.6,C,31.6,C,25.5,C,25.5,C,25.5,C,25.5,C,7.2,V,7.2,V,False,True,13.8,8.9,25.8,32.7,35,38,42,20.0,True,7-day window
2021-12-14,25.9,V,26.4,E,,S,54,E,26.6,C,26.6,C,14.2,C,14.2,C,14.2,C,14.2,C,8.3,V,8.3,V,False,True,13.78,8.7,25.7,32.4,35,38,42,36.0,True,7-day window
2021-12-15,25.9,V,27.6,E,56.0,V,56,V,27.0,C,27.0,C,13.5,C,13.5,C,25.9,C,25.9,C,9.7,V,9.7,V,False,False,13.85,8.6,25.5,32.2,35,38,41,56.0,False,original
2021-12-16,28.3,V,28.5,E,,S,56,E,31.1,C,31.1,C,11.3,C,11.3,C,16.5,C,16.5,C,10.7,V,10.6,E,False,True,13.83,8.8,25.3,31.9,35,38,41,50.5,True,7-day window
2021-12-17,28.4,V,28.5,E,52.0,V,52,V,36.3,C,36.3,C,9.5,C,9.5,C,16.3,C,16.3,C,10.7,V,10.6,E,False,False,13.85,9.4,25.1,31.7,35,38,41,52.0,False,original
2021-12-18,28.5,V,28.5,V,49.0,V,49,V,41.4,C,41.4,C,16.0,C,16.0,C,17.6,C,17.6,C,10.6,V,10.6,V,False,False,13.84,9.6,25.1,31.6,35,38,41,49.0,False,original
2021-12-19,28.5,V,28.5,V,47.0,V,47,V,40.8,C,40.8,C,16.2,C,16.2,C,28.6,C,28.6,C,10.6,V,10.6,V,False,False,13.83,10.3,25.1,31.6,35,38,41,47.0,False,original
2021-12-20,28.5,V,28.5,V,45.0,V,45,V,40.1,C,40.1,C,19.0,C,19.0,C,20.3,C,20.3,C,10.6,V,10.6,V,False,False,13.82,10.6,25.1,31.4,35,38,41,45.0,False,original
2021-12-21,28.5,V,28.5,V,43.0,V,43,V,45.3,C,45.3,C,18.9,C,18.9,C,31.1,C,31.1,C,10.6,V,10.6,V,False,False,13.82,11.0,25.0,31.3,35,38,40,43.0,False,original
2021-12-22,30.0,V,29.8,E,46.0,V,46,V,35.2,C,35.2,C,27.5,C,27.5,C,32.9,C,32.9,C,11.9,V,12.3,E,False,False,13.8,15.9,25.9,32.0,34,37,40,46.0,False,original
2021-12-23,32.2,V,31.9,E,62.0,V,62,V,34.7,C,34.7,C,28.2,C,28.2,C,28.9,C,28.9,C,14.6,V,15.1,E,False,False,13.78,17.0,27.5,33.6,34,37,40,62.0,False,original
2021-12-24,33.3,V,33.6,E,69.0,V,69,V,29.8,C,29.8,C,22.5,C,22.5,C,23.0,C,23.0,C,16.7,V,17.4,E,False,False,13.81,16.5,28.0,34.6,35,37,40,69.0,False,original
2021-12-25,33.4,V,36.2,E,92.0,V,92,V,24.8,C,24.8,C,17.8,C,17.8,C,18.1,C,18.1,C,19.8,V,20.9,E,False,False,13.83,16.0,28.5,35.2,35,37,40,92.0,False,original
2021-12-26,33.5,V,38.0,E,,S,108,E,19.2,C,19.2,C,14.2,C,14.2,C,19.2,C,19.2,C,21.9,V,23.3,E,False,True,13.86,15.4,28.8,35.5,35,37,40,99.5,True,7-day window
2021-12-27,33.6,S,39.8,E,116.0,V,116,V,20.8,C,20.8,C,16.9,C,16.9,C,17.8,C,17.8,C,24.0,V,25.6,E,False,False,13.86,15.2,29.0,35.7,35,37,40,116.0,False,original
2021-12-28,33.6,S,40.1,E,107.0,V,107,V,21.7,C,21.7,C,16.0,C,16.0,C,20.7,C,20.7,C,24.3,V,26.0,E,False,False,13.86,15.1,29.2,35.9,35,37,40,107.0,False,original
2021-12-29,34.0,S,40.7,E,110.0,V,110,V,26.4,C,26.4,C,20.7,C,20.7,C,23.5,C,23.5,C,25.0,V,26.8,E,False,False,13.84,15.1,29.2,36.0,35,37,40,105.0,True,7-day window
2021-12-30,34.4,S,40.8,E,103.0,V,103,V,30.6,C,30.6,C,18.7,C,18.7,C,24.6,C,24.6,C,25.1,V,26.9,E,False,False,13.84,15.0,29.4,36.1,35,37,39,103.0,False,original
2021-12-31,34.4,S,40.9,E,99.0,V,99,V,29.7,C,29.7,C,10.0,C,10.0,C,11.1,C,11.1,C,25.3,V,27.1,E,False,False,13.84,14.8,29.4,36.2,35,37,39,99.0,False,original
2022-01-01,34.4,S,41.0,E,97.0,V,97,V,32.5,C,32.5,C,8.6,C,8.6,C,14.5,C,14.5,C,25.4,V,27.2,E,False,False,13.86,14.8,29.5,36.3,35,37,39,97.0,False,original
2022-01-02,34.5,S,41.0,E,95.0,V,95,V,30.7,C,30.7,C,13.8,C,13.8,C,22.5,C,22.5,C,25.4,V,27.2,E,False,False,13.85,14.8,29.6,36.3,35,37,39,95.0,False,original
2022-01-03,34.5,S,41.1,E,94.0,V,94,V,30.7,C,30.7,C,19.6,C,19.6,C,30.7,C,30.7,C,25.8,V,27.4,E,False,False,13.85,14.7,29.6,36.4,35,37,39,94.0,False,original
2022-01-04,40.3,S,41.2,E,94.0,V,94,V,32.0,C,32.0,C,30.7,C,30.7,C,31.6,C,31.6,C,26.6,V,27.5,E,False,False,13.83,14.7,29.7,36.5,35,37,39,94.0,False,original
2022-01-05,40.2,V,41.2,E,90.0,V,90,V,39.2,C,39.2,C,30.9,C,30.9,C,31.1,C,31.1,C,26.7,V,27.5,E,False,False,13.81,22.5,33.7,38.3,33,35,37,92.0,True,7-day window
2022-01-06,40.2,V,41.2,E,87.0,V,87,V,44.8,C,44.8,C,29.3,C,29.3,C,35.1,C,35.1,C,26.7,V,27.5,E,False,False,13.79,23.3,34.0,38.5,33,35,37,87.0,False,original
2022-01-07,39.8,V,41.2,E,,S,88,E,35.2,C,35.2,C,27.1,C,27.1,C,27.3,C,27.3,C,27.3,V,27.5,E,False,True,13.79,21.2,33.5,38.4,34,35,38,87.0,True,7-day window
2022-01-08,39.8,V,41.2,E,87.0,V,87,V,36.5,C,36.5,C,17.4,C,17.4,C,23.0,C,23.0,C,27.4,V,27.5,E,False,False,13.8,19.3,33.2,38.4,34,36,38,87.0,False,original
2022-01-09,39.8,V,41.2,E,86.0,V,86,V,45.5,C,45.5,C,15.3,C,15.3,C,17.8,C,17.8,C,27.4,V,27.5,E,False,False,13.81,19.4,33.1,38.4,34,36,38,86.0,False,original
2022-01-10,39.8,V,41.2,E,84.0,V,84,V,49.1,C,49.1,C,17.6,C,17.6,C,24.4,C,24.4,C,27.5,V,27.5,V,False,False,13.82,19.7,33.1,38.4,34,36,38,84.0,False,original
2022-01-11,39.7,V,41.2,E,82.0,V,82,V,53.1,C,53.1,C,23.2,C,23.2,C,29.5,C,29.5,C,27.6,V,27.6,V,False,False,13.82,20.5,33.1,38.4,34,36,38,82.0,False,original
2022-01-12,41.2,V,41.2,V,81.0,V,81,V,57.9,C,57.9,C,28.6,C,28.6,C,35.4,C,35.4,C,27.6,V,27.6,V,False,False,13.8,22.8,33.2,38.4,34,36,38,81.0,False,original
2022-01-13,41.1,V,41.2,E,80.0,V,80,V,48.4,C,48.4,C,24.4,C,24.4,C,24.4,C,24.4,C,27.7,V,27.6,E,False,False,13.78,23.5,33.2,38.5,34,36,38,80.0,False,original
2022-01-14,41.2,V,41.2,V,80.0,V,80,V,43.2,C,43.2,C,23.2,C,23.2,C,28.4,C,28.4,C,27.6,V,27.6,V,False,False,13.79,23.7,33.2,38.5,34,36,38,80.0,False,original
2022-01-15,41.1,V,41.2,E,79.0,V,79,V,44.8,C,44.8,C,22.3,C,22.3,C,24.6,C,24.6,C,27.7,V,27.6,E,False,False,13.8,22.4,33.2,38.5,34,36,38,79.0,False,original
2022-01-16,41.2,V,41.2,V,78.0,V,78,V,52.2,C,52.2,C,21.6,C,21.6,C,26.4,C,26.4,C,27.7,V,27.6,E,False,False,13.8,24.4,33.3,38.5,34,36,38,78.0,False,original
2022-01-17,41.2,V,41.2,V,77.0,V,77,V,47.7,C,47.7,C,22.5,C,22.5,C,24.4,C,24.4,C,27.8,V,27.6,E,False,False,13.8,24.2,33.3,38.5,34,35,38,77.0,False,original
2022-01-18,41.2,V,41.2,V,76.0,V,76,V,48.2,C,48.2,C,21.4,C,21.4,C,25.3,C,25.3,C,27.8,V,27.6,E,False,False,13.8,24.9,33.3,38.5,34,35,38,76.0,False,original
2022-01-19,41.2,V,41.2,V,75.0,V,75,V,44.2,C,44.2,C,23.7,C,23.7,C,32.2,C,32.2,C,27.7,V,27.6,E,False,False,13.79,25.4,33.3,38.5,34,35,38,75.0,False,original
2022-01-20,41.2,V,41.2,V,75.0,V,75,V,53.8,C,53.8,C,27.0,C,27.0,C,27.0,C,27.0,C,27.8,V,27.6,E,False,False,13.78,26.3,33.4,38.5,33,35,38,75.0,False,original
2022-01-21,41.2,V,41.2,V,74.0,V,74,V,36.1,C,36.1,C,25.5,C,25.5,C,26.8,C,26.8,C,27.7,V,27.6,E,False,False,13.79,24.8,33.4,38.6,34,35,37,74.0,False,original
2022-01-22,41.2,V,41.2,V,73.0,V,73,V,38.3,C,38.3,C,23.0,C,23.0,C,27.3,C,27.3,C,27.7,V,27.6,E,False,False,13.81,23.1,33.3,38.6,34,35,37,73.0,False,original
2022-01-23,41.2,V,41.2,V,72.0,V,72,V,45.9,C,45.9,C,23.7,C,23.7,C,27.7,C,27.7,C,27.7,V,27.6,E,False,False,13.79,25.5,33.3,38.6,34,35,37,72.0,False,original
2022-01-24,41.2,V,41.2,V,72.0,V,72,V,54.0,C,54.0,C,24.3,C,24.3,C,27.1,C,27.1,C,27.8,V,27.6,E,False,False,13.78,27.0,33.4,38.6,33,35,37,72.0,False,original
2022-01-25,41.2,V,41.2,V,72.0,V,72,V,40.1,C,40.1,C,22.3,C,22.3,C,22.5,C,22.5,C,27.9,V,27.6,E,False,False,13.79,25.7,33.3,38.6,33,35,37,72.0,False,original
2022-01-26,41.2,V,41.2,V,71.0,V,71,V,47.7,C,47.7,C,17.4,C,17.4,C,27.5,C,27.5,C,27.6,V,27.6,V,False,False,13.8,27.2,33.3,38.6,33,35,37,71.0,False,original
2022-01-27,41.2,V,41.2,V,70.0,V,70,V,44.2,C,44.2,C,20.8,C,20.8,C,28.4,C,28.4,C,27.5,V,27.6,E,False,False,13.8,25.8,33.2,38.5,33,35,37,70.0,False,original
2022-01-28,41.2,V,41.2,V,70.0,V,70,V,47.7,C,47.7,C,20.7,C,20.7,C,21.9,C,21.9,C,27.8,V,27.6,E,False,False,13.79,26.9,33.0,38.4,33,35,37,70.0,False,original
2022-01-29,41.2,V,41.2,V,70.0,V,70,V,53.1,C,53.1,C,18.7,C,18.7,C,22.3,C,22.3,C,27.8,V,27.6,E,False,False,13.79,27.7,33.0,38.4,33,35,37,70.0,False,original
2022-01-30,41.2,V,41.2,V,68.0,V,68,V,53.4,C,53.4,C,19.2,C,19.2,C,28.9,C,28.9,C,27.3,V,27.6,E,False,False,13.78,28.1,33.0,38.4,33,35,37,68.0,False,original
2022-01-31,41.2,V,41.2,V,68.0,V,68,V,48.2,C,48.2,C,21.9,C,21.9,C,25.7,C,25.7,C,27.9,V,27.6,E,False,False,13.78,28.0,33.0,38.4,33,35,37,68.0,False,original
2022-02-01,41.2,V,41.2,V,67.0,V,67,V,30.7,C,30.7,C,16.7,C,16.7,C,21.2,C,21.2,C,27.5,V,27.6,E,False,False,13.8,24.4,32.8,38.4,33,35,37,67.0,False,original
2022-02-02,41.3,V,41.2,E,67.0,V,67,V,31.1,C,31.1,C,14.2,C,14.2,C,18.7,C,18.7,C,27.9,V,27.6,E,False,False,13.84,21.8,32.3,38.2,34,35,37,67.0,False,original
2022-02-03,41.2,V,41.2,V,67.0,V,67,V,39.4,C,39.4,C,18.0,C,18.0,C,27.5,C,27.5,C,27.4,V,27.6,E,False,False,13.81,21.0,31.7,37.9,34,35,37,67.0,False,original
2022-02-04,41.2,V,41.2,V,66.0,V,66,V,47.7,C,47.7,C,20.1,C,20.1,C,27.3,C,27.3,C,27.4,V,27.6,E,False,False,13.79,26.7,31.5,37.7,33,35,37,66.0,False,original
2022-02-05,41.2,V,41.2,V,65.0,V,65,V,47.5,C,47.5,C,25.5,C,25.5,C,28.0,C,28.0,C,27.5,V,27.5,V,False,False,13.76,27.9,31.5,37.5,33,35,36,66.0,True,7-day window
2022-02-06,41.2,V,41.2,V,66.0,V,66,V,49.1,C,49.1,C,28.0,C,28.0,C,31.1,C,31.1,C,27.5,V,27.5,V,False,False,13.76,28.4,31.5,37.5,33,35,36,65.0,True,7-day window
2022-02-07,41.2,V,41.2,V,65.0,V,65,V,57.6,C,57.6,C,24.6,C,24.6,C,32.2,C,32.2,C,27.6,V,27.5,E,False,False,13.75,28.8,31.5,37.4,33,35,36,65.0,False,original
2022-02-08,41.2,V,41.2,V,64.0,V,64,V,51.3,C,51.3,C,29.1,C,29.1,C,30.2,C,30.2,C,27.3,V,27.3,V,False,False,13.75,29.1,31.7,37.5,33,35,36,64.0,False,original
2022-02-09,41.2,V,41.2,V,63.0,V,63,V,51.1,C,51.1,C,30.2,C,30.2,C,39.7,C,39.7,C,26.7,V,26.7,V,False,False,13.72,29.6,32.1,37.7,33,34,36,63.0,False,original
2022-02-10,41.2,V,41.2,V,61.0,V,61,V,55.0,C,55.0,C,32.0,C,32.0,C,33.1,C,33.1,C,26.3,V,26.3,V,False,False,13.71,29.8,32.9,38.2,33,34,36,61.0,False,original
2022-02-11,41.2,V,41.2,V,60.0,V,60,V,55.9,C,55.9,C,32.2,C,32.2,C,34.9,C,34.9,C,26.2,V,26.2,V,False,False,13.71,29.9,33.3,38.5,33,34,35,60.0,False,original
2022-02-12,41.2,V,41.2,V,59.0,V,59,V,57.2,C,57.2,C,27.1,C,27.1,C,29.3,C,29.3,C,26.0,V,26.0,V,False,False,13.71,30.0,33.5,38.6,33,34,35,59.0,False,original
2022-02-13,41.2,V,41.2,V,58.0,V,58,V,55.2,C,55.2,C,26.2,C,26.2,C,30.2,C,30.2,C,25.8,V,25.8,V,False,False,13.72,30.0,33.6,38.7,33,34,35,58.0,False,original
2022-02-14,41.2,V,41.2,V,56.0,V,56,V,47.3,C,47.3,C,26.8,C,26.8,C,27.3,C,27.3,C,25.4,V,25.5,E,False,False,13.74,29.7,33.7,38.8,33,34,35,58.0,True,7-day window
2022-02-15,41.3,V,41.4,E,58.0,V,58,V,28.4,C,28.4,C,19.4,C,19.4,C,23.7,C,23.7,C,25.6,V,25.7,E,False,False,13.77,25.9,33.5,38.8,33,34,36,58.0,False,original
2022-02-16,41.3,V,41.4,E,57.0,V,57,V,38.8,C,38.8,C,20.3,C,20.3,C,26.4,C,26.4,C,25.7,V,25.7,V,False,False,13.78,26.4,33.4,38.8,33,34,36,57.0,False,original
2022-02-17,41.4,V,41.4,V,56.0,V,56,V,50.0,C,50.0,C,24.1,C,24.1,C,28.2,C,28.2,C,25.7,V,25.6,E,False,False,13.76,28.6,33.5,38.8,33,34,36,56.0,False,original
2022-02-18,41.4,V,41.4,V,55.0,V,55,V,51.1,C,51.1,C,25.5,C,25.5,C,32.4,C,32.4,C,25.4,V,25.5,E,False,False,13.74,29.0,33.6,38.9,33,34,35,55.0,False,original
2022-02-19,41.4,V,41.4,V,54.0,V,54,V,50.5,C,50.5,C,24.1,C,24.1,C,25.9,C,25.9,C,25.2,V,25.4,E,False,False,13.73,29.2,33.7,38.9,33,34,35,54.0,False,original
2022-02-20,41.4,V,41.4,V,53.0,V,53,V,43.9,C,43.9,C,24.3,C,24.3,C,27.3,C,27.3,C,25.1,V,25.3,E,False,False,13.75,28.7,33.7,39.0,33,34,35,53.0,False,original
2022-02-21,41.7,V,42.0,E,62.0,V,62,V,28.9,C,28.9,C,18.7,C,18.7,C,20.7,C,20.7,C,25.7,V,25.9,E,False,False,13.78,25.2,33.6,38.9,33,34,35,62.0,False,original
2022-02-22,42.3,V,42.3,V,64.0,V,64,V,24.1,C,24.1,C,12.0,C,12.0,C,12.4,C,12.4,C,26.2,V,26.2,V,False,False,13.85,23.3,33.5,38.9,33,34,36,64.0,False,original
2022-02-23,42.5,V,42.5,V,64.0,V,64,V,23.9,C,23.9,C,2.7,C,2.7,C,2.7,C,2.7,C,26.2,V,26.3,E,False,False,13.85,22.2,33.4,38.9,33,35,36,64.0,False,original
2022-02-24,42.7,V,42.5,E,61.0,V,61,V,34.0,C,34.0,C,1.2,C,1.2,C,10.6,C,10.6,C,26.3,V,26.3,V,False,False,13.86,21.9,33.3,38.9,33,35,36,61.0,False,original
2022-02-25,42.7,V,42.5,E,60.0,V,60,V,36.1,C,36.1,C,5.7,C,5.7,C,16.9,C,16.9,C,26.4,V,26.3,E,False,False,13.84,21.5,33.3,38.9,33,35,36,60.0,False,original
2022-02-26,42.5,V,42.5,V,59.0,V,59,V,49.5,C,49.5,C,10.9,C,10.9,C,28.2,C,28.2,C,26.4,V,26.3,E,False,False,13.81,22.2,33.3,38.9,33,35,36,59.0,False,original
2022-02-27,42.5,V,42.5,V,56.0,V,56,V,49.6,C,49.6,C,23.4,C,23.4,C,26.8,C,26.8,C,26.2,V,26.2,V,False,False,13.76,28.0,33.4,38.9,33,35,36,56.0,False,original
2022-02-28,42.5,V,42.5,V,55.0,V,55,V,55.6,C,55.6,C,23.9,C,23.9,C,29.7,C,29.7,C,26.0,V,26.0,V,False,False,13.73,29.2,33.7,39.0,33,34,36,55.0,False,original
2022-03-01,42.5,V,42.5,V,53.0,V,53,V,55.0,C,55.0,C,28.0,C,28.0,C,32.2,C,32.2,C,25.6,V,25.6,V,False,False,13.71,29.6,33.9,39.1,33,34,35,53.0,False,original
2022-03-02,42.5,V,42.5,V,53.0,V,53,V,53.6,C,53.6,C,28.9,C,28.9,C,29.7,C,29.7,C,25.3,V,25.3,V,False,False,13.71,29.8,34.0,39.2,33,34,35,53.0,False,original
2022-03-03,42.5,V,42.5,V,52.0,V,52,V,47.5,C,47.5,C,27.1,C,27.1,C,32.5,C,32.5,C,24.9,V,24.9,V,False,False,13.75,28.3,33.9,39.2,33,34,35,52.0,False,original
2022-03-04,42.9,V,42.9,V,,S,55,E,34.7,C,34.7,C,17.8,C,17.8,C,17.8,C,17.8,C,25.4,V,25.4,V,False,True,13.77,25.5,33.9,39.2,33,34,35,53.5,True,7-day window
2022-03-05,43.1,V,43.1,V,54.0,V,54,V,28.4,C,28.4,C,17.2,C,17.2,C,20.8,C,20.8,C,25.6,V,25.7,E,False,False,13.82,24.2,33.8,39.2,33,34,35,54.0,False,original
2022-03-06,43.1,V,43.1,V,54.0,V,54,V,37.8,C,37.8,C,13.6,C,13.6,C,24.6,C,24.6,C,25.7,V,25.7,V,False,False,13.79,25.6,33.7,39.2,33,34,35,54.0,False,original
2022-03-07,43.1,V,43.1,V,54.0,V,54,V,38.3,C,38.3,C,19.0,C,19.0,C,23.9,C,23.9,C,25.8,V,25.8,V,False,False,13.79,27.3,33.8,39.2,33,34,35,54.0,False,original
2022-03-08,43.1,V,43.1,V,53.0,V,53,V,45.0,C,45.0,C,21.9,C,21.9,C,26.2,C,26.2,C,25.8,V,25.8,V,False,False,13.77,28.0,33.9,39.2,33,34,35,53.0,False,original
2022-03-09,43.2,V,43.2,V,,S,52,E,41.9,C,41.9,C,23.4,C,23.4,C,28.0,C,28.0,C,25.6,V,25.9,E,False,True,13.77,27.3,33.9,39.2,33,34,35,53.0,True,7-day window
2022-03-10,43.2,V,43.2,V,53.0,V,53,V,36.9,C,36.9,C,15.6,C,15.6,C,25.5,C,25.5,C,25.9,V,25.9,V,False,False,13.78,27.0,33.8,39.2,33,34,35,53.0,False,original
2022-03-11,43.2,V,43.2,V,51.0,V,51,V,52.3,C,52.3,C,21.9,C,21.9,C,27.7,C,27.7,C,25.3,V,25.7,E,False,False,13.74,27.6,33.9,39.2,33,35,35,51.0,False,original
2022-03-12,43.2,V,43.2,V,50.0,V,50,V,46.2,C,46.2,C,24.4,C,24.4,C,30.0,C,30.0,C,24.8,V,25.5,E,False,False,13.73,26.7,34.0,39.3,36,36,35,50.0,False,original
2022-03-13,43.3,V,43.2,E,50.0,V,50,V,36.7,C,36.7,C,25.9,C,25.9,C,25.9,C,25.9,C,25.3,V,25.3,V,False,False,13.78,24.9,33.9,39.3,34,36,35,50.0,False,original
2022-03-14,43.4,V,43.4,V,48.0,V,48,V,50.0,C,50.0,C,23.4,C,23.4,C,36.7,C,36.7,C,24.4,V,25.0,E,False,False,13.75,25.2,33.9,39.2,38,36,35,50.0,True,7-day window
2022-03-15,44.1,V,44.1,V,50.0,V,50,V,41.9,C,41.9,C,32.2,C,32.2,C,33.6,C,33.6,C,25.2,V,25.2,V,False,False,13.75,28.1,35.0,40.4,36,36,35,49.0,True,7-day window
2022-03-16,44.1,V,44.1,V,49.0,V,49,V,49.5,C,49.5,C,27.0,C,27.0,C,27.0,C,27.0,C,24.6,V,24.6,V,False,False,13.72,25.9,34.8,40.3,41,38,36,49.0,False,original
2022-03-17,44.1,V,44.1,V,48.0,V,48,V,44.2,C,44.2,C,26.6,C,26.6,C,27.0,C,27.0,C,24.2,V,24.2,V,False,False,13.74,25.0,34.7,40.3,39,38,36,48.0,False,original
2022-03-18,44.1,V,44.1,V,47.0,V,47,V,51.1,C,51.1,C,23.4,C,23.4,C,31.1,C,31.1,C,23.4,V,23.7,E,False,False,13.72,24.9,34.8,40.2,42,39,36,47.0,False,original
2022-03-19,44.4,V,44.4,V,51.0,V,51,V,36.7,C,36.7,C,24.3,C,24.3,C,27.3,C,27.3,C,23.8,V,24.0,E,False,False,13.75,24.5,34.7,40.0,37,38,37,48.0,True,7-day window
2022-03-20,44.5,V,44.5,V,48.0,V,48,V,44.4,C,44.4,C,20.5,C,20.5,C,28.6,C,28.6,C,24.1,V,24.1,V,False,False,13.76,25.3,34.6,39.9,39,38,37,47.0,True,7-day window
2022-03-21,44.6,V,44.6,V,45.0,V,45,V,53.1,C,53.1,C,25.5,C,25.5,C,40.6,C,40.6,C,22.9,V,22.9,V,False,False,13.71,24.6,34.7,40.0,43,40,37,45.0,False,original
2022-03-22,44.6,V,44.6,V,43.0,V,43,V,57.4,C,57.4,C,37.0,C,37.0,C,37.0,C,37.0,C,21.9,V,21.9,V,False,False,13.65,25.0,34.9,40.3,46,42,37,43.0,False,original
2022-03-23,44.6,V,44.6,V,41.0,V,41,V,58.1,C,58.1,C,32.2,C,32.2,C,33.8,C,33.8,C,20.5,V,20.5,V,False,False,13.65,25.2,35.0,40.4,47,43,38,41.0,False,original
2022-03-24,44.7,V,44.7,V,39.0,V,39,V,60.8,C,60.8,C,31.8,C,31.8,C,35.2,C,35.2,C,19.2,V,19.2,V,False,False,13.65,25.2,35.0,40.5,48,44,38,39.0,False,original
2022-03-25,44.7,V,44.7,V,37.0,V,37,V,59.0,C,59.0,C,33.6,C,33.6,C,36.3,C,36.3,C,18.0,V,18.0,V,False,False,13.63,25.3,35.1,40.5,48,45,39,37.0,False,original
2022-03-26,44.7,V,44.7,V,35.0,V,35,V,57.7,C,57.7,C,32.7,C,32.7,C,35.2,C,35.2,C,17.1,V,17.1,V,False,False,13.65,25.3,35.1,40.5,47,45,39,35.0,False,original
2022-03-27,44.7,V,44.7,V,34.0,V,34,V,53.8,C,53.8,C,34.9,C,34.9,C,36.1,C,36.1,C,16.6,V,16.6,V,False,False,13.66,25.2,35.2,40.5,47,45,40,34.0,False,original
2022-03-28,44.7,V,44.8,E,,S,35,E,38.3,C,38.3,C,27.5,C,27.5,C,28.0,C,28.0,C,16.5,V,16.5,V,False,True,13.71,24.7,35.0,40.4,42,43,40,33.0,True,7-day window
2022-03-29,44.8,V,44.8,V,32.0,V,32,V,50.2,C,50.2,C,27.9,C,27.9,C,32.0,C,32.0,C,15.9,V,15.9,V,False,False,13.7,24.6,35.0,40.2,45,43,40,32.0,False,original
2022-03-30,44.8,V,44.8,V,31.0,V,31,V,46.9,C,46.9,C,29.3,C,29.3,C,29.8,C,29.8,C,15.3,V,15.3,V,False,False,13.69,24.6,35.1,40.2,43,43,40,31.0,False,original
2022-03-31,44.8,V,44.8,V,30.0,V,30,V,51.4,C,51.4,C,28.0,C,28.0,C,33.3,C,33.3,C,14.4,V,14.4,V,False,False,13.68,24.7,35.1,40.2,45,43,40,28.5,True,7-day window
2022-04-01,44.8,V,44.8,V,27.0,V,27,V,55.4,C,55.4,C,29.5,C,29.5,C,32.7,C,32.7,C,13.5,V,13.5,V,False,False,13.66,24.8,35.2,40.3,47,44,40,27.0,False,original
2022-04-02,44.9,V,44.9,V,26.0,V,26,V,55.4,C,55.4,C,29.3,C,29.3,C,34.2,C,34.2,C,12.6,V,12.6,V,False,False,13.63,24.7,35.2,40.3,47,44,40,26.0,False,original
2022-04-03,44.9,V,44.9,V,24.0,V,24,V,54.0,C,54.0,C,28.2,C,28.2,C,33.1,C,33.1,C,12.0,V,12.0,V,False,False,13.66,24.6,35.1,40.2,46,44,40,24.0,False,original
2022-04-04,44.9,V,44.9,V,22.0,V,22,V,47.8,C,47.8,C,32.0,C,32.0,C,37.4,C,37.4,C,11.0,V,11.0,V,False,False,13.7,24.4,35.1,40.2,44,43,41,22.0,False,original
2022-04-05,44.9,V,44.9,V,22.0,V,21,E,55.4,C,55.4,C,33.1,C,33.1,C,34.2,C,34.2,C,10.3,V,10.3,V,False,False,13.64,24.5,35.1,40.2,47,44,41,22.0,False,original
2022-04-06,44.9,V,44.9,V,19.0,V,19,V,61.9,C,61.9,C,29.3,C,29.3,C,38.5,C,38.5,C,9.1,V,9.1,V,False,False,13.64,24.3,35.1,40.2,48,45,41,19.0,False,original
2022-04-07,44.9,V,44.9,V,16.0,V,16,V,67.5,C,67.5,C,33.3,C,33.3,C,37.0,C,37.0,C,7.9,V,7.9,V,False,False,13.61,24.2,35.1,40.2,49,45,41,16.0,False,original
2022-04-08,44.9,V,44.9,V,15.0,V,15,V,60.8,C,60.8,C,34.2,C,34.2,C,35.4,C,35.4,C,6.9,V,6.9,V,False,False,13.62,24.2,35.1,40.2,48,45,41,15.0,False,original
2022-04-09,44.9,V,44.9,V,12.0,V,12,V,54.7,C,54.7,C,30.2,C,30.2,C,30.4,C,30.4,C,6.2,V,6.2,V,False,False,13.63,24.3,35.1,40.2,47,45,42,12.0,False,original
2022-04-10,44.8,V,44.9,E,10.0,V,10,V,48.4,C,48.4,C,26.8,C,26.8,C,30.7,C,30.7,C,5.4,V,5.4,V,False,False,13.69,24.0,35.1,40.1,45,44,42,10.0,False,original
2022-04-11,45.7,V,45.7,V,19.0,V,19,V,31.8,C,31.8,C,14.4,C,14.4,C,14.4,C,14.4,C,5.8,V,6.1,E,False,False,13.73,23.9,35.0,40.1,41,43,42,19.0,False,original
2022-04-12,45.7,V,45.7,V,18.0,V,18,V,27.3,C,27.3,C,9.1,C,9.1,C,21.0,C,21.0,C,6.0,V,6.1,E,False,False,13.83,23.6,34.9,40.1,39,41,42,18.0,False,original
2022-04-13,45.9,V,45.9,V,16.0,V,16,V,35.1,C,35.1,C,19.6,C,19.6,C,25.3,C,25.3,C,6.1,V,6.3,E,False,False,13.82,23.7,34.9,40.0,38,40,41,16.0,False,original
2022-04-14,47.1,V,47.6,E,32.0,V,32,V,31.1,C,31.1,C,25.3,C,25.3,C,30.4,C,30.4,C,8.0,V,8.0,V,False,False,13.81,23.5,34.8,40.0,37,39,41,32.0,False,original
2022-04-15,48.5,V,48.5,V,26.0,V,26,V,39.9,C,39.9,C,30.4,C,30.4,C,33.6,C,33.6,C,8.8,V,8.9,E,False,False,13.77,27.4,35.0,40.1,35,38,40,26.0,False,original
2022-04-16,49.8,V,49.8,V,31.0,V,31,V,34.7,C,34.7,C,30.0,C,30.0,C,32.2,C,32.2,C,10.2,V,10.2,V,False,False,13.78,29.7,35.3,40.1,34,37,39,31.0,False,original
2022-04-17,49.8,V,49.8,V,26.0,V,26,V,49.5,C,49.5,C,28.0,C,28.0,C,28.0,C,28.0,C,9.8,V,9.8,V,False,False,13.74,29.1,35.3,40.2,34,37,39,26.0,False,original
2022-04-18,49.8,V,49.8,V,21.0,V,21,V,46.9,C,46.9,C,26.4,C,26.4,C,34.3,C,34.3,C,9.4,V,9.4,V,False,False,13.75,28.9,35.4,40.2,34,36,38,21.0,False,original
2022-04-19,50.6,V,50.6,V,26.0,V,26,V,35.2,C,35.2,C,29.5,C,29.5,C,30.6,C,30.6,C,10.3,V,10.2,E,False,False,13.77,25.9,35.2,40.1,35,36,38,26.0,False,original
2022-04-20,51.0,V,51.0,V,,S,27,E,41.7,C,41.7,C,28.2,C,28.2,C,31.1,C,31.1,C,10.2,V,10.6,E,False,True,13.76,27.9,35.2,40.1,34,36,38,30.0,True,7-day window
2022-04-21,53.5,V,53.6,E,49.0,V,49,V,31.5,C,31.5,C,25.7,C,25.7,C,25.9,C,25.9,C,13.2,V,13.2,V,False,False,13.78,25.4,35.1,40.1,35,36,38,32.0,True,7-day window
2022-04-22,53.9,V,53.9,V,41.0,V,41,V,36.1,C,36.1,C,19.8,C,19.8,C,27.0,C,27.0,C,13.5,V,13.5,V,False,False,13.79,26.1,34.9,40.0,35,36,38,41.0,False,original
2022-04-23,53.9,V,53.9,V,34.0,V,34,V,44.4,C,44.4,C,24.4,C,24.4,C,28.6,C,28.6,C,13.3,V,13.3,V,False,False,13.77,29.3,35.2,40.1,34,36,38,34.0,False,original
2022-04-24,53.9,V,53.9,V,30.0,V,30,V,53.4,C,53.4,C,25.7,C,25.7,C,29.1,C,29.1,C,12.7,V,12.7,V,False,False,13.74,29.5,35.3,40.1,34,35,37,30.0,False,original
2022-04-25,53.9,V,53.9,V,27.0,V,27,V,53.1,C,53.1,C,27.7,C,27.7,C,34.0,C,34.0,C,12.0,V,12.0,V,False,False,13.73,30.0,35.7,40.2,34,35,37,27.0,False,original
2022-04-26,53.9,V,53.9,V,25.0,V,25,V,52.2,C,52.2,C,30.0,C,30.0,C,30.0,C,30.0,C,11.0,V,11.0,V,False,False,13.71,30.4,36.1,40.5,33,35,37,25.0,False,original
2022-04-27,53.9,V,53.9,V,21.0,V,23,E,50.5,C,50.5,C,28.6,C,28.6,C,35.1,C,35.1,C,10.3,V,10.3,V,False,False,13.72,30.0,36.2,40.5,33,35,36,21.0,False,original
2022-04-28,53.9,V,53.9,V,21.0,V,21,V,41.7,C,41.7,C,26.8,C,26.8,C,26.8,C,26.8,C,9.7,V,9.7,V,False,False,13.74,28.8,35.9,40.5,33,35,36,21.0,False,original
2022-04-29,53.9,V,53.9,V,19.0,V,19,V,56.8,C,56.8,C,24.8,C,24.8,C,32.9,C,32.9,C,8.8,V,8.8,V,False,False,13.71,30.7,36.2,40.4,33,35,36,19.0,False,original
2022-04-30,54.0,V,54.0,V,16.0,V,16,V,50.9,C,50.9,C,30.9,C,30.9,C,37.0,C,37.0,C,7.9,V,7.9,V,False,False,13.71,30.3,36.2,40.4,36,35,36,16.0,False,original
2022-05-01,54.0,V,54.0,V,13.0,V,14,E,51.6,C,51.6,C,30.6,C,30.6,C,30.6,C,30.6,C,7.0,V,7.0,V,False,False,13.68,28.2,36.0,40.4,40,37,36,14.0,True,7-day window
2022-05-02,53.9,V,54.0,E,14.0,V,13,E,43.5,C,43.5,C,27.5,C,27.5,C,29.5,C,29.5,C,6.6,V,6.6,V,False,False,13.71,26.9,35.8,40.4,38,38,36,13.0,True,7-day window
2022-05-03,54.0,V,54.0,V,10.0,V,11,E,55.9,C,55.9,C,25.7,C,25.7,C,41.2,C,41.2,C,5.5,V,5.5,V,False,False,13.69,26.6,35.7,40.3,41,38,37,10.0,False,original
2022-05-04,54.0,V,54.0,V,6.0,V,8,E,64.6,C,64.6,C,37.8,C,37.8,C,37.8,C,37.8,C,4.1,V,4.1,V,False,False,13.63,26.5,35.8,40.3,44,40,37,6.0,False,original
2022-05-05,54.0,V,54.0,V,2.0,V,5,E,53.8,C,53.8,C,36.3,C,36.3,C,39.0,C,39.0,C,2.6,V,2.6,V,False,False,13.66,26.1,35.7,40.3,43,41,38,2.0,False,original
2022-05-06,54.0,V,54.0,V,1.0,V,3,E,51.4,C,51.4,C,38.7,C,38.7,C,38.8,C,38.8,C,1.6,V,1.6,V,False,False,13.67,25.9,35.7,40.3,42,41,38,1.0,False,original
2022-05-07,54.0,V,54.0,V,1.0,V,1,V,46.4,C,46.4,C,34.0,C,34.0,C,34.0,C,34.0,C,0.3,V,0.5,E,False,False,13.68,25.5,35.6,40.3,43,41,38,1.0,False,original
2022-05-08,54.4,V,54.4,V,,S,5,E,34.3,C,34.3,C,21.2,C,21.2,C,21.2,C,21.2,C,0.9,V,0.9,V,False,True,13.72,25.1,35.5,40.2,38,40,39,1.5,True,7-day window
2022-05-09,55.0,V,55.0,V,,S,9,E,28.6,C,28.6,C,20.1,C,20.1,C,21.6,C,21.6,C,1.4,V,1.4,V,False,True,13.82,24.7,35.3,40.2,37,38,39,2.0,True,7-day window
2022-05-10,55.1,V,55.1,V,,S,6,E,30.0,C,30.0,C,14.2,C,14.2,C,19.0,C,19.0,C,1.5,V,1.5,V,False,True,13.87,24.3,35.1,40.1,36,38,38,2.0,True,7-day window
2022-05-11,55.1,V,55.1,V,4.0,V,4,V,39.7,C,39.7,C,16.5,C,16.5,C,27.5,C,27.5,C,1.4,V,1.4,V,False,False,13.85,24.5,35.0,40.1,36,37,38,4.0,False,original
2022-05-12,55.2,V,55.1,E,3.0,V,2,E,45.9,C,45.9,C,23.4,C,23.4,C,29.7,C,29.7,C,0.8,V,0.8,V,False,False,13.8,28.2,35.3,40.1,35,37,38,3.0,False,original
2022-05-13,55.1,V,55.1,V,0.0,V,0,V,56.1,C,56.1,C,27.5,C,27.5,C,34.3,C,34.3,C,0.2,V,0.0,E,False,False,13.72,28.4,35.6,40.2,37,36,38,0.0,False,original
2022-05-14,55.1,V,55.1,V,,V,0,E,67.1,C,67.1,C,32.0,C,32.0,C,39.4,C,39.4,C,0.2,V,0.0,E,False,True,13.64,25.8,35.4,40.1,44,39,38,2.0,True,7-day window
2022-05-15,55.1,V,55.1,V,,V,0,E,65.3,C,65.3,C,37.2,C,37.2,C,41.7,C,41.7,C,0.2,V,0.0,E,False,True,13.6,25.3,35.4,40.1,46,41,38,1.0,True,7-day window
2022-05-16,55.1,V,55.1,V,1.0,V,0,E,62.4,C,62.4,C,34.5,C,34.5,C,34.5,C,34.5,C,0.2,V,0.0,E,False,False,13.62,24.7,35.3,40.1,46,42,38,1.0,False,original
2022-05-17,55.1,V,55.1,V,,V,0,E,67.3,C,67.3,C,32.5,C,32.5,C,40.3,C,40.3,C,0.2,V,0.0,E,False,True,13.6,24.4,35.2,40.1,48,43,39,3.0,True,7-day window
2022-05-18,55.1,V,55.1,V,,V,0,E,73.0,C,73.0,C,37.2,C,37.2,C,41.9,C,41.9,C,0.1,V,0.0,E,False,True,13.57,24.1,35.1,40.1,49,44,39,2.0,True,7-day window
2022-05-19,55.0,V,55.1,E,3.0,V,0,E,63.3,C,63.3,C,34.9,C,34.9,C,36.3,C,36.3,C,0.1,V,0.0,E,False,False,13.58,23.9,35.1,40.1,48,45,40,3.0,False,original
2022-05-20,55.0,V,55.1,E,3.0,V,0,E,49.8,C,49.8,C,27.5,C,27.5,C,36.5,C,36.5,C,0.2,V,0.0,E,False,False,13.64,23.5,34.9,40.0,46,44,40,3.0,False,original
2022-05-21,55.0,V,55.1,E,0.0,V,0,V,59.4,C,59.4,C,30.7,C,30.7,C,36.3,C,36.3,C,0.2,V,0.0,E,False,False,13.63,23.2,34.8,40.0,47,44,41,0.0,False,original
2022-05-22,55.1,V,55.1,V,,V,0,E,63.5,C,63.5,C,32.4,C,32.4,C,41.0,C,41.0,C,0.1,V,0.0,E,False,True,13.61,22.9,34.7,40.0,48,44,41,3.0,True,7-day window
2022-05-23,55.1,V,55.1,V,,V,0,E,68.4,C,68.4,C,37.9,C,37.9,C,47.5,C,47.5,C,0.1,V,0.0,E,False,True,13.58,22.7,34.6,39.9,49,45,41,1.0,True,31-day fallback window
2022-05-24,55.1,V,55.1,V,,V,0,E,72.3,C,72.3,C,40.1,C,40.1,C,46.8,C,46.8,C,0.1,V,0.0,E,False,True,13.55,22.5,34.5,39.9,50,46,41,1.0,True,31-day fallback window
2022-05-25,55.1,V,55.1,V,,V,0,E,75.0,C,75.0,C,43.5,C,43.5,C,46.8,C,46.8,C,0.1,V,0.0,E,False,True,13.51,22.3,34.5,39.9,52,47,42,1.0,True,31-day fallback window
2022-05-26,55.1,V,55.1,V,,V,0,E,71.8,C,71.8,C,43.5,C,43.5,C,43.7,C,43.7,C,0.1,V,0.0,E,False,True,13.54,22.1,34.4,39.9,51,47,42,1.0,True,31-day fallback window
2022-05-27,55.1,V,55.1,V,,V,0,E,65.3,C,65.3,C,38.5,C,38.5,C,44.8,C,44.8,C,0.1,V,0.0,E,False,True,13.58,22.0,34.4,39.9,50,47,42,0.0,True,7-day window
2022-05-28,55.4,V,55.4,V,0.0,V,0,V,49.3,C,49.3,C,36.7,C,36.7,C,37.2,C,37.2,C,0.2,V,0.0,E,False,False,13.61,28.1,34.7,39.9,44,46,43,0.0,False,original
2022-05-29,55.4,V,55.4,V,0.0,V,0,V,51.8,C,51.8,C,34.5,C,34.5,C,36.0,C,36.0,C,0.2,V,0.0,E,False,False,13.65,23.0,34.5,39.9,46,45,43,0.0,False,original
2022-05-30,55.4,V,55.4,V,1.0,V,0,E,52.9,C,52.9,C,30.4,C,30.4,C,37.2,C,37.2,C,0.2,V,0.0,E,False,False,13.65,22.3,34.4,39.9,45,45,42,0.0,True,7-day window
2022-05-31,55.4,V,55.4,V,0.0,V,0,V,63.0,C,63.0,C,32.5,C,32.5,C,40.8,C,40.8,C,0.1,V,0.0,E,False,False,13.61,22.0,34.3,39.8,47,45,42,0.0,False,original
2022-06-01,55.5,V,55.5,V,,V,0,E,68.5,C,68.5,C,36.0,C,36.0,C,43.2,C,43.2,C,0.1,V,0.0,E,False,True,13.57,21.6,34.1,39.8,49,46,42,0.0,True,7-day window
2022-06-02,55.5,V,55.5,V,,V,0,E,67.3,C,67.3,C,41.7,C,41.7,C,43.2,C,43.2,C,0.1,V,0.0,E,False,True,13.57,21.2,33.6,39.7,49,46,43,0.0,True,31-day fallback window
2022-06-03,55.5,V,55.5,V,,V,0,E,62.8,C,62.8,C,42.6,C,42.6,C,48.2,C,48.2,C,0.1,V,0.0,E,False,True,13.57,20.2,32.8,39.4,50,47,43,0.0,True,31-day fallback window
2022-06-04,55.6,V,55.5,E,,V,0,E,52.2,C,52.2,C,38.3,C,38.3,C,42.1,C,42.1,C,0.2,V,0.0,E,False,True,13.59,19.4,31.9,39.0,47,46,43,0.0,True,31-day fallback window
2022-06-05,56.4,V,56.3,E,,V,0,E,52.9,C,52.9,C,41.7,C,41.7,C,43.2,C,43.2,C,0.1,V,0.0,E,False,True,13.61,25.9,34.9,39.5,49,48,44,0.0,True,31-day fallback window
2022-06-06,56.3,V,56.3,V,2.0,V,0,E,64.9,C,64.9,C,36.9,C,36.9,C,38.3,C,38.3,C,0.1,V,0.0,E,False,False,13.58,22.6,34.0,39.4,50,47,44,2.0,False,original
2022-06-07,56.3,V,56.3,V,,V,0,E,71.8,C,71.8,C,36.0,C,36.0,C,45.9,C,45.9,C,0.1,V,0.0,E,False,True,13.56,21.5,33.5,39.3,51,47,44,0.0,True,31-day fallback window
2022-06-08,56.3,V,56.3,V,,V,0,E,72.0,C,72.0,C,43.7,C,43.7,C,48.7,C,48.7,C,0.1,V,0.0,E,False,True,13.53,20.1,32.2,39.1,52,48,44,0.0,True,31-day fallback window
2022-06-09,56.3,V,56.3,V,,V,0,E,77.5,C,77.5,C,46.2,C,46.2,C,50.9,C,50.9,C,0.0,V,0.0,V,False,True,13.49,19.0,31.1,38.5,54,49,44,0.0,True,31-day fallback window
2022-06-10,56.3,V,56.3,V,,V,0,E,77.7,C,77.7,C,48.4,C,48.4,C,52.2,C,52.2,C,0.0,V,0.0,V,False,True,13.48,17.7,30.0,37.8,55,51,45,0.0,True,31-day fallback window
2022-06-11,56.3,V,56.3,V,,V,0,E,73.2,C,73.2,C,48.2,C,48.2,C,57.2,C,57.2,C,0.0,V,0.0,V,False,True,13.48,16.9,29.2,36.9,56,51,45,0.0,True,31-day fallback window
2022-06-12,57.2,V,57.2,V,,V,0,E,57.6,C,57.6,C,43.7,C,43.7,C,43.7,C,43.7,C,0.1,V,0.0,E,False,True,13.51,23.3,32.7,37.9,52,52,47,0.0,True,31-day fallback window
2022-06-13,57.1,V,57.2,E,0.0,V,0,V,56.8,C,56.8,C,38.5,C,38.5,C,41.0,C,41.0,C,0.1,V,0.0,E,False,False,13.6,20.3,32.4,38.2,51,50,47,0.0,False,original
2022-06-14,57.1,V,57.2,E,,V,0,E,65.5,C,65.5,C,36.3,C,36.3,C,46.9,C,46.9,C,0.1,V,0.0,E,False,True,13.59,19.1,31.4,37.8,51,49,46,0.0,True,31-day fallback window
2022-06-15,57.2,V,57.2,V,,V,0,E,74.7,C,74.7,C,41.2,C,41.2,C,52.7,C,52.7,C,0.1,V,0.0,E,False,True,13.54,18.0,30.1,37.2,54,50,46,0.0,True,7-day window
2022-06-16,57.2,V,57.2,V,,V,0,E,68.2,C,68.2,C,48.2,C,48.2,C,48.4,C,48.4,C,0.0,V,0.0,V,False,True,13.54,16.9,29.0,36.5,53,50,46,0.0,True,7-day window
2022-06-17,57.1,V,57.2,E,0.0,V,0,V,52.7,C,52.7,C,37.2,C,37.2,C,37.4,C,37.4,C,0.0,V,0.0,V,False,False,13.58,16.1,28.2,35.7,50,49,46,0.0,False,original
2022-06-18,57.1,V,57.2,E,0.0,V,0,V,50.5,C,50.5,C,32.4,C,32.4,C,32.5,C,32.5,C,0.1,V,0.0,E,False,False,13.65,15.5,27.7,35.0,47,48,46,0.0,False,original
2022-06-19,57.1,V,57.2,E,0.0,V,0,V,59.7,C,59.7,C,32.0,C,32.0,C,40.1,C,40.1,C,0.1,V,0.0,E,False,False,13.63,15.2,27.1,34.3,49,47,46,0.0,False,original
2022-06-20,57.2,V,57.2,V,1.0,V,0,E,65.7,C,65.7,C,38.1,C,38.1,C,53.8,C,53.8,C,0.1,V,0.0,E,False,False,13.59,14.7,26.5,33.6,50,48,46,0.0,True,7-day window
2022-06-21,57.2,V,57.2,V,0.0,V,0,V,74.1,C,74.1,C,49.3,C,49.3,C,57.4,C,57.4,C,0.1,V,0.0,E,False,False,13.53,14.1,25.8,32.8,53,49,46,0.0,False,original
2022-06-22,57.2,V,57.2,V,,V,0,E,76.3,C,76.3,C,50.4,C,50.4,C,55.8,C,55.8,C,0.1,V,0.0,E,False,True,13.51,13.5,25.2,32.2,54,50,46,0.0,True,7-day window
2022-06-23,57.4,V,57.4,V,,V,0,E,71.1,C,71.1,C,48.2,C,48.2,C,48.4,C,48.4,C,0.1,V,0.0,E,False,True,13.52,12.8,24.8,31.7,53,51,46,0.0,True,31-day fallback window
2022-06-24,57.3,V,57.4,E,,V,0,E,77.7,C,77.7,C,45.0,C,45.0,C,52.3,C,52.3,C,0.1,V,0.0,E,False,True,13.5,12.5,24.3,31.0,56,51,47,0.0,True,31-day fallback window
2022-06-25,57.6,V,57.6,V,,V,0,E,81.7,C,81.7,C,46.2,C,46.2,C,51.1,C,51.1,C,0.1,V,0.0,E,False,True,13.51,11.9,24.0,30.6,54,51,47,0.0,True,31-day fallback window
2022-06-26,57.6,V,57.6,V,,V,0,E,80.6,C,80.6,C,48.7,C,48.7,C,52.3,C,52.3,C,0.0,V,0.0,V,False,True,13.48,11.7,23.6,30.1,56,52,47,0.0,True,31-day fallback window
2022-06-27,57.6,V,57.6,V,0.0,V,0,V,81.0,C,81.0,C,49.8,C,49.8,C,50.2,C,50.2,C,0.0,V,0.0,V,False,False,13.48,11.4,23.1,29.6,57,53,47,0.0,False,original
2022-06-28,57.6,V,57.6,V,,V,0,E,75.6,C,75.6,C,46.6,C,46.6,C,52.2,C,52.2,C,0.0,V,0.0,V,False,True,13.49,10.9,22.5,29.1,57,53,48,0.0,True,31-day fallback window
2022-06-29,57.6,V,57.6,V,,V,0,E,75.7,C,75.7,C,49.3,C,49.3,C,50.5,C,50.5,C,0.0,V,0.0,V,False,True,13.36,10.4,22.1,28.7,57,53,48,0.0,True,7-day window
2022-06-30,57.6,V,57.6,V,,V,0,E,74.1,C,74.1,C,48.6,C,48.6,C,49.1,C,49.1,C,0.0,V,0.0,V,False,True,13.49,10.0,21.7,28.3,57,53,48,0.0,True,7-day window
2022-07-01,57.5,V,57.6,E,0.0,V,0,V,75.2,C,75.2,C,45.0,C,45.0,C,48.2,C,48.2,C,0.0,V,0.0,V,False,False,13.51,9.5,21.3,27.8,57,53,48,0.0,False,original
2022-07-02,57.5,V,57.6,E,0.0,V,0,V,70.3,C,70.3,C,44.8,C,44.8,C,45.7,C,45.7,C,0.0,V,0.0,V,False,False,13.52,9.1,20.9,27.4,56,53,49,0.0,False,original
2022-07-03,57.6,V,57.6,V,0.0,V,0,V,63.7,C,63.7,C,41.0,C,41.0,C,45.9,C,45.9,C,0.1,V,0.0,E,False,False,13.56,8.7,20.7,27.1,55,53,49,0.0,False,original
2022-07-04,57.6,V,57.6,V,,V,0,E,64.8,C,64.8,C,40.6,C,40.6,C,52.2,C,52.2,C,0.1,V,0.0,E,False,True,13.56,8.5,20.5,26.8,54,52,49,0.0,True,7-day window
2022-07-05,57.6,V,57.6,V,,V,0,E,64.6,C,64.6,C,47.3,C,47.3,C,54.7,C,54.7,C,0.1,V,0.0,E,False,True,13.53,8.3,20.6,26.6,55,53,49,0.0,True,7-day window
2022-07-06,57.6,V,57.6,V,,V,0,E,70.2,C,70.2,C,49.6,C,49.6,C,51.3,C,51.3,C,0.0,V,0.0,V,False,True,13.5,8.2,20.4,26.3,57,54,49,0.0,True,7-day window
2022-07-07,57.6,V,57.6,V,0.0,V,0,V,72.0,C,72.0,C,50.5,C,50.5,C,53.4,C,53.4,C,0.0,V,0.0,V,False,False,13.49,7.9,20.0,26.0,58,54,49,0.0,False,original
2022-07-08,57.6,V,57.6,V,,V,0,E,74.7,C,74.7,C,48.6,C,48.6,C,51.6,C,51.6,C,0.0,V,0.0,V,False,True,13.5,7.7,19.5,25.7,58,54,49,0.0,True,31-day fallback window
2022-07-09,57.6,V,57.6,V,1.0,V,0,E,73.4,C,73.4,C,46.4,C,46.4,C,47.7,C,47.7,C,0.0,V,0.0,V,False,False,13.49,7.3,19.1,25.3,58,55,49,1.0,False,original
2022-07-10,57.6,V,57.6,V,,V,0,E,81.7,C,81.7,C,45.9,C,45.9,C,59.5,C,59.5,C,0.0,V,0.0,V,False,True,13.47,7.2,18.7,25.0,59,55,50,0.0,True,31-day fallback window
2022-07-11,57.6,V,57.6,V,,V,0,E,87.1,C,87.1,C,58.1,C,58.1,C,58.1,C,58.1,C,0.0,V,0.0,V,False,True,13.42,7.1,17.9,24.6,62,56,50,0.0,True,31-day fallback window
2022-07-12,57.6,V,57.6,V,,V,0,E,85.1,C,85.1,C,54.9,C,54.9,C,56.8,C,56.8,C,0.0,V,0.0,V,False,True,13.42,6.8,17.3,24.2,62,57,50,0.0,True,31-day fallback window
2022-07-13,57.6,V,57.6,V,,V,0,E,77.2,C,77.2,C,53.6,C,53.6,C,55.0,C,55.0,C,0.0,V,0.0,V,False,True,13.43,6.5,16.9,24.0,61,57,51,0.0,True,31-day fallback window
2022-07-14,57.6,V,57.6,V,,V,0,E,80.2,C,80.2,C,49.8,C,49.8,C,53.6,C,53.6,C,0.0,V,0.0,V,False,True,13.45,6.1,16.3,23.7,61,57,51,0.0,True,31-day fallback window
2022-07-15,57.6,V,57.6,V,,V,0,E,82.2,C,82.2,C,49.1,C,49.1,C,57.7,C,57.7,C,0.0,V,0.0,V,False,True,13.44,6.0,15.6,23.3,61,57,51,0.0,True,31-day fallback window
2022-07-16,57.6,V,57.6,V,,V,0,E,83.5,C,83.5,C,54.0,C,54.0,C,57.4,C,57.4,C,0.0,V,0.0,V,False,True,13.42,5.8,15.0,22.9,62,58,51,0.0,True,31-day fallback window
2022-07-17,57.6,V,57.6,V,,V,0,E,82.9,C,82.9,C,54.5,C,54.5,C,59.0,C,59.0,C,0.0,V,0.0,V,False,True,13.41,5.7,14.4,22.6,63,58,52,0.0,True,31-day fallback window
2022-07-18,57.6,V,57.6,V,,V,0,E,81.7,C,81.7,C,56.5,C,56.5,C,61.3,C,61.3,C,0.0,V,0.0,V,False,True,13.41,5.4,13.6,22.3,63,59,52,0.0,True,31-day fallback window
2022-07-19,57.6,V,57.6,V,0.0,V,0,V,79.7,C,79.7,C,56.1,C,56.1,C,56.1,C,56.1,C,0.0,V,0.0,V,False,False,13.4,5.3,12.8,22.0,64,60,52,0.0,False,original
2022-07-20,57.6,V,57.6,V,,V,0,E,82.8,C,82.8,C,52.9,C,52.9,C,54.5,C,54.5,C,0.0,V,0.0,V,False,True,13.23,5.2,12.0,21.6,63,60,53,0.0,True,31-day fallback window
2022-07-21,57.6,V,57.6,V,,V,0,E,83.1,C,83.1,C,51.4,C,51.4,C,52.2,C,52.2,C,,V,0.0,E,False,True,13.43,4.9,11.0,21.4,63,59,53,0.0,True,31-day fallback window
2022-07-22,57.6,V,57.6,V,,V,0,E,79.7,C,79.7,C,46.8,C,46.8,C,51.8,C,51.8,C,,V,0.0,E,False,True,13.46,4.6,9.9,20.9,62,59,53,0.0,True,31-day fallback window
2022-07-23,57.6,V,57.6,V,0.0,V,0,V,81.0,C,81.0,C,49.1,C,49.1,C,52.7,C,52.7,C,,V,0.0,E,False,True,13.43,4.4,9.0,20.7,62,58,53,0.0,False,original
2022-07-24,57.7,V,57.7,V,,V,0,E,81.3,C,81.3,C,50.2,C,50.2,C,56.1,C,56.1,C,0.0,V,0.0,V,False,True,13.45,4.2,8.2,20.3,62,59,53,0.0,True,31-day fallback window
2022-07-25,57.7,V,57.7,V,,V,0,E,85.6,C,85.6,C,53.8,C,53.8,C,61.5,C,61.5,C,0.0,V,0.0,V,False,True,13.4,4.1,7.4,19.9,63,59,53,,True,7-day window
2022-07-26,57.7,V,57.7,V,,V,0,E,82.6,C,82.6,C,57.0,C,57.0,C,63.5,C,63.5,C,0.0,V,0.0,V,False,True,13.42,3.9,6.7,19.6,64,60,53,,True,7-day window
2022-07-27,57.7,V,57.7,V,,V,0,E,84.6,C,84.6,C,60.1,C,60.1,C,61.2,C,61.2,C,,V,0.0,E,False,True,13.38,3.7,6.1,19.2,65,61,53,,True,7-day window
2022-07-28,57.7,V,57.7,V,,V,0,E,89.6,C,89.6,C,59.4,C,59.4,C,65.7,C,65.7,C,0.0,V,0.0,V,False,True,13.39,3.3,5.4,18.8,65,61,54,0.0,True,31-day fallback window
2022-07-29,57.7,V,57.7,V,,V,0,E,89.8,C,89.8,C,60.1,C,60.1,C,65.3,C,65.3,C,,V,0.0,E,False,True,13.37,3.3,5.0,18.3,65,61,54,0.0,True,31-day fallback window
2022-07-30,57.7,V,57.7,V,,V,0,E,87.6,C,87.6,C,61.0,C,61.0,C,64.6,C,64.6,C,0.0,V,0.0,V,False,True,13.41,2.7,4.6,18.0,64,60,54,0.0,True,31-day fallback window
2022-07-31,57.8,V,57.7,E,,V,0,E,78.8,C,78.8,C,59.9,C,59.9,C,63.7,C,63.7,C,0.0,V,0.0,V,False,True,13.42,2.7,4.5,17.8,63,60,54,0.0,True,31-day fallback window
2022-08-01,57.7,V,57.7,V,,V,0,E,72.9,C,72.9,C,53.4,C,53.4,C,53.4,C,53.4,C,0.0,V,0.0,V,False,True,13.44,2.3,4.4,17.5,61,60,54,0.0,True,31-day fallback window
2022-08-02,57.7,V,57.7,V,,V,0,E,78.1,C,78.1,C,51.8,C,51.8,C,57.4,C,57.4,C,,V,0.0,E,False,True,13.43,2.3,4.2,17.2,63,60,54,0.0,True,31-day fallback window
2022-08-03,57.7,V,57.7,V,,V,0,E,81.7,C,81.7,C,55.9,C,55.9,C,58.6,C,58.6,C,,V,0.0,E,False,True,13.4,2.1,3.9,16.9,64,61,54,0.0,True,31-day fallback window
2022-08-04,57.7,V,57.7,V,,S,0,E,81.3,C,81.3,C,55.6,C,55.6,C,64.2,C,64.2,C,,V,0.0,E,False,True,13.4,2.0,3.8,16.5,65,61,54,0.0,True,31-day fallback window
2022-08-05,58.0,V,57.9,E,,V,0,E,69.1,C,69.1,C,56.8,C,56.8,C,56.8,C,56.8,C,,V,0.0,E,False,True,13.43,1.6,3.8,16.6,62,61,55,0.0,True,31-day fallback window
2022-08-06,57.9,V,57.9,V,,V,0,E,76.3,C,76.3,C,51.4,C,51.4,C,56.5,C,56.5,C,,V,0.0,E,False,True,13.43,1.6,3.7,16.2,64,60,55,0.0,True,31-day fallback window
2022-08-07,57.9,V,57.9,V,,V,0,E,81.3,C,81.3,C,53.2,C,53.2,C,58.6,C,58.6,C,,V,0.0,E,False,True,13.41,1.4,3.6,15.9,65,61,55,0.0,True,31-day fallback window
2022-08-08,57.9,V,57.9,V,,V,0,E,77.7,C,77.7,C,54.0,C,54.0,C,58.1,C,58.1,C,,V,0.0,E,False,True,13.44,1.1,3.6,15.4,64,61,55,0.0,True,31-day fallback window
2022-08-09,57.9,V,57.9,V,,V,0,E,76.6,C,76.6,C,53.1,C,53.1,C,53.2,C,53.2,C,,V,0.0,E,False,True,13.45,0.8,3.4,15.2,62,61,55,0.0,True,31-day fallback window
2022-08-10,57.8,V,57.9,E,,V,0,E,74.5,C,74.5,C,51.3,C,51.3,C,52.7,C,52.7,C,,V,0.0,E,False,True,13.44,0.7,3.4,14.7,63,61,55,0.0,True,31-day fallback window
2022-08-11,57.8,V,57.9,E,,V,0,E,76.5,C,76.5,C,49.5,C,49.5,C,51.8,C,51.8,C,,V,0.0,E,False,True,13.45,0.6,3.1,14.3,63,60,55,0.0,True,7-day window
2022-08-12,57.8,V,57.9,E,0.0,V,0,V,77.5,C,77.5,C,47.5,C,47.5,C,47.5,C,47.5,C,,V,0.0,E,False,True,13.45,0.3,3.2,13.9,63,60,55,0.0,False,original
2022-08-13,57.8,V,57.9,E,0.0,V,0,V,79.5,C,79.5,C,43.5,C,43.5,C,49.6,C,49.6,C,,V,0.0,E,False,True,13.47,0.0,3.3,13.3,62,60,55,0.0,False,original
2022-08-14,57.8,V,57.9,E,2.0,V,0,E,79.7,C,79.7,C,44.4,C,44.4,C,48.6,C,48.6,C,,V,0.0,E,False,True,13.46,0.0,3.2,12.8,62,60,55,0.0,True,7-day window
2022-08-15,57.9,V,57.9,V,0.0,V,0,V,82.8,C,82.8,C,47.3,C,47.3,C,55.9,C,55.9,C,,V,0.0,E,False,True,13.44,0.0,3.2,12.4,64,60,55,0.0,False,original
2022-08-16,58.0,V,58.0,V,,S,0,E,84.7,C,84.7,C,53.2,C,53.2,C,63.5,C,63.5,C,,V,0.0,E,False,True,13.42,0.0,3.3,11.8,64,61,55,0.0,True,7-day window
2022-08-17,58.1,V,58.0,E,,V,0,E,80.1,C,80.1,C,56.7,C,56.7,C,56.7,C,56.7,C,,V,0.0,E,False,True,13.43,0.0,3.0,11.3,64,61,55,0.0,True,7-day window
2022-08-18,58.1,V,58.0,E,,V,0,E,78.3,C,78.3,C,53.6,C,53.6,C,54.7,C,54.7,C,,V,0.0,E,False,True,13.43,0.0,2.9,10.9,63,61,55,0.0,True,31-day fallback window
2022-08-19,58.0,V,58.0,V,0.0,V,0,V,81.5,C,81.5,C,50.9,C,50.9,C,53.4,C,53.4,C,,V,0.0,E,False,True,13.42,0.0,3.1,10.4,64,61,55,0.0,False,original
2022-08-20,58.0,V,58.0,V,,V,0,E,82.6,C,82.6,C,51.4,C,51.4,C,55.8,C,55.8,C,,V,0.0,E,False,True,13.41,0.0,3.1,9.8,65,62,55,0.0,True,31-day fallback window
2022-08-21,58.0,V,58.0,V,,V,0,E,81.5,C,81.5,C,51.4,C,51.4,C,52.0,C,52.0,C,,V,0.0,E,False,True,13.42,0.0,2.9,9.4,65,62,56,0.0,True,31-day fallback window
2022-08-22,58.0,V,58.0,V,1.0,V,0,E,79.9,C,79.9,C,48.6,C,48.6,C,49.6,C,49.6,C,,V,0.0,E,False,True,13.41,0.0,3.0,9.0,65,62,56,1.0,False,original
2022-08-23,58.0,V,58.0,V,,V,0,E,81.9,C,81.9,C,46.8,C,46.8,C,52.3,C,52.3,C,,V,0.0,E,False,True,13.42,0.0,3.0,8.5,65,62,56,0.0,True,31-day fallback window
2022-08-24,58.0,V,58.0,V,,V,0,E,81.5,C,81.5,C,48.2,C,48.2,C,54.7,C,54.7,C,,V,0.0,E,False,True,13.41,0.0,2.8,8.0,65,62,56,0.0,True,31-day fallback window
2022-08-25,58.0,V,58.0,V,,V,0,E,80.2,C,80.2,C,49.8,C,49.8,C,52.7,C,52.7,C,,V,0.0,E,False,True,13.4,0.0,2.9,7.7,65,62,56,0.0,True,31-day fallback window
2022-08-26,58.0,V,58.0,V,0.0,V,0,V,79.7,C,79.7,C,49.3,C,49.3,C,51.4,C,51.4,C,,V,0.0,E,False,True,13.41,0.0,3.1,7.4,65,62,56,0.0,False,original
2022-08-27,58.0,V,58.0,V,,V,0,E,76.6,C,76.6,C,50.0,C,50.0,C,50.0,C,50.0,C,,V,0.0,E,False,True,13.43,0.0,2.9,7.0,65,62,56,0.0,True,31-day fallback window
2022-08-28,58.0,V,58.0,V,,V,0,E,79.0,C,79.0,C,46.2,C,46.2,C,53.8,C,53.8,C,,V,0.0,E,False,True,13.42,0.0,2.9,6.7,65,62,56,0.0,True,31-day fallback window
2022-08-29,3.7,S,58.0,E,,V,0,E,81.7,C,81.7,C,56.5,V,47.5,C,56.7,C,56.7,C,,V,0.0,E,False,True,13.39,0.0,2.7,6.5,65,62,56,0.0,True,31-day fallback window
2022-08-30,58.0,V,58.0,V,,V,0,E,82.6,C,82.6,C,52.7,C,52.7,C,56.7,C,56.7,C,,V,0.0,E,False,True,13.36,0.0,2.9,6.2,67,63,57,0.0,True,31-day fallback window
2022-08-31,58.0,V,58.0,V,,V,0,E,82.0,C,82.0,C,51.6,C,51.6,C,55.4,C,55.4,C,,V,0.0,E,False,True,13.36,0.0,2.8,6.0,67,63,57,0.0,True,31-day fallback window
2022-09-01,58.0,V,58.0,V,,V,0,E,84.6,C,84.6,C,52.0,C,52.0,C,57.7,C,57.7,C,,V,0.0,E,False,True,13.35,0.0,2.9,5.6,68,64,57,0.0,True,31-day fallback window
2022-09-02,58.0,V,58.0,V,,V,0,E,83.8,C,83.8,C,54.1,C,54.1,C,59.0,C,59.0,C,,V,0.0,E,False,True,13.35,0.0,2.8,5.4,68,64,57,0.0,True,31-day fallback window
2022-09-03,58.0,V,58.0,V,,V,0,E,82.6,C,82.6,C,56.7,C,56.7,C,58.1,C,58.1,C,,V,0.0,E,False,True,13.34,0.0,2.8,5.4,69,65,58,0.0,True,31-day fallback window
2022-09-04,58.0,V,58.0,V,,V,0,E,85.6,C,85.6,C,54.0,C,54.0,C,59.0,C,59.0,C,,V,0.0,E,False,True,13.33,0.0,2.8,5.2,70,65,58,,True,7-day window
2022-09-05,58.1,V,58.1,V,,V,0,E,89.1,C,89.1,C,56.7,C,56.7,C,61.2,C,61.2,C,,V,0.0,E,False,True,13.37,0.0,2.8,5.0,70,65,58,,True,7-day window
2022-09-06,58.1,V,58.1,V,,V,0,E,87.4,C,87.4,C,56.8,C,56.8,C,62.1,C,62.1,C,,V,0.0,E,False,True,13.34,0.0,2.8,4.7,71,66,59,1.0,True,31-day fallback window
2022-09-07,58.1,V,58.1,V,,V,0,E,84.7,C,84.7,C,59.0,C,59.0,C,59.0,C,59.0,C,,V,0.0,E,False,True,13.36,0.0,2.8,4.6,71,66,59,59.0,True,31-day fallback window
2022-09-08,58.1,V,58.1,V,,V,0,E,83.7,C,83.7,C,55.4,C,55.4,C,57.9,C,57.9,C,,V,0.0,E,False,True,13.36,0.0,2.8,4.5,71,67,59,29.5,True,31-day fallback window
2022-09-09,58.2,V,58.2,V,,V,0,E,81.5,C,81.5,C,55.9,C,55.9,C,55.9,C,55.9,C,,V,0.0,E,False,True,13.41,0.0,2.8,4.5,69,66,60,0.0,True,31-day fallback window
2022-09-10,58.2,V,58.2,V,,V,0,E,73.9,C,73.9,C,52.7,C,52.7,C,54.1,C,54.1,C,,V,0.0,E,False,True,13.44,0.0,2.7,4.3,67,65,60,0.0,True,31-day fallback window
2022-09-11,58.2,V,58.2,V,,V,0,E,74.1,C,74.1,C,52.0,C,52.0,C,54.9,C,54.9,C,,V,0.0,E,False,True,13.45,0.0,2.7,4.2,65,64,60,0.0,True,31-day fallback window
2022-09-12,58.3,V,58.3,V,,S,0,E,62.6,C,62.6,C,50.2,C,50.2,C,51.8,C,51.8,C,,V,0.0,E,False,True,13.48,0.0,2.7,4.1,63,63,60,0.0,True,31-day fallback window
2022-09-13,58.2,V,58.3,E,,V,0,E,65.7,C,65.7,C,41.9,C,41.9,C,44.6,C,44.6,C,,V,0.0,E,False,True,13.5,0.0,2.6,4.1,62,62,59,0.0,True,31-day fallback window
2022-09-14,58.2,V,58.3,E,,V,0,E,61.3,C,61.3,C,39.0,C,39.0,C,39.2,C,39.2,C,0.0,V,0.0,V,False,True,13.54,0.0,2.5,4.1,61,62,59,0.0,True,31-day fallback window
2022-09-15,58.3,V,58.3,V,,V,0,E,60.8,C,60.8,C,37.2,C,37.2,C,37.2,C,37.2,C,0.0,V,0.0,V,False,True,13.55,0.0,2.5,3.9,60,61,59,0.0,True,31-day fallback window
2022-09-16,58.3,V,58.3,V,,V,0,E,63.5,C,63.5,C,34.9,C,34.9,C,38.3,C,38.3,C,0.0,V,0.0,V,False,True,13.57,0.0,2.6,3.9,60,60,58,0.0,True,31-day fallback window
2022-09-17,58.3,V,58.3,V,,V,0,E,58.6,C,58.6,C,36.3,C,36.3,C,38.5,C,38.5,C,0.0,V,0.0,V,False,True,13.59,0.0,2.5,3.8,59,60,58,0.0,True,31-day fallback window
2022-09-18,58.4,V,58.4,V,,V,0,E,53.2,C,53.2,C,38.1,C,38.1,C,41.2,C,41.2,C,0.1,V,0.0,E,False,True,13.6,0.0,2.4,3.8,57,59,58,0.0,True,31-day fallback window
2022-09-19,59.4,V,59.4,V,,V,0,E,51.6,C,51.6,C,38.8,C,38.8,C,41.2,C,41.2,C,0.1,V,0.0,E,False,True,13.62,0.0,2.4,3.8,55,57,58,0.0,True,31-day fallback window
2022-09-20,59.9,V,59.9,V,,V,0,E,46.4,C,46.4,C,39.2,C,39.2,C,39.2,C,39.2,C,0.1,V,0.0,E,False,True,13.64,0.0,2.6,3.8,53,56,57,59.0,True,7-day window
2022-09-21,60.2,V,60.2,V,59.0,S,0,E,45.0,C,45.0,C,32.7,C,32.7,C,32.7,C,32.7,C,0.1,V,0.0,E,False,False,13.64,0.0,4.2,3.8,50,55,56,59.0,False,original
2022-09-22,60.2,V,60.2,V,59.0,S,0,E,61.9,C,61.9,C,31.6,C,31.6,C,42.8,C,42.8,C,0.1,V,0.0,E,False,False,13.6,0.0,4.6,3.6,56,55,56,0.0,True,7-day window
2022-09-23,60.5,V,60.5,V,0.0,V,0,V,69.1,C,69.1,C,39.0,C,39.0,C,44.6,C,44.6,C,0.1,V,0.0,E,True,False,13.54,0.0,4.7,3.6,58,57,56,0.0,False,original
2022-09-24,60.5,V,60.5,V,0.0,V,0,V,71.4,C,71.4,C,38.8,C,38.8,C,45.7,C,45.7,C,0.1,V,0.0,E,False,False,13.5,0.0,4.4,3.6,61,58,56,0.0,False,original
2022-09-25,60.5,V,60.5,V,0.0,V,0,V,74.3,C,74.3,C,41.9,C,41.9,C,50.9,C,50.9,C,0.1,V,0.0,E,False,False,13.48,0.0,4.2,3.7,63,60,56,0.0,False,original
2022-09-26,60.5,V,60.5,V,,V,0,E,74.8,C,74.8,C,46.9,C,46.9,C,50.2,C,50.2,C,0.1,V,0.0,E,False,True,13.45,0.0,3.8,3.7,64,61,56,0.0,True,7-day window
2022-09-27,60.5,V,60.5,V,0.0,V,0,V,71.6,C,71.6,C,44.4,C,44.4,C,44.4,C,44.4,C,0.1,V,0.0,E,False,False,13.47,0.0,3.5,3.7,63,62,57,0.0,False,original
2022-09-28,60.5,V,60.5,V,0.0,V,0,V,68.7,C,68.7,C,42.1,C,42.1,C,46.8,C,46.8,C,0.1,V,0.0,E,False,False,13.48,0.0,3.2,3.7,62,61,57,0.0,False,original
2022-09-29,60.5,V,60.5,V,0.0,V,0,V,67.6,C,67.6,C,43.0,C,43.0,C,43.0,C,43.0,C,0.1,V,0.0,E,False,False,13.49,0.0,3.0,3.7,62,61,57,0.0,False,original
2022-09-30,60.5,V,60.5,V,0.0,V,0,V,70.9,C,70.9,C,40.3,C,40.3,C,46.2,C,46.2,C,0.1,V,0.0,E,False,False,13.49,0.0,3.0,3.7,63,62,57,0.0,False,original
2022-10-01,0.0,V,0.0,V,0.0,V,0,V,68.5,C,68.5,C,42.1,C,42.1,C,43.0,C,43.0,C,0.1,V,0.0,E,False,False,13.5,0.0,2.9,3.6,63,62,58,0.0,False,original
2022-10-02,0.0,V,0.0,V,0.0,V,0,V,66.0,C,66.0,C,38.7,C,38.7,C,43.9,C,43.9,C,0.1,V,0.0,E,False,False,13.51,0.0,3.0,3.6,62,62,58,0.0,False,original
2022-10-03,0.0,V,0.0,V,0.0,V,0,V,71.6,C,71.6,C,40.5,C,40.5,C,45.0,C,45.0,C,0.1,V,0.0,E,False,False,13.49,0.0,2.7,3.8,63,62,58,0.0,False,original
2022-10-04,0.0,V,0.0,V,,V,0,E,71.1,C,71.1,C,39.7,C,39.7,C,45.3,C,45.3,C,0.0,V,0.0,V,False,True,13.49,0.0,2.6,3.6,63,62,58,0.0,True,7-day window
2022-10-05,0.0,V,0.0,V,0.0,V,0,V,72.7,C,72.7,C,42.1,C,42.1,C,45.5,C,45.5,C,0.0,V,0.0,V,False,False,13.49,0.0,2.7,3.7,63,62,58,0.0,False,original
2022-10-06,0.0,V,0.0,V,0.0,V,0,V,72.7,C,72.7,C,42.3,C,42.3,C,44.6,C,44.6,C,0.0,V,0.0,V,False,False,13.49,0.0,2.5,3.7,63,62,58,0.0,False,original
2022-10-07,0.0,V,0.0,V,0.0,V,0,V,73.8,C,73.8,C,42.6,C,42.6,C,45.5,C,45.5,C,0.0,V,0.0,V,False,False,13.49,0.0,2.7,3.7,63,62,58,0.0,False,original
2022-10-08,0.0,V,0.0,V,0.0,V,0,V,72.3,C,72.3,C,42.1,C,42.1,C,45.9,C,45.9,C,0.0,V,0.0,V,False,False,13.5,0.0,2.5,3.6,62,62,58,0.0,False,original
2022-10-09,0.0,V,0.0,V,0.0,V,0,V,71.1,C,71.1,C,42.3,C,42.3,C,44.4,C,44.4,C,0.1,V,0.0,E,False,False,13.52,0.0,2.6,3.7,61,61,58,0.0,False,original
2022-10-10,0.2,V,0.2,V,0.0,V,0,V,66.9,C,66.9,C,40.1,C,40.1,C,40.1,C,40.1,C,0.1,V,0.0,E,False,False,13.53,0.0,2.6,3.6,59,60,58,0.0,False,original
2022-10-11,0.2,V,0.2,V,0.0,V,0,V,69.6,C,69.6,C,38.5,C,38.5,C,42.8,C,42.8,C,0.1,V,0.0,E,False,False,13.52,0.0,2.5,3.5,61,60,58,0.0,False,original
2022-10-12,0.2,V,0.2,V,0.0,V,0,V,73.0,C,73.0,C,42.1,C,42.1,C,56.7,C,56.7,C,0.1,V,0.0,E,False,False,13.51,0.0,2.5,3.5,61,61,58,0.0,False,original
2022-10-13,0.2,V,0.2,V,0.0,V,0,V,71.8,C,71.8,C,43.9,C,43.9,C,46.9,C,46.9,C,0.1,V,0.0,E,False,False,13.5,0.0,2.5,3.4,62,61,58,0.0,False,original
2022-10-14,0.2,V,0.2,V,0.0,V,0,V,73.2,C,73.2,C,41.9,C,41.9,C,43.0,C,43.0,C,0.1,V,0.0,E,False,False,13.49,0.0,2.4,3.5,62,61,58,0.0,False,original
2022-10-15,0.2,V,0.2,V,0.0,V,0,V,71.6,C,71.6,C,40.1,C,40.1,C,42.4,C,42.4,C,0.0,V,0.0,V,False,False,13.5,0.0,2.6,3.3,62,61,58,0.0,False,original
2022-10-16,0.2,V,0.2,V,0.0,V,0,V,69.4,C,69.4,C,39.0,C,39.0,C,41.2,C,41.2,C,0.0,V,0.0,V,False,False,13.51,0.0,2.6,3.4,62,61,58,0.0,False,original
2022-10-17,0.2,V,0.2,V,0.0,V,0,V,67.5,C,67.5,C,37.4,C,37.4,C,41.9,C,41.9,C,0.0,V,0.0,V,False,False,13.52,0.0,2.2,3.3,61,61,58,0.0,False,original
2022-10-18,0.2,V,0.2,V,0.0,V,0,V,68.7,C,68.7,C,38.8,C,38.8,C,45.9,C,45.9,C,0.0,V,0.0,V,False,False,13.55,0.0,2.4,3.3,60,60,58,0.0,False,original
2022-10-19,0.2,V,0.2,V,0.0,V,0,V,69.1,C,69.1,C,42.4,C,42.4,C,45.0,C,45.0,C,0.0,V,0.0,V,False,False,13.54,0.0,2.3,3.2,60,60,58,0.0,False,original
2022-10-20,0.2,V,0.2,V,0.0,V,0,V,70.2,C,70.2,C,40.6,C,40.6,C,41.4,C,41.4,C,0.0,V,0.0,V,False,False,13.52,0.0,2.4,3.2,61,60,58,0.0,False,original
2022-10-21,0.2,V,0.2,V,0.0,V,0,V,64.9,C,64.9,C,38.5,C,38.5,C,49.1,C,49.1,C,0.0,V,0.0,V,False,False,13.53,0.0,2.5,3.3,60,60,58,0.0,False,original
2022-10-22,0.3,V,0.3,V,1.0,V,1,V,49.5,C,49.5,C,23.5,C,23.5,C,23.5,C,23.5,C,0.1,V,0.1,V,False,False,13.58,0.0,2.3,3.2,53,58,58,0.0,True,7-day window
2022-10-23,0.3,V,0.3,V,0.0,V,0,V,38.3,C,38.3,C,21.4,C,21.4,C,29.3,C,29.3,C,0.1,V,0.0,E,False,False,13.7,0.0,2.1,3.3,50,55,57,0.0,False,original
2022-10-24,0.4,V,0.4,V,0.0,V,0,V,58.8,C,58.8,C,26.6,C,26.6,C,39.7,C,39.7,C,0.2,V,0.0,E,False,False,13.64,0.0,2.2,3.3,53,54,56,0.0,False,original
2022-10-25,0.4,V,0.4,V,0.0,V,0,V,50.0,C,50.0,C,28.9,C,28.9,C,28.9,C,28.9,C,0.1,V,0.0,E,False,False,13.64,0.0,2.1,3.2,51,54,56,0.0,False,original
2022-10-26,0.4,V,0.4,V,0.0,V,0,V,49.8,C,49.8,C,27.9,C,27.9,C,30.6,C,30.6,C,0.1,V,0.0,E,False,False,13.65,0.0,2.1,3.0,51,54,55,0.0,False,original
2022-10-27,0.4,V,0.4,V,0.0,V,0,V,54.9,C,54.9,C,27.7,C,27.7,C,30.2,C,30.2,C,0.1,V,0.0,E,False,False,13.65,0.0,1.9,3.1,51,53,55,0.0,False,original
2022-10-28,0.4,V,0.4,V,1.0,V,0,E,53.1,C,53.1,C,30.2,C,30.2,C,32.0,C,32.0,C,0.2,V,0.0,E,False,False,13.67,0.0,2.0,3.1,50,53,54,0.0,True,7-day window
2022-10-29,0.4,V,0.4,V,0.0,V,0,V,56.1,C,56.1,C,28.6,C,28.6,C,35.2,C,35.2,C,0.2,V,0.0,E,False,False,13.68,0.0,1.9,3.1,50,52,54,0.0,False,original
2022-10-30,0.4,V,0.4,V,0.0,V,0,V,59.9,C,59.9,C,28.6,C,28.6,C,34.3,C,34.3,C,0.2,V,0.0,E,False,False,13.64,0.0,2.0,3.0,51,52,54,0.0,False,original
2022-10-31,0.4,V,0.4,V,0.0,V,0,V,56.1,C,56.1,C,30.9,C,30.9,C,39.4,C,39.4,C,0.2,V,0.0,E,False,False,13.65,0.0,2.0,3.1,49,52,54,0.0,False,original
2022-11-01,1.2,V,1.2,V,6.0,V,6,V,39.7,C,39.7,C,24.3,C,24.3,C,24.3,C,24.3,C,1.1,V,1.1,V,False,False,13.7,0.0,1.8,3.0,46,50,53,3.0,True,7-day window
2022-11-02,1.9,V,1.9,V,,S,12,E,28.2,C,28.2,C,21.4,C,21.4,C,21.4,C,21.4,C,1.7,V,1.6,E,False,True,13.76,0.0,1.7,3.0,44,49,53,5.0,True,7-day window
2022-11-03,1.9,V,1.9,V,10.0,V,10,V,30.9,C,30.9,C,19.4,C,19.4,C,20.3,C,20.3,C,1.6,V,1.6,V,False,False,13.77,0.0,1.9,2.9,43,48,52,10.0,False,original
2022-11-04,1.9,V,1.9,V,7.0,V,7,V,43.9,C,43.9,C,20.1,C,20.1,C,31.6,C,31.6,C,1.5,V,1.5,V,False,False,13.77,0.0,1.7,3.0,41,47,52,7.0,False,original
2022-11-05,2.3,V,2.3,V,4.0,V,6,E,37.4,C,37.4,C,30.4,C,30.4,C,36.3,C,36.3,C,1.5,V,1.5,V,False,False,13.76,0.0,1.7,2.8,39,46,51,4.0,False,original
2022-11-06,2.6,V,2.6,V,2.0,V,5,E,36.9,C,36.9,C,29.7,C,29.7,C,29.7,C,29.7,C,1.3,V,1.3,V,False,False,13.76,0.0,1.8,2.8,39,45,49,2.0,False,original
2022-11-07,3.9,V,3.9,V,15.0,V,15,V,30.2,C,30.2,C,21.6,C,21.6,C,23.0,C,23.0,C,2.5,V,2.5,V,False,False,13.77,0.0,3.1,2.9,39,44,49,15.0,False,original
2022-11-08,5.2,V,5.9,E,,S,29,E,28.6,C,28.6,C,22.1,C,22.1,C,22.1,C,22.1,C,3.9,V,3.9,V,False,True,13.81,0.0,3.8,2.9,39,44,48,17.5,True,7-day window
2022-11-09,6.0,V,6.0,V,27.0,V,27,V,26.6,C,26.6,C,13.6,C,13.6,C,13.6,C,13.6,C,4.0,V,4.0,V,False,False,13.81,0.0,4.1,2.8,39,43,47,27.0,False,original
2022-11-10,6.1,V,6.1,V,20.0,V,20,V,34.7,C,34.7,C,11.1,C,11.1,C,20.1,C,20.1,C,4.0,V,4.0,V,False,False,13.82,0.0,4.4,2.8,39,43,47,20.0,False,original
2022-11-11,6.1,V,6.1,V,20.0,V,20,V,39.2,C,39.2,C,17.4,C,17.4,C,25.7,C,25.7,C,4.0,V,4.0,V,False,False,13.81,0.0,4.4,2.8,38,42,47,20.0,False,original
2022-11-12,6.4,V,6.4,V,,S,20,E,29.1,C,29.1,C,19.0,C,19.0,C,19.2,C,19.2,C,4.2,V,4.0,E,False,True,13.81,0.0,4.4,2.9,38,42,46,19.5,True,7-day window
2022-11-13,6.4,V,6.4,V,19.0,V,19,V,38.8,C,38.8,C,13.6,C,13.6,C,19.2,C,19.2,C,4.1,V,4.0,E,False,False,13.81,0.0,4.3,2.8,38,42,46,18.5,True,7-day window
2022-11-14,6.4,V,6.4,V,18.0,V,18,V,39.4,C,39.4,C,16.2,C,16.2,C,23.7,C,23.7,C,4.0,V,4.0,V,False,False,13.81,0.0,4.4,2.9,38,42,46,18.0,False,original
2022-11-15,6.4,V,6.4,V,18.0,V,18,V,37.4,C,37.4,C,21.7,C,21.7,C,25.0,C,25.0,C,4.0,V,4.0,V,False,False,13.8,0.0,4.4,2.7,38,41,46,17.0,True,7-day window
2022-11-16,6.5,V,6.5,V,16.0,V,16,V,44.6,C,44.6,C,19.9,C,19.9,C,21.4,C,21.4,C,3.9,V,3.9,V,False,False,13.8,0.0,4.4,2.7,38,41,45,16.0,False,original
2022-11-17,6.5,V,6.5,V,16.0,V,16,V,51.1,C,51.1,C,17.8,C,17.8,C,26.2,C,26.2,C,3.8,V,3.8,V,False,False,13.79,0.0,4.3,2.7,38,41,45,16.0,False,original
2022-11-18,6.4,V,6.5,E,14.0,V,14,V,36.5,C,36.5,C,20.5,C,20.5,C,21.9,C,21.9,C,3.7,V,3.7,V,False,False,13.77,0.0,4.1,2.9,38,41,45,14.0,False,original
2022-11-19,6.4,V,6.5,E,14.0,V,14,V,48.7,C,48.7,C,11.1,C,11.1,C,17.6,C,17.6,C,3.7,V,3.7,V,False,False,13.8,0.0,4.1,2.8,37,40,44,14.0,False,original
2022-11-20,6.4,V,6.5,E,14.0,V,14,V,51.1,C,51.1,C,15.3,C,15.3,C,18.3,C,18.3,C,3.7,V,3.7,V,False,False,13.8,0.0,4.2,2.7,36,40,44,14.0,False,original
2022-11-21,6.4,V,6.5,E,13.0,V,13,V,51.1,C,51.1,C,16.9,C,16.9,C,24.1,C,24.1,C,3.7,V,3.7,V,False,False,13.79,0.0,4.8,2.8,36,39,44,13.0,False,original
2022-11-22,6.5,V,6.5,V,12.0,V,12,V,50.9,C,50.9,C,21.9,C,21.9,C,27.1,C,27.1,C,3.6,V,3.6,V,False,False,13.78,0.0,8.1,3.2,35,39,43,12.0,False,original
2022-11-23,6.5,V,6.5,V,11.0,V,11,V,49.3,C,49.3,C,25.9,C,25.9,C,33.8,C,33.8,C,3.5,V,3.5,V,False,False,13.75,0.0,16.5,5.6,35,38,43,11.0,False,original
2022-11-24,6.5,V,6.5,V,11.0,V,11,V,50.9,C,50.9,C,27.5,C,27.5,C,28.0,C,28.0,C,3.4,V,3.4,V,False,False,13.74,0.0,17.9,9.5,35,38,42,11.0,False,original
2022-11-25,6.5,V,6.5,V,10.0,V,10,V,49.8,C,49.8,C,25.9,C,25.9,C,27.0,C,27.0,C,3.3,V,3.3,V,False,False,13.75,0.0,17.9,11.9,35,38,42,10.0,False,original
2022-11-26,6.5,V,6.5,V,9.0,V,9,V,47.7,C,47.7,C,25.5,C,25.5,C,25.5,C,25.5,C,3.3,V,3.3,V,False,False,13.73,0.2,17.9,16.3,35,38,42,9.0,False,original
2022-11-27,6.5,V,6.5,V,8.0,V,9,E,45.9,C,45.9,C,21.6,C,21.6,C,30.4,C,30.4,C,3.2,V,3.2,V,False,False,13.75,0.0,17.6,16.2,35,38,42,9.0,True,7-day window
2022-11-28,6.5,V,6.5,V,9.0,V,9,V,36.0,C,36.0,C,23.9,C,23.9,C,24.1,C,24.1,C,3.2,V,3.2,V,False,False,13.78,0.2,17.2,15.5,36,39,42,9.0,False,original
2022-11-29,6.5,V,6.5,V,9.0,V,9,V,43.5,C,43.5,C,17.4,C,17.4,C,24.1,C,24.1,C,3.0,V,3.0,V,False,False,13.77,0.0,16.7,15.1,35,38,42,9.0,False,original
2022-11-30,6.5,V,6.5,V,8.0,V,8,V,36.9,C,36.9,C,23.4,C,23.4,C,29.1,C,29.1,C,2.9,V,2.9,V,False,False,13.79,0.0,16.3,14.9,35,38,42,8.0,False,original
2022-12-01,8.6,V,8.6,V,,S,26,E,29.1,C,29.1,C,17.2,C,17.2,C,17.4,C,17.4,C,5.5,V,5.5,V,False,True,13.81,0.1,15.9,14.6,35,38,41,17.0,True,7-day window
2022-12-02,8.5,V,8.6,E,25.0,V,25,V,32.4,C,32.4,C,5.2,C,5.2,C,13.5,C,13.5,C,5.5,V,5.5,V,False,False,13.83,0.2,15.6,14.5,35,38,41,25.0,False,original
2022-12-03,9.8,V,9.8,V,27.0,V,27,V,34.9,C,34.9,C,12.9,C,12.9,C,32.7,C,32.7,C,6.4,V,6.5,E,False,False,13.82,0.5,18.2,28.6,33,37,37,27.0,False,original
2022-12-04,10.9,V,10.9,V,35.0,V,35,V,32.9,C,32.9,C,24.4,C,24.4,C,25.7,C,25.7,C,7.6,V,7.6,V,False,False,13.81,0.5,19.6,21.6,35,37,40,35.0,False,original
2022-12-05,12.2,V,12.3,E,43.0,V,43,V,28.0,C,28.0,C,24.4,C,24.4,C,24.6,C,24.6,C,8.7,V,8.7,V,False,False,13.4,0.7,18.7,20.4,35,37,40,37.0,True,7-day window
2022-12-06,12.3,V,12.3,V,39.0,V,39,V,32.4,C,32.4,C,14.5,C,14.5,C,14.5,C,14.5,C,8.7,V,8.7,V,False,False,13.81,0.7,18.1,19.5,35,37,40,39.0,False,original
2022-12-07,12.3,V,12.3,V,37.0,V,37,V,32.0,C,32.0,C,9.9,C,9.9,C,23.4,C,23.4,C,8.6,V,8.7,E,False,False,13.85,0.9,17.6,18.9,35,37,40,37.0,False,original
2022-12-08,12.6,V,12.6,V,39.0,V,39,V,28.9,C,28.9,C,16.9,C,16.9,C,25.2,C,25.2,C,8.9,V,8.9,V,False,False,13.84,0.7,17.3,18.7,35,37,40,39.0,False,original
2022-12-09,13.0,V,13.0,V,40.0,V,40,V,28.0,C,28.0,C,23.4,C,23.4,C,28.0,C,28.0,C,9.3,V,9.3,V,False,False,13.84,0.7,17.1,18.3,35,37,40,40.0,False,original
2022-12-10,15.3,V,16.3,E,,S,63,E,32.0,C,32.0,C,25.3,C,25.3,C,27.1,C,27.1,C,12.8,V,12.8,V,False,True,13.81,0.8,16.8,18.0,35,37,40,53.0,True,7-day window
2022-12-11,16.4,V,17.9,E,76.0,V,76,V,27.1,C,27.1,C,16.9,C,16.9,C,16.9,C,16.9,C,14.5,V,14.5,V,False,False,13.83,1.0,16.6,17.8,35,37,40,64.0,True,7-day window
2022-12-12,17.2,V,17.9,E,70.0,V,70,V,28.4,C,28.4,C,7.7,C,7.7,C,19.6,C,19.6,C,14.5,V,14.5,V,False,False,13.86,0.9,16.5,17.6,35,37,40,64.0,True,7-day window
2022-12-13,17.2,V,17.9,E,66.0,V,66,V,32.0,C,32.0,C,12.7,C,12.7,C,12.7,C,12.7,C,14.5,V,14.5,V,False,False,13.85,1.0,16.4,17.5,35,37,40,66.0,False,original
2022-12-14,17.3,V,17.9,E,62.0,V,62,V,33.8,C,33.8,C,12.4,C,12.4,C,27.3,C,27.3,C,14.5,V,14.5,V,False,False,13.84,1.0,16.7,17.2,35,37,40,62.0,False,original
2022-12-15,17.3,V,17.9,E,60.0,V,60,V,36.5,C,36.5,C,17.4,C,17.4,C,18.7,C,18.7,C,14.5,V,14.5,V,False,False,13.82,1.3,17.1,17.3,35,37,40,60.0,False,original
2022-12-16,17.3,V,17.9,E,58.0,V,58,V,37.4,C,37.4,C,12.0,C,12.0,C,16.2,C,16.2,C,14.5,V,14.5,V,False,False,13.84,1.2,17.1,17.4,35,37,39,58.0,False,original
2022-12-17,17.2,V,17.9,E,56.0,V,56,V,41.7,C,41.7,C,12.7,C,12.7,C,13.8,C,13.8,C,14.6,V,14.6,V,False,False,13.84,1.4,17.3,17.4,35,37,39,56.0,False,original
2022-12-18,17.2,V,17.9,E,55.0,V,55,V,41.2,C,41.2,C,10.2,C,10.2,C,13.8,C,13.8,C,14.5,V,14.6,E,False,False,13.84,1.5,17.4,17.4,35,37,39,55.0,False,original
2022-12-19,17.2,V,17.9,E,54.0,V,54,V,39.9,C,39.9,C,12.0,C,12.0,C,23.9,C,23.9,C,14.5,V,14.6,E,False,False,13.86,1.5,17.4,17.4,35,37,39,54.0,False,original
2022-12-20,17.3,V,17.9,E,52.0,V,52,V,40.5,C,40.5,C,23.5,C,23.5,C,25.9,C,25.9,C,14.6,V,14.6,V,False,False,13.82,1.8,17.3,17.5,35,37,39,52.0,False,original
2022-12-21,17.9,V,17.9,V,52.0,V,52,V,43.7,C,43.7,C,23.0,C,23.0,C,25.2,C,25.2,C,14.6,V,14.6,V,False,False,13.81,1.8,17.1,17.4,35,37,39,52.0,False,original
2022-12-22,17.9,V,17.9,V,50.0,V,50,V,39.7,C,39.7,C,23.5,C,23.5,C,31.1,C,31.1,C,14.5,V,14.5,V,False,False,13.82,1.9,17.1,17.5,35,37,39,50.0,False,original
2022-12-23,17.9,V,17.9,V,50.0,V,50,V,45.3,C,45.3,C,27.5,C,27.5,C,27.5,C,27.5,C,14.6,V,14.5,E,False,False,13.79,1.9,17.1,17.4,35,37,39,50.0,False,original
2022-12-24,17.9,V,17.9,V,48.0,V,48,V,54.1,C,54.1,C,24.1,C,24.1,C,30.6,C,30.6,C,14.5,V,14.5,V,False,False,13.78,2.2,17.2,17.5,35,36,39,48.0,False,original
2022-12-25,18.0,V,17.9,E,46.0,V,46,V,58.1,C,58.1,C,28.6,C,28.6,C,33.8,C,33.8,C,14.5,V,14.5,V,False,False,13.76,2.5,17.3,17.7,35,36,39,46.0,False,original
2022-12-26,18.2,V,18.2,V,46.0,V,46,V,51.1,C,51.1,C,29.8,C,29.8,C,32.7,C,32.7,C,14.8,V,14.8,V,False,False,13.76,2.6,17.4,17.9,35,36,39,46.0,False,original
2022-12-27,21.4,V,21.6,E,,S,51,E,36.3,C,36.3,C,25.9,C,25.9,C,25.9,C,25.9,C,16.4,V,16.5,E,False,True,13.77,3.3,24.6,28.0,33,35,36,46.0,True,7-day window
2022-12-28,21.6,V,21.6,V,49.0,V,49,V,31.5,C,31.5,C,19.4,C,19.4,C,23.4,C,23.4,C,16.5,V,16.5,V,False,False,13.8,3.3,22.4,24.9,33,35,36,49.0,False,original
2022-12-29,22.3,V,22.3,V,,S,52,E,32.0,C,32.0,C,23.0,C,23.0,C,31.8,C,31.8,C,17.1,V,17.1,V,False,True,13.81,3.3,21.3,23.5,34,35,37,49.0,True,7-day window
2022-12-30,26.6,V,26.6,V,46.0,V,46,V,40.6,C,40.6,C,31.8,C,31.8,C,38.1,C,38.1,C,17.2,V,17.2,V,False,False,13.78,38.3,40.6,40.5,32,32,33,46.0,False,original
2022-12-31,30.0,V,30.5,E,76.0,V,76,V,38.3,C,38.3,C,26.2,C,26.2,C,26.6,C,26.6,C,19.7,V,20.6,E,False,False,13.47,32.8,40.6,40.6,32,33,33,76.0,False,original
2023-01-01,30.5,V,30.5,V,70.0,V,70,V,28.2,C,28.2,C,17.6,C,17.6,C,18.3,C,18.3,C,18.7,V,20.6,E,False,False,13.83,22.8,40.5,40.6,33,33,33,70.0,False,original
2023-01-02,30.5,V,30.5,V,,S,69,E,26.4,C,26.4,C,13.6,C,13.6,C,24.1,C,24.1,C,16.3,V,20.6,E,False,True,13.83,19.1,40.3,40.2,33,33,34,70.0,True,7-day window
2023-01-03,30.7,V,30.7,V,67.0,V,67,V,29.1,C,29.1,C,23.7,C,23.7,C,25.5,C,25.5,C,18.5,V,20.8,E,False,False,13.83,17.3,40.1,40.1,33,33,34,67.0,False,original
2023-01-04,31.3,V,31.3,V,,S,68,E,36.7,C,36.7,C,23.2,C,23.2,C,32.4,C,32.4,C,20.3,S,21.2,E,False,True,13.81,17.6,40.0,40.0,33,33,34,75.0,True,7-day window
2023-01-05,32.4,V,34.0,E,80.0,V,80,V,32.5,C,32.5,C,23.7,C,23.7,C,23.7,C,23.7,C,23.0,S,23.9,E,False,False,13.8,16.8,40.0,40.0,33,33,34,80.0,False,original
2023-01-06,32.9,S,34.1,E,76.0,V,76,V,30.2,C,30.2,C,19.2,C,19.2,C,23.2,C,23.2,C,23.1,S,24.0,E,False,False,13.83,16.2,39.8,40.0,33,34,34,76.0,False,original
2023-01-07,32.9,V,34.1,E,75.0,V,75,V,33.1,C,33.1,C,23.0,C,23.0,C,30.4,C,30.4,C,23.1,S,24.0,E,False,False,13.82,16.0,39.8,39.9,33,34,35,75.0,False,original
2023-01-08,33.1,V,35.6,E,,S,82,E,32.4,C,32.4,C,27.0,C,27.0,C,30.7,C,30.7,C,24.5,S,25.4,E,False,True,13.81,15.6,39.7,39.9,33,34,35,80.0,True,7-day window
2023-01-09,34.1,S,37.2,E,,S,86,E,34.3,C,34.3,C,18.9,C,18.9,C,23.2,C,23.2,C,26.1,S,27.0,E,False,True,13.81,18.5,39.8,40.1,33,34,35,98.0,True,7-day window
2023-01-10,34.2,S,39.6,E,106.0,V,106,V,31.1,C,31.1,C,23.0,C,23.0,C,23.9,C,23.9,C,28.6,V,29.5,E,False,False,13.82,17.0,39.8,40.0,33,34,35,106.0,False,original
2023-01-11,40.2,V,40.7,E,105.0,V,105,V,32.2,C,32.2,C,23.4,C,23.4,C,32.2,C,32.2,C,29.7,V,30.6,E,False,False,13.82,16.3,39.7,40.0,33,34,35,105.0,False,original
2023-01-12,40.7,V,40.8,E,98.0,V,98,V,41.2,C,41.2,C,32.0,C,32.0,C,36.7,C,36.7,C,29.8,V,30.7,E,False,False,13.81,25.4,40.0,40.6,33,34,35,106.0,True,7-day window
2023-01-13,40.7,V,42.4,E,108.0,V,108,V,39.7,C,39.7,C,28.6,C,28.6,C,29.1,C,29.1,C,31.4,V,32.3,E,False,False,13.79,20.7,39.9,40.3,33,34,35,108.0,False,original
2023-01-14,40.6,V,45.2,E,124.0,V,124,V,30.0,C,30.0,C,24.8,C,24.8,C,24.8,C,24.8,C,34.2,V,35.1,E,False,False,13.81,18.9,39.9,40.2,33,34,35,114.5,True,7-day window
2023-01-15,40.7,V,46.0,E,,S,123,E,26.4,C,26.4,C,23.0,C,23.0,C,23.0,C,23.0,C,35.0,V,35.9,E,False,True,13.82,18.0,39.8,40.1,33,34,35,122.0,True,7-day window
2023-01-16,40.7,S,46.5,E,125.0,V,125,V,27.0,C,27.0,C,21.4,C,21.4,C,21.7,C,21.7,C,35.6,V,36.4,E,False,False,13.82,17.2,39.8,40.0,33,34,35,125.0,False,original
2023-01-17,40.7,S,46.5,E,121.0,V,121,V,29.5,C,29.5,C,9.9,C,9.9,C,10.6,C,10.6,C,35.5,V,36.4,E,False,False,13.83,16.9,39.7,40.0,33,34,35,121.0,False,original
2023-01-18,40.7,S,47.3,E,123.0,V,123,V,32.5,C,32.5,C,9.1,C,9.1,C,23.9,C,23.9,C,36.3,V,37.2,E,False,False,13.84,16.8,39.7,40.0,33,34,35,123.0,False,original
2023-01-19,40.7,S,47.6,E,122.0,V,122,V,27.5,C,27.5,C,14.7,C,14.7,C,14.9,C,14.9,C,36.6,V,37.5,E,False,False,13.84,16.8,39.7,39.9,33,34,35,122.0,False,original
2023-01-20,40.7,S,47.6,E,119.0,V,119,V,32.4,C,32.4,C,12.0,C,12.0,C,12.9,C,12.9,C,36.6,V,37.5,E,False,False,13.85,16.6,39.6,39.9,33,34,35,119.0,False,original
2023-01-21,40.8,S,47.8,E,116.0,V,116,V,44.1,C,44.1,C,11.5,C,11.5,C,21.0,C,21.0,C,36.8,V,37.7,E,False,False,13.84,16.8,39.7,39.9,33,34,35,116.0,False,original
2023-01-22,40.8,S,47.8,E,114.0,V,114,V,25.7,C,25.7,C,13.6,C,13.6,C,17.2,C,17.2,C,36.8,V,37.7,E,False,False,13.84,16.8,39.7,39.9,33,34,35,114.0,False,original
2023-01-23,40.8,S,47.8,E,111.0,V,111,V,31.6,C,31.6,C,16.2,C,16.2,C,26.6,C,26.6,C,36.8,V,37.7,E,False,False,13.84,16.8,39.6,39.9,33,34,35,111.0,False,original
2023-01-24,40.8,S,47.8,E,110.0,V,110,V,42.6,C,42.6,C,21.0,C,21.0,C,29.1,C,29.1,C,36.8,V,37.7,E,False,False,13.83,16.8,39.6,39.9,33,34,36,110.0,False,original
2023-01-25,40.8,S,47.8,E,108.0,V,108,V,39.4,C,39.4,C,21.7,C,21.7,C,26.8,C,26.8,C,36.8,V,37.7,E,False,False,13.82,16.7,39.6,39.9,34,35,36,108.0,False,original
2023-01-26,40.8,S,47.8,E,106.0,V,106,V,46.6,C,46.6,C,22.1,C,22.1,C,22.1,C,22.1,C,36.8,V,37.7,E,False,False,13.82,17.0,39.6,39.9,34,35,36,106.0,False,original
2023-01-27,40.8,S,47.8,E,105.0,V,105,V,45.9,C,45.9,C,19.4,C,19.4,C,21.9,C,21.9,C,36.8,V,37.7,E,False,False,13.81,16.9,39.6,39.9,34,35,36,105.0,False,original
2023-01-28,40.9,S,47.8,E,103.0,V,103,V,42.6,C,42.6,C,13.6,C,13.6,C,23.9,C,23.9,C,36.8,V,37.7,E,False,False,13.82,16.9,39.6,39.9,34,35,36,103.0,False,original
2023-01-29,40.8,S,47.9,E,106.0,V,106,V,26.2,C,26.2,C,9.7,C,9.7,C,9.7,C,9.7,C,36.9,V,37.9,E,False,False,13.82,17.1,39.6,39.9,34,35,36,106.0,False,original
2023-01-30,40.8,S,47.9,E,105.0,V,105,V,22.5,C,22.5,C,3.7,C,3.7,C,11.1,C,11.1,C,36.9,V,37.9,E,False,False,13.86,16.9,39.6,39.9,34,35,36,105.0,False,original
2023-01-31,40.8,S,47.9,E,104.0,V,104,V,41.4,C,41.4,C,5.9,C,5.9,C,19.9,C,19.9,C,37.0,V,37.9,E,False,False,13.85,16.9,39.6,39.9,34,35,36,104.0,False,original
2023-02-01,40.8,S,47.9,E,101.0,V,101,V,47.3,C,47.3,C,16.7,C,16.7,C,23.7,C,23.7,C,37.1,V,37.9,E,False,False,13.84,16.9,39.6,39.9,34,35,36,101.0,False,original
2023-02-02,40.9,S,48.1,E,101.0,V,101,V,45.0,C,45.0,C,19.8,C,19.8,C,25.3,C,25.3,C,37.2,V,38.1,E,False,False,13.83,16.8,39.6,39.9,34,35,36,101.0,False,original
2023-02-03,40.9,S,48.2,E,101.0,V,101,V,33.1,C,33.1,C,22.5,C,22.5,C,22.6,C,22.6,C,37.3,V,38.2,E,False,False,13.82,16.9,39.6,39.9,34,35,36,101.0,False,original
2023-02-04,40.9,S,49.3,E,108.0,V,108,V,40.3,C,40.3,C,20.1,C,20.1,C,28.9,C,28.9,C,38.5,V,39.4,E,False,False,13.82,17.0,39.6,39.9,34,35,36,108.0,False,original
2023-02-05,40.9,S,50.8,E,,S,119,E,29.3,C,29.3,C,11.5,C,11.5,C,12.0,C,12.0,C,39.9,V,41.1,E,False,True,13.82,17.0,39.6,39.9,34,35,36,109.0,True,7-day window
2023-02-06,41.0,S,50.8,E,116.0,V,116,V,31.6,C,31.6,C,12.0,C,12.0,C,23.7,C,23.7,C,40.0,V,41.1,E,False,False,13.83,16.8,39.6,39.9,34,35,36,116.0,False,original
2023-02-07,41.0,S,50.8,E,112.0,V,112,V,45.3,C,45.3,C,18.9,C,18.9,C,21.4,C,21.4,C,40.2,V,41.1,E,False,False,13.83,18.9,39.7,39.9,33,35,36,112.0,False,original
2023-02-08,50.8,V,50.8,V,110.0,V,110,V,50.5,C,50.5,C,17.4,C,17.4,C,29.1,C,29.1,C,40.3,V,41.1,E,False,False,13.82,17.6,39.7,39.9,33,35,36,110.0,False,original
2023-02-09,50.8,V,50.8,V,107.0,V,107,V,54.7,C,54.7,C,24.6,C,24.6,C,24.6,C,24.6,C,40.3,V,41.2,E,False,False,13.81,17.7,39.6,39.9,33,35,36,107.0,False,original
2023-02-10,50.8,V,50.8,V,,S,104,E,44.4,C,44.4,C,21.2,C,21.2,C,24.8,C,24.8,C,40.4,V,41.3,E,False,True,13.8,17.7,39.7,39.9,33,35,36,106.5,True,7-day window
2023-02-11,51.0,V,51.0,V,106.0,V,106,V,35.4,C,35.4,C,20.5,C,20.5,C,29.1,C,29.1,C,40.6,V,41.5,E,False,False,13.8,17.7,39.7,39.9,33,34,36,106.0,False,original
2023-02-12,51.0,V,51.0,V,104.0,V,104,V,45.5,C,45.5,C,26.2,C,26.2,C,28.4,C,28.4,C,40.8,V,41.7,E,False,False,13.81,17.6,39.7,39.9,33,34,36,104.0,False,original
2023-02-13,51.0,V,51.0,V,102.0,V,102,V,52.0,C,52.0,C,20.8,C,20.8,C,27.0,C,27.0,C,40.8,V,41.7,E,False,False,13.81,17.9,39.7,40.0,33,34,36,102.0,False,original
2023-02-14,51.0,V,51.0,V,104.0,V,104,V,27.0,C,27.0,C,11.7,C,11.7,C,13.3,C,13.3,C,40.9,V,41.8,E,False,False,13.79,17.8,39.7,40.0,33,34,36,104.0,False,original
2023-02-15,51.1,V,51.1,V,103.0,V,103,V,30.9,C,30.9,C,9.5,C,9.5,C,9.7,C,9.7,C,41.0,V,41.9,E,False,False,13.86,17.6,39.7,40.0,33,34,36,103.0,False,original
2023-02-16,51.1,V,51.1,V,103.0,V,103,V,35.1,C,35.1,C,5.4,C,5.4,C,16.9,C,16.9,C,41.1,V,42.0,E,False,False,13.86,17.5,39.7,40.0,33,34,35,103.0,False,original
2023-02-17,51.1,V,51.1,V,102.0,V,102,V,40.6,C,40.6,C,10.4,C,10.4,C,23.0,C,23.0,C,41.2,V,42.1,E,False,False,13.84,17.5,39.7,40.0,33,34,35,102.0,False,original
2023-02-18,51.1,V,51.1,V,102.0,V,102,V,43.9,C,43.9,C,12.4,C,12.4,C,21.7,C,21.7,C,41.3,V,42.2,E,False,False,13.83,17.5,39.7,40.0,33,34,35,102.0,False,original
2023-02-19,51.1,V,51.1,V,100.0,V,100,V,46.8,C,46.8,C,18.9,C,18.9,C,36.9,C,36.9,C,41.4,V,42.3,E,False,False,13.81,17.4,39.7,39.9,33,34,35,100.0,False,original
2023-02-20,51.1,V,51.1,V,99.0,V,99,V,51.3,C,51.3,C,28.9,C,28.9,C,29.1,C,29.1,C,41.4,V,42.3,E,False,False,13.79,21.0,39.7,40.0,33,34,35,102.0,True,7-day window
2023-02-21,51.3,V,51.3,V,,S,100,E,37.2,C,37.2,C,9.9,C,9.9,C,9.9,C,9.9,C,41.5,V,42.5,E,False,True,13.79,18.5,39.7,40.0,33,34,35,102.0,True,7-day window
2023-02-22,51.7,V,51.7,V,,S,108,E,17.8,C,17.8,C,3.0,C,3.0,C,12.6,C,12.6,C,42.0,V,42.9,E,False,True,13.84,18.1,39.7,40.0,33,34,35,124.0,True,7-day window
2023-02-23,53.1,V,53.1,V,125.0,V,125,V,15.1,C,15.1,C,10.2,C,10.2,C,15.1,C,15.1,C,43.4,V,44.3,E,False,False,13.9,17.9,39.7,40.0,33,34,35,125.0,False,original
2023-02-24,54.2,V,54.4,E,130.0,V,130,V,24.3,C,24.3,C,14.9,C,14.9,C,21.7,C,21.7,C,44.8,V,45.7,E,False,False,13.88,17.6,39.7,40.0,33,34,35,130.0,False,original
2023-02-25,54.5,V,54.6,E,124.0,V,124,V,34.0,C,34.0,C,21.6,C,21.6,C,21.6,C,21.6,C,45.0,V,45.9,E,False,False,13.85,17.6,39.7,39.9,33,34,35,132.0,True,7-day window
2023-02-26,54.6,V,55.7,E,134.0,V,134,V,24.1,C,24.1,C,20.1,C,20.1,C,21.9,C,21.9,C,46.2,V,47.1,E,False,False,13.84,17.4,39.6,39.9,33,34,35,134.0,False,original
2023-02-27,54.6,S,57.2,E,152.0,V,152,V,21.9,C,21.9,C,14.4,C,14.4,C,15.8,C,15.8,C,47.9,V,48.8,E,False,False,13.86,17.3,39.6,39.9,33,34,35,152.0,False,original
2023-02-28,54.7,S,60.1,E,178.0,V,178,V,21.0,C,21.0,C,15.1,C,15.1,C,15.8,C,15.8,C,51.0,V,51.9,E,False,False,13.87,17.3,39.6,39.9,33,34,35,178.0,False,original
2023-03-01,54.9,S,60.2,E,164.0,S,164,V,21.7,C,21.7,C,4.6,C,4.6,C,14.0,C,14.0,C,51.1,V,52.0,E,False,False,13.87,17.0,39.5,39.9,33,34,35,164.0,False,original
2023-03-02,55.1,S,60.3,E,153.0,V,153,V,46.2,C,46.2,C,10.2,C,10.2,C,27.3,C,27.3,C,51.2,V,52.1,E,False,False,13.85,19.1,39.5,39.9,33,34,35,153.0,False,original
2023-03-03,55.3,S,60.4,E,145.0,V,145,V,38.7,C,38.7,C,17.2,C,17.2,C,24.8,C,24.8,C,51.3,V,52.2,E,False,False,13.83,17.3,39.4,39.9,33,34,35,145.0,False,original
2023-03-04,55.3,S,61.5,E,,S,154,E,25.0,C,25.0,C,16.2,C,16.2,C,16.2,C,16.2,C,52.5,V,53.4,E,False,True,13.84,17.4,39.5,39.9,33,34,35,164.5,True,7-day window
2023-03-05,55.3,S,63.2,E,172.0,V,172,V,20.7,C,20.7,C,15.1,C,15.1,C,15.1,C,15.1,C,54.4,V,55.3,E,False,False,13.86,16.8,39.4,39.8,33,34,35,172.0,False,original
2023-03-06,55.4,S,63.8,E,169.0,V,169,V,24.1,C,24.1,C,10.0,C,10.0,C,17.6,C,17.6,C,55.0,V,55.9,E,False,False,13.87,16.4,39.2,39.8,33,34,35,169.0,False,original
2023-03-07,55.5,S,64.2,E,165.0,V,165,V,24.1,C,24.1,C,16.5,C,16.5,C,18.9,C,18.9,C,55.5,V,56.4,E,False,False,13.86,16.0,38.9,39.7,33,34,35,165.0,False,original
2023-03-08,55.5,S,65.0,E,171.0,V,171,V,23.4,C,23.4,C,15.8,C,15.8,C,20.8,C,20.8,C,56.3,V,57.2,E,False,False,13.87,15.5,38.6,39.6,33,34,35,171.0,False,original
2023-03-09,55.6,S,66.4,E,172.0,V,172,V,33.3,C,33.3,C,14.4,C,14.4,C,32.7,C,32.7,C,57.9,V,58.8,E,False,False,13.85,15.2,38.4,39.5,33,34,35,172.0,False,original
2023-03-10,57.2,S,67.9,E,160.0,V,160,V,36.7,C,36.7,C,25.5,C,25.5,C,28.6,C,28.6,C,59.5,V,60.4,E,False,False,13.83,26.1,40.3,40.6,33,33,34,160.0,False,original
2023-03-11,57.4,S,70.0,E,171.0,V,171,V,33.1,C,33.1,C,25.0,C,25.0,C,32.0,C,32.0,C,61.8,V,62.7,E,False,False,13.81,22.0,40.1,40.3,33,33,34,171.0,False,original
2023-03-12,57.6,S,71.5,E,176.0,V,176,V,33.1,C,33.1,C,30.2,C,30.2,C,31.1,C,31.1,C,63.4,V,64.3,E,False,False,13.82,20.8,39.9,40.2,33,33,34,176.0,False,original
2023-03-13,58.1,S,73.2,E,180.0,V,180,V,33.8,C,33.8,C,30.4,C,30.4,C,30.4,C,30.4,C,65.2,V,66.1,E,False,False,13.81,20.2,39.8,40.1,33,33,34,180.0,False,original
2023-03-14,74.6,V,76.0,E,180.0,V,180,V,37.8,C,37.8,C,30.2,C,30.2,C,30.2,C,30.2,C,68.3,V,69.2,E,False,False,13.81,31.9,40.4,40.6,32,32,33,172.0,True,7-day window
2023-03-15,74.3,V,76.0,E,172.0,V,172,V,39.2,C,39.2,C,24.6,C,24.6,C,25.5,C,25.5,C,67.9,V,69.2,E,False,False,13.81,25.8,40.2,40.6,32,33,33,172.0,False,original
2023-03-16,74.2,V,76.0,E,168.0,V,168,V,42.1,C,42.1,C,20.1,C,20.1,C,22.6,C,22.6,C,67.8,V,69.2,E,False,False,13.82,23.4,40.1,40.4,33,33,34,168.0,False,original
2023-03-17,74.0,V,76.0,E,165.0,V,165,V,44.6,C,44.6,C,17.2,C,17.2,C,25.7,C,25.7,C,67.7,V,69.2,E,False,False,13.82,23.0,40.0,40.3,33,33,34,165.0,False,original
2023-03-18,73.9,V,76.0,E,162.0,V,162,V,43.0,C,43.0,C,21.2,C,21.2,C,31.1,C,31.1,C,67.7,V,69.2,E,False,False,13.81,22.6,40.0,40.3,33,33,34,162.0,False,original
2023-03-19,73.8,V,76.3,E,166.0,V,166,V,34.5,C,34.5,C,28.4,C,28.4,C,30.7,C,30.7,C,68.6,V,69.5,E,False,False,13.81,22.2,40.0,40.3,33,33,34,166.0,False,original
2023-03-20,73.7,S,76.7,E,163.0,V,163,V,35.2,C,35.2,C,18.0,C,18.0,C,18.0,C,18.0,C,68.9,V,69.9,E,False,False,13.81,21.5,39.9,40.2,33,33,34,163.0,False,original
2023-03-21,73.6,S,76.7,E,161.0,V,161,V,31.1,C,31.1,C,17.4,C,17.4,C,25.3,C,25.3,C,69.0,V,69.9,E,False,False,13.82,21.1,39.9,40.2,33,33,34,161.0,False,original
2023-03-22,73.6,S,76.9,E,163.0,V,163,V,32.9,C,32.9,C,23.4,C,23.4,C,26.2,C,26.2,C,69.3,V,70.2,E,False,False,13.82,20.6,39.8,40.2,33,33,34,163.0,False,original
2023-03-23,73.5,S,77.8,E,170.0,V,170,V,30.6,C,30.6,C,23.5,C,23.5,C,23.5,C,23.5,C,70.3,V,71.2,E,False,False,13.82,20.3,39.8,40.1,33,34,34,170.0,False,original
2023-03-24,73.4,S,78.1,E,167.0,V,167,V,26.4,C,26.4,C,14.7,C,14.7,C,16.3,C,16.3,C,70.5,V,71.5,E,False,False,13.83,20.2,39.8,40.1,33,34,34,167.0,False,original
2023-03-25,73.3,S,78.1,E,164.0,V,164,V,30.9,C,30.9,C,7.5,C,7.5,C,16.7,C,16.7,C,70.6,V,71.5,E,False,False,13.85,20.0,39.7,40.1,33,34,34,164.0,False,original
2023-03-26,73.2,V,78.1,E,164.0,V,164,V,29.3,C,29.3,C,7.5,C,7.5,C,7.5,C,7.5,C,70.6,V,71.5,E,False,False,13.86,19.9,39.7,40.1,33,34,34,164.0,False,original
2023-03-27,73.2,S,78.2,E,161.0,V,161,V,37.4,C,37.4,C,5.7,C,5.7,C,27.3,C,27.3,C,70.7,V,71.6,E,False,False,13.86,19.8,39.7,40.1,33,34,34,161.0,False,original
2023-03-28,73.2,S,80.2,E,181.0,V,181,V,29.5,C,29.5,C,19.2,C,19.2,C,19.2,C,19.2,C,72.9,V,73.8,E,False,False,13.85,19.7,39.7,40.1,33,34,34,181.0,False,original
2023-03-29,73.3,S,81.4,E,179.0,V,179,V,27.9,C,27.9,C,16.7,C,16.7,C,19.0,C,19.0,C,73.3,V,74.9,E,False,False,13.84,19.7,39.7,40.1,33,34,34,179.0,False,original
2023-03-30,73.3,S,81.4,E,174.0,V,174,V,32.0,C,32.0,C,13.6,C,13.6,C,22.3,C,22.3,C,73.5,V,74.9,E,False,False,13.84,19.4,39.6,40.1,33,34,34,174.0,False,original
2023-03-31,81.4,V,81.4,V,169.0,V,169,V,35.2,C,35.2,C,21.9,C,21.9,C,26.8,C,26.8,C,73.9,V,74.9,E,False,False,13.84,19.2,39.6,40.0,33,34,34,169.0,False,original
2023-04-01,81.4,V,81.5,E,168.0,V,168,V,37.4,C,37.4,C,22.3,C,22.3,C,30.4,C,30.4,C,74.1,V,75.0,E,False,False,13.82,19.1,39.6,40.0,33,34,34,168.0,False,original
2023-04-02,81.9,V,82.0,E,169.0,V,169,V,35.2,C,35.2,C,20.8,C,20.8,C,20.8,C,20.8,C,74.8,V,75.7,E,False,False,13.82,19.1,39.6,40.0,33,34,35,169.0,False,original
2023-04-03,82.0,V,82.0,V,168.0,V,168,V,26.2,C,26.2,C,7.9,C,7.9,C,7.9,C,7.9,C,74.8,V,75.7,E,False,False,13.83,18.9,39.5,40.0,33,34,35,168.0,False,original
2023-04-04,82.0,V,82.0,V,166.0,V,166,V,30.6,C,30.6,C,3.7,C,3.7,C,10.8,C,10.8,C,74.9,V,75.8,E,False,False,13.86,18.6,39.4,40.0,33,34,35,166.0,False,original
2023-04-05,82.0,V,82.0,V,164.0,V,164,V,39.9,C,39.9,C,7.5,C,7.5,C,21.4,C,21.4,C,75.0,V,75.9,E,False,False,13.85,18.2,39.3,39.9,33,34,35,164.0,False,original
2023-04-06,82.0,V,82.0,V,162.0,V,162,V,44.2,C,44.2,C,18.7,C,18.7,C,33.1,C,33.1,C,75.6,V,76.0,E,False,False,13.83,18.0,39.2,39.9,33,34,35,164.0,True,7-day window
2023-04-07,82.5,V,82.5,V,166.0,V,166,V,33.1,C,33.1,C,27.9,C,27.9,C,31.1,C,31.1,C,76.3,V,77.2,E,False,False,13.82,18.2,39.2,39.9,33,34,35,162.0,True,7-day window
2023-04-08,82.8,V,82.8,V,162.0,V,162,V,46.8,C,46.8,C,30.2,C,30.2,C,30.2,C,30.2,C,76.6,V,77.5,E,False,False,13.81,18.2,39.2,39.9,33,34,35,162.0,False,original
2023-04-09,82.8,V,82.8,V,158.0,V,158,V,61.2,C,61.2,C,28.6,C,28.6,C,34.7,C,34.7,C,76.7,V,77.3,E,False,False,13.81,21.3,39.4,39.9,33,34,35,158.0,False,original
2023-04-10,82.8,V,82.8,V,155.0,V,155,V,55.6,C,55.6,C,32.5,C,32.5,C,39.9,C,39.9,C,76.2,V,77.1,E,False,False,13.8,24.4,39.6,40.2,33,33,34,155.0,False,original
2023-04-11,82.8,V,82.8,V,152.0,V,152,V,50.0,C,50.0,C,32.9,C,32.9,C,32.9,C,32.9,C,75.0,V,75.9,E,False,False,13.79,25.7,39.7,40.6,33,33,34,152.0,False,original
2023-04-12,82.8,V,82.8,V,149.0,V,149,V,43.0,C,43.0,C,26.4,C,26.4,C,26.4,C,26.4,C,73.9,V,74.8,E,False,False,13.79,23.7,39.8,40.6,33,33,34,149.0,False,original
2023-04-13,82.8,V,82.8,V,147.0,V,147,V,43.5,C,43.5,C,20.1,C,20.1,C,23.7,C,23.7,C,73.1,V,74.0,E,False,False,13.81,23.1,39.8,40.5,33,33,34,147.0,False,original
2023-04-14,82.8,V,82.8,V,144.0,V,144,V,44.8,C,44.8,C,19.0,C,19.0,C,26.2,C,26.2,C,72.2,V,73.1,E,False,False,13.81,22.6,39.7,40.4,33,33,34,144.0,False,original
2023-04-15,82.8,V,82.8,V,142.0,V,142,V,50.4,C,50.4,C,23.4,C,23.4,C,31.5,C,31.5,C,71.5,V,72.4,E,False,False,13.81,23.2,39.7,40.4,33,33,34,142.0,False,original
2023-04-16,82.8,V,82.8,V,138.0,V,138,V,46.8,C,46.8,C,27.7,C,27.7,C,27.9,C,27.9,C,70.8,V,71.7,E,False,False,13.8,25.2,39.8,40.5,33,33,34,138.0,False,original
2023-04-17,83.0,V,83.0,V,,S,141,E,41.2,C,41.2,C,25.3,C,25.3,C,26.2,C,26.2,C,70.3,V,71.2,E,False,True,13.8,23.6,39.8,40.5,33,33,34,141.0,True,7-day window
2023-04-18,83.5,V,83.5,V,142.0,V,142,V,29.8,C,29.8,C,12.0,C,12.0,C,12.0,C,12.0,C,70.5,V,71.4,E,False,False,13.81,22.5,39.8,40.4,33,33,34,142.0,False,original
2023-04-19,83.6,V,83.6,V,140.0,V,140,V,37.4,C,37.4,C,8.8,C,8.8,C,18.9,C,18.9,C,70.3,V,71.2,E,False,False,13.83,21.8,39.7,40.3,33,33,34,140.0,False,original
2023-04-20,83.6,V,83.6,V,137.0,V,137,V,48.7,C,48.7,C,15.8,C,15.8,C,29.5,C,29.5,C,70.1,V,71.0,E,False,False,13.83,21.5,39.7,40.3,33,33,34,137.0,False,original
2023-04-21,83.6,V,83.6,V,134.0,V,134,V,56.5,C,56.5,C,29.5,C,29.5,C,36.3,C,36.3,C,69.7,V,70.6,E,False,False,13.8,23.4,39.7,40.3,33,33,34,134.0,False,original
2023-04-22,83.6,V,83.6,V,132.0,V,132,V,56.8,C,56.8,C,33.6,C,33.6,C,33.6,C,33.6,C,68.8,V,69.7,E,False,False,13.78,26.4,39.8,40.6,33,33,34,132.0,False,original
2023-04-23,83.6,V,83.6,V,129.0,V,129,V,52.2,C,52.2,C,30.9,C,30.9,C,32.4,C,32.4,C,67.7,V,68.6,E,False,False,13.79,26.7,39.9,40.6,32,33,34,129.0,False,original
2023-04-24,83.6,V,83.6,V,127.0,V,127,V,53.4,C,53.4,C,30.0,C,30.0,C,30.0,C,30.0,C,67.1,V,68.0,E,False,False,13.79,27.2,40.0,40.6,32,33,34,127.0,False,original
2023-04-25,83.6,V,83.6,V,123.0,V,123,V,55.4,C,55.4,C,29.5,C,29.5,C,37.2,C,37.2,C,65.7,V,66.6,E,False,False,13.79,26.3,40.0,40.6,33,33,34,123.0,False,original
2023-04-26,83.6,V,83.6,V,121.0,V,121,V,61.7,C,61.7,C,34.5,C,34.5,C,34.9,C,34.9,C,64.5,V,65.4,E,False,False,13.78,26.7,40.0,40.6,32,33,33,121.0,False,original
2023-04-27,83.6,V,83.6,V,119.0,V,119,V,63.9,C,63.9,C,33.8,C,33.8,C,36.5,C,36.5,C,63.3,V,64.2,E,False,False,13.78,27.2,40.1,40.6,32,33,33,119.0,False,original
2023-04-28,83.6,V,83.6,V,115.0,V,115,V,67.3,C,67.3,C,35.4,C,35.4,C,36.5,C,36.5,C,62.0,V,62.9,E,False,False,13.77,27.9,40.1,40.6,32,33,33,115.0,False,original
2023-04-29,83.6,V,83.6,V,112.0,V,112,V,63.9,C,63.9,C,34.5,C,34.5,C,35.1,C,35.1,C,60.7,V,61.6,E,False,False,13.75,28.5,40.2,40.6,32,33,33,112.0,False,original
2023-04-30,83.6,V,83.6,V,110.0,V,110,V,57.0,C,57.0,C,34.7,C,34.7,C,38.3,C,38.3,C,58.7,V,59.6,E,False,False,13.76,28.2,40.2,40.6,32,33,33,110.0,False,original
2023-05-01,83.8,V,83.8,V,,S,108,E,44.1,C,44.1,C,29.1,C,29.1,C,29.1,C,29.1,C,57.3,V,58.2,E,False,True,13.77,27.2,40.2,40.6,32,33,33,111.0,True,7-day window
2023-05-02,84.3,V,84.3,V,,S,109,E,35.4,C,35.4,C,25.5,C,25.5,C,29.3,C,29.3,C,56.7,V,57.6,E,False,True,13.79,25.0,40.1,40.6,33,33,33,110.0,True,7-day window
2023-05-03,84.4,V,84.4,V,104.0,V,104,V,43.0,C,43.0,C,24.1,C,24.1,C,30.9,C,30.9,C,56.2,V,57.1,E,False,False,13.8,23.7,40.0,40.5,33,33,33,104.0,False,original
2023-05-04,84.7,V,84.7,V,,S,107,E,33.1,C,33.1,C,29.7,C,29.7,C,29.7,C,29.7,C,56.5,V,57.4,E,False,True,13.8,23.4,40.0,40.5,33,33,33,110.5,True,31-day fallback window
2023-05-05,85.1,V,85.1,V,,S,108,E,33.8,C,33.8,C,29.1,C,29.1,C,29.8,C,29.8,C,56.9,V,57.8,E,False,True,13.81,22.8,39.9,40.4,33,33,33,111.0,True,7-day window
2023-05-06,85.9,V,86.0,E,,S,114,E,34.5,C,34.5,C,28.2,C,28.2,C,29.5,C,29.5,C,57.7,V,58.6,E,False,True,13.81,22.3,39.9,40.4,33,33,34,110.0,True,7-day window
2023-05-07,86.0,V,86.0,V,113.0,V,113,V,37.0,C,37.0,C,27.7,C,27.7,C,34.2,C,34.2,C,57.7,V,58.6,E,False,False,13.81,22.6,39.9,40.4,33,33,34,113.0,False,original
2023-05-08,86.1,V,86.2,E,111.0,V,111,V,37.8,C,37.8,C,29.7,C,29.7,C,29.7,C,29.7,C,57.9,V,58.8,E,False,False,13.8,22.1,39.8,40.4,33,33,34,111.0,False,original
2023-05-09,86.2,V,86.2,V,109.0,V,109,V,48.4,C,48.4,C,24.3,C,24.3,C,30.4,C,30.4,C,57.8,V,58.7,E,False,False,13.8,21.9,39.8,40.3,33,33,34,109.0,False,original
2023-05-10,86.2,V,86.2,V,107.0,V,107,V,48.6,C,48.6,C,27.5,C,27.5,C,30.0,C,30.0,C,57.6,V,58.5,E,False,False,13.79,22.3,39.8,40.4,33,33,34,107.0,False,original
2023-05-11,86.2,V,86.2,V,106.0,V,106,V,56.1,C,56.1,C,28.2,C,28.2,C,36.9,C,36.9,C,57.4,V,58.3,E,False,False,13.78,24.0,39.9,40.5,33,33,34,106.0,False,original
2023-05-12,86.2,V,86.2,V,101.0,V,101,V,62.6,C,62.6,C,34.7,C,34.7,C,42.3,C,42.3,C,57.0,V,57.5,E,False,False,13.76,26.3,40.1,40.6,33,33,33,101.0,False,original
2023-05-13,86.2,V,86.2,V,98.0,V,98,V,64.6,C,64.6,C,35.4,C,35.4,C,42.8,C,42.8,C,55.0,V,55.6,E,False,False,13.74,27.1,40.2,40.6,33,33,33,98.0,False,original
2023-05-14,86.2,V,86.2,V,96.0,V,96,V,62.4,C,62.4,C,36.5,C,36.5,C,37.0,C,37.0,C,52.1,V,53.0,E,False,False,13.75,26.5,40.2,40.6,33,33,33,96.0,False,original
2023-05-15,86.2,V,86.2,V,92.0,V,92,V,63.1,C,63.1,C,36.0,C,36.0,C,36.3,C,36.3,C,50.4,V,51.3,E,False,False,13.73,27.2,40.2,40.6,33,33,33,92.0,False,original
2023-05-16,86.2,V,86.2,V,89.0,V,89,V,65.7,C,65.7,C,34.5,C,34.5,C,36.7,C,36.7,C,48.6,V,49.5,E,False,False,13.73,27.2,40.2,40.6,33,33,33,89.0,False,original
2023-05-17,86.2,V,86.2,V,85.0,V,85,V,66.6,C,66.6,C,34.0,C,34.0,C,37.0,C,37.0,C,46.4,V,47.3,E,False,False,13.72,26.9,40.2,40.7,33,33,33,85.0,False,original
2023-05-18,86.2,V,86.2,V,83.0,V,83,V,68.2,C,68.2,C,35.1,C,35.1,C,38.7,C,38.7,C,44.7,V,45.6,E,False,False,13.72,26.9,40.2,40.7,33,33,33,83.0,False,original
2023-05-19,86.2,V,86.2,V,81.0,V,81,V,70.9,C,70.9,C,37.0,C,37.0,C,39.4,C,39.4,C,43.1,V,44.0,E,False,False,13.7,27.4,40.3,40.7,33,33,33,81.0,False,original
2023-05-20,86.2,V,86.2,V,75.0,V,75,V,68.9,C,68.9,C,37.4,C,37.4,C,40.8,C,40.8,C,40.9,V,41.8,E,False,False,13.69,27.6,40.3,40.7,33,33,33,75.0,False,original
2023-05-21,86.2,V,86.2,V,73.0,V,73,V,67.6,C,67.6,C,38.3,C,38.3,C,38.7,C,38.7,C,38.6,V,39.5,E,False,False,13.68,27.8,40.3,40.7,33,33,33,73.0,False,original
2023-05-22,86.2,V,86.2,V,68.0,V,68,V,65.8,C,65.8,C,37.4,C,37.4,C,38.1,C,38.1,C,36.2,V,37.1,E,False,False,13.69,27.6,40.3,40.7,33,33,33,68.0,False,original
2023-05-23,86.2,V,86.2,V,65.0,V,65,V,61.7,C,61.7,C,36.7,C,36.7,C,38.1,C,38.1,C,34.2,V,35.1,E,False,False,13.69,27.6,40.3,40.7,33,33,33,65.0,False,original
2023-05-24,86.2,V,86.2,V,62.0,V,62,V,59.7,C,59.7,C,34.7,C,34.7,C,38.3,C,38.3,C,32.2,V,33.1,E,False,False,13.7,27.0,40.3,40.7,33,33,33,62.0,False,original
2023-05-25,86.6,V,86.6,V,60.0,V,60,V,60.8,C,60.8,C,35.4,C,35.4,C,36.5,C,36.5,C,30.8,V,31.7,E,False,False,13.74,26.3,40.3,40.7,33,33,33,60.0,False,original
2023-05-26,86.6,V,86.6,V,58.0,V,58,V,58.5,C,58.5,C,34.7,C,34.7,C,37.0,C,37.0,C,29.5,V,30.4,E,False,False,13.73,26.3,40.2,40.7,33,33,33,58.0,False,original
2023-05-27,86.6,V,86.6,V,53.0,V,55,E,60.4,C,60.4,C,35.8,C,35.8,C,37.9,C,37.9,C,28.7,V,29.6,E,False,False,13.7,27.1,40.3,40.7,33,33,33,53.0,False,original
2023-05-28,86.7,V,86.7,V,52.0,V,52,V,58.5,C,58.5,C,36.9,C,36.9,C,38.3,C,38.3,C,27.0,V,27.9,E,False,False,13.72,26.0,40.2,40.7,33,33,33,52.0,False,original
2023-05-29,86.7,V,86.7,V,50.0,V,50,V,61.5,C,61.5,C,36.5,C,36.5,C,37.9,C,37.9,C,25.8,V,26.7,E,False,False,13.69,26.2,40.2,40.7,33,33,33,50.0,False,original
2023-05-30,86.7,V,86.7,V,45.0,V,48,E,61.5,C,61.5,C,36.7,C,36.7,C,37.8,C,37.8,C,24.4,V,25.3,E,False,False,13.72,25.8,40.2,40.7,33,33,33,45.0,False,original
2023-05-31,86.7,V,86.7,V,44.0,V,44,V,62.4,C,62.4,C,35.8,C,35.8,C,36.0,C,36.0,C,23.4,V,24.3,E,False,False,13.69,26.5,40.2,40.7,33,33,33,44.0,False,original
2023-06-01,86.7,V,86.7,V,41.0,V,41,V,59.2,C,59.2,C,34.2,C,34.2,C,34.2,C,34.2,C,21.4,V,22.3,E,False,False,13.69,26.7,40.3,40.7,33,33,33,41.0,False,original
2023-06-02,86.7,V,86.7,V,33.0,V,37,E,64.0,C,64.0,C,33.6,C,33.6,C,40.1,C,40.1,C,19.4,V,20.3,E,False,False,13.68,26.6,40.3,40.7,33,33,33,34.0,True,7-day window
2023-06-03,86.7,V,86.7,V,34.0,V,34,V,68.4,C,68.4,C,39.4,C,39.4,C,41.2,C,41.2,C,17.5,V,18.4,E,False,False,13.67,26.6,40.3,40.7,33,33,33,34.0,False,original
2023-06-04,86.7,V,86.7,V,31.0,V,31,V,70.2,C,70.2,C,39.0,C,39.0,C,43.9,C,43.9,C,15.9,V,16.8,E,False,False,13.68,26.0,40.2,40.7,33,33,33,31.0,False,original
2023-06-05,87.0,V,87.0,V,25.0,V,27,E,69.6,C,69.6,C,39.9,C,39.9,C,40.3,C,40.3,C,14.5,V,15.4,E,False,False,13.67,26.3,40.3,40.7,33,33,33,25.0,False,original
2023-06-06,87.0,V,87.0,V,26.0,V,24,E,64.9,C,64.9,C,39.0,C,39.0,C,40.6,C,40.6,C,12.8,V,13.7,E,False,False,13.67,26.1,40.2,40.7,33,33,33,26.0,False,original
2023-06-07,87.2,V,87.2,V,21.0,V,21,V,66.0,C,66.0,C,38.3,C,38.3,C,38.3,C,38.3,C,11.6,V,12.5,E,False,False,13.7,25.8,40.2,40.7,33,34,33,21.0,False,original
2023-06-08,87.2,V,87.2,V,18.0,V,19,E,62.6,C,62.6,C,37.0,C,37.0,C,40.3,C,40.3,C,10.2,V,11.1,E,False,False,13.68,25.6,40.2,40.7,33,34,33,18.0,False,original
2023-06-09,87.2,V,87.2,V,12.0,V,16,E,61.3,C,61.3,C,39.9,C,39.9,C,40.6,C,40.6,C,8.1,V,9.0,E,False,False,13.65,26.3,40.2,40.7,35,36,33,12.0,False,original
2023-06-10,88.0,V,88.0,V,,S,14,E,60.1,C,60.1,C,40.5,C,40.5,C,43.0,C,43.0,C,7.2,V,8.1,E,False,True,13.69,26.3,40.2,40.7,36,37,34,12.0,True,7-day window
2023-06-11,88.2,V,88.2,V,6.0,V,10,E,63.3,C,63.3,C,39.2,C,39.2,C,39.2,C,39.2,C,5.5,V,6.4,E,False,False,13.69,25.9,40.2,40.7,39,37,34,6.0,False,original
2023-06-12,88.5,V,88.5,V,8.0,V,8,V,56.1,C,56.1,C,38.3,C,38.3,C,41.9,C,41.9,C,4.2,V,5.1,E,False,False,13.7,25.5,40.2,40.7,41,38,35,8.0,False,original
2023-06-13,88.9,V,88.8,E,,V,6,E,63.5,C,63.5,C,39.2,C,39.2,C,43.9,C,43.9,C,2.4,V,3.3,E,False,True,13.68,25.8,40.2,40.7,42,39,35,1.0,True,7-day window
2023-06-14,88.8,V,88.8,V,1.0,V,2,E,66.2,C,66.2,C,41.2,C,41.2,C,41.4,C,41.4,C,0.0,V,0.9,E,False,False,13.64,25.4,40.2,40.7,43,40,36,1.0,False,original
2023-06-15,88.8,V,88.8,V,1.0,V,1,V,69.1,C,69.1,C,39.7,C,39.7,C,53.6,C,53.6,C,,V,0.5,E,False,True,13.61,25.2,40.2,40.7,46,41,36,0.5,True,7-day window
2023-06-16,88.8,V,88.8,V,0.0,V,0,V,71.1,C,71.1,C,43.5,C,43.5,C,43.7,C,43.7,C,,V,0.0,E,False,True,13.6,24.9,40.2,40.7,47,42,37,0.0,False,original
2023-06-17,88.7,V,88.8,E,0.0,V,0,V,70.2,C,70.2,C,41.7,C,41.7,C,52.3,C,52.3,C,,V,0.0,E,False,True,13.6,24.7,40.1,40.6,47,43,38,0.0,False,original
2023-06-18,88.7,V,88.8,E,0.0,V,0,V,61.5,C,61.5,C,44.4,C,44.4,C,44.4,C,44.4,C,,V,0.0,E,False,True,13.6,24.4,40.1,40.6,47,43,38,0.0,False,original
2023-06-19,88.7,V,88.8,E,0.0,V,0,V,51.6,C,51.6,C,34.7,C,34.7,C,34.7,C,34.7,C,,V,0.0,E,False,True,13.63,23.2,40.0,40.5,43,42,39,0.0,False,original
2023-06-20,88.7,V,88.8,E,0.0,V,0,V,56.1,C,56.1,C,32.0,C,32.0,C,36.7,C,36.7,C,,V,0.0,E,False,True,13.69,22.6,39.9,40.4,44,42,39,0.0,False,original
2023-06-21,88.7,V,88.8,E,0.0,V,0,V,63.7,C,63.7,C,35.4,C,35.4,C,42.3,C,42.3,C,,V,0.0,E,False,True,13.65,22.3,39.9,40.4,45,42,39,0.0,False,original
2023-06-22,88.7,V,88.8,E,0.0,V,0,V,62.8,C,62.8,C,40.6,C,40.6,C,42.4,C,42.4,C,,V,0.0,E,False,True,13.64,22.0,39.8,40.4,47,43,39,0.0,False,original
2023-06-23,88.7,V,88.8,E,0.0,V,0,V,63.1,C,63.1,C,39.9,C,39.9,C,44.4,C,44.4,C,,V,0.0,E,False,True,13.62,21.7,39.8,40.3,47,44,40,0.0,False,original
2023-06-24,88.7,V,88.8,E,0.0,V,0,V,67.1,C,67.1,C,42.6,C,42.6,C,42.6,C,42.6,C,,V,0.0,E,False,True,13.61,21.3,39.7,40.3,48,44,40,0.0,False,original
2023-06-25,88.7,V,88.8,E,0.0,V,0,V,65.5,C,65.5,C,39.9,C,39.9,C,41.9,C,41.9,C,,V,0.0,E,False,True,13.61,21.0,39.6,40.3,49,45,40,0.0,False,original
2023-06-26,88.7,V,88.8,E,0.0,V,0,V,66.0,C,66.0,C,39.9,C,39.9,C,43.2,C,43.2,C,,V,0.0,E,False,True,13.6,20.7,39.6,40.3,49,45,41,0.0,False,original
2023-06-27,88.7,V,88.8,E,0.0,V,0,V,68.0,C,68.0,C,40.5,C,40.5,C,47.7,C,47.7,C,,V,0.0,E,False,True,13.6,20.5,39.5,40.2,48,45,41,0.0,False,original
2023-06-28,88.8,V,88.8,V,0.0,V,0,V,70.9,C,70.9,C,43.9,C,43.9,C,45.3,C,45.3,C,,V,0.0,E,False,True,13.6,20.3,39.5,40.2,48,45,41,0.0,False,original
2023-06-29,88.7,V,88.8,E,0.0,V,0,V,76.1,C,76.1,C,42.3,C,42.3,C,49.6,C,49.6,C,,V,0.0,E,False,True,13.56,20.0,39.4,40.2,51,46,42,0.0,False,original
2023-06-30,88.6,V,88.8,E,,V,0,E,81.5,C,81.5,C,46.4,C,46.4,C,53.8,C,53.8,C,,V,0.0,E,False,True,13.52,19.9,39.4,40.2,53,47,42,0.0,True,7-day window
2023-07-01,88.6,V,88.8,E,0.0,V,0,V,83.7,C,83.7,C,50.5,C,50.5,C,53.6,C,53.6,C,,V,0.0,E,False,True,13.49,19.6,39.3,40.2,55,49,42,0.0,False,original
2023-07-02,88.6,V,88.8,E,0.0,V,0,V,83.5,C,83.5,C,51.1,C,51.1,C,53.1,C,53.1,C,,V,0.0,E,False,True,13.47,19.1,39.2,40.1,55,50,43,0.0,False,original
2023-07-03,88.6,V,88.8,E,0.0,V,0,V,80.1,C,80.1,C,49.5,C,49.5,C,51.8,C,51.8,C,,V,0.0,E,False,True,13.49,18.2,38.7,40.0,56,50,44,0.0,False,original
2023-07-04,88.6,V,88.8,E,,V,0,E,80.6,C,80.6,C,48.4,C,48.4,C,53.6,C,53.6,C,,V,0.0,E,False,True,13.49,17.2,37.7,39.9,56,51,44,0.0,True,7-day window
2023-07-05,88.6,V,88.8,E,,V,0,E,79.7,C,79.7,C,51.4,C,51.4,C,51.4,C,51.4,C,,V,0.0,E,False,True,13.48,16.2,36.2,39.7,57,52,45,0.0,True,7-day window
2023-07-06,88.6,V,88.8,E,0.0,V,0,V,74.8,C,74.8,C,47.5,C,47.5,C,48.7,C,48.7,C,,V,0.0,E,False,True,13.5,15.4,34.7,39.3,56,52,45,0.0,False,original
2023-07-07,88.6,V,88.8,E,,V,0,E,74.3,C,74.3,C,45.9,C,45.9,C,48.7,C,48.7,C,,V,0.0,E,False,True,13.51,14.5,33.2,38.9,56,52,46,0.0,True,7-day window
2023-07-08,88.6,V,88.8,E,0.0,V,0,V,74.8,C,74.8,C,46.8,C,46.8,C,49.5,C,49.5,C,,V,0.0,E,False,True,13.5,13.8,31.9,38.4,57,52,46,0.0,False,original
2023-07-09,88.6,V,88.8,E,0.0,V,0,V,73.6,C,73.6,C,46.2,C,46.2,C,47.5,C,47.5,C,,V,0.0,E,False,True,13.52,13.4,30.8,37.8,56,52,46,0.0,False,original
2023-07-10,88.6,V,88.8,E,0.0,V,0,V,76.5,C,76.5,C,43.7,C,43.7,C,45.0,C,45.0,C,,V,0.0,E,False,True,13.52,12.8,29.6,37.1,56,52,46,0.0,False,original
2023-07-11,88.6,V,88.8,E,0.0,V,0,V,76.1,C,76.1,C,42.8,C,42.8,C,48.6,C,48.6,C,,V,0.0,E,False,True,13.52,12.4,28.6,36.2,56,52,47,0.0,False,original
2023-07-12,88.6,V,88.8,E,0.0,V,0,V,75.0,C,75.0,C,45.3,C,45.3,C,50.2,C,50.2,C,,V,0.0,E,False,True,13.52,12.0,27.8,35.4,56,52,47,0.0,False,original
2023-07-13,88.6,V,88.8,E,,V,0,E,78.8,C,78.8,C,44.8,C,44.8,C,50.5,C,50.5,C,,V,0.0,E,False,True,13.5,11.7,27.0,34.6,57,53,47,0.0,True,7-day window
2023-07-14,88.6,V,88.8,E,,V,0,E,86.0,C,86.0,C,48.7,C,48.7,C,59.4,C,59.4,C,,V,0.0,E,False,True,13.46,11.2,26.1,33.7,59,54,47,0.0,True,31-day fallback window
2023-07-15,88.5,V,88.8,E,,V,0,E,90.1,C,90.1,C,54.5,C,54.5,C,57.0,C,57.0,C,,V,0.0,E,False,True,13.42,10.9,25.2,32.7,60,55,47,0.0,True,31-day fallback window
2023-07-16,88.5,V,88.8,E,,V,0,E,90.3,C,90.3,C,53.2,C,53.2,C,64.2,C,64.2,C,,V,0.0,E,False,True,13.41,10.4,24.5,31.8,62,56,48,0.0,True,31-day fallback window
2023-07-17,88.5,V,88.8,E,,V,0,E,84.0,C,84.0,C,59.7,C,59.7,C,59.7,C,59.7,C,,V,0.0,E,False,True,13.4,9.8,23.9,31.1,62,57,48,0.0,True,31-day fallback window
2023-07-18,88.5,V,88.8,E,,V,0,E,82.9,C,82.9,C,56.5,C,56.5,C,59.7,C,59.7,C,,V,0.0,E,False,True,13.43,9.3,23.2,30.3,62,57,49,0.0,True,31-day fallback window
2023-07-19,88.5,V,88.8,E,,V,0,E,81.3,C,81.3,C,54.0,C,54.0,C,54.1,C,54.1,C,,V,0.0,E,False,True,13.44,9.0,22.7,29.6,61,57,49,0.0,True,31-day fallback window
2023-07-20,88.5,V,88.8,E,0.0,V,0,V,84.2,C,84.2,C,50.2,C,50.2,C,53.1,C,53.1,C,,V,0.0,E,False,True,13.44,8.5,22.1,29.0,61,57,49,0.0,False,original
2023-07-21,88.6,V,88.8,E,,V,0,E,87.4,C,87.4,C,51.1,C,51.1,C,57.0,C,57.0,C,,V,0.0,E,False,True,13.42,8.2,21.4,28.3,62,57,50,0.0,True,31-day fallback window
2023-07-22,88.5,V,88.8,E,,V,0,E,88.0,C,88.0,C,54.5,C,54.5,C,58.1,C,58.1,C,,V,0.0,E,False,True,13.42,7.9,20.7,27.7,62,57,50,0.0,True,31-day fallback window
2023-07-23,88.6,V,88.8,E,,V,0,E,84.7,C,84.7,C,56.1,C,56.1,C,58.8,C,58.8,C,,V,0.0,E,False,True,13.42,7.5,20.1,27.2,63,58,50,0.0,True,7-day window
2023-07-24,88.6,V,88.8,E,0.0,V,0,V,77.9,C,77.9,C,50.2,C,50.2,C,50.4,C,50.4,C,,V,0.0,E,False,True,13.45,7.0,19.6,26.6,61,58,50,0.0,False,original
2023-07-25,88.6,V,88.8,E,,V,0,E,81.0,C,81.0,C,47.5,C,47.5,C,54.1,C,54.1,C,,V,0.0,E,False,True,13.46,6.8,19.1,26.1,61,57,50,0.0,True,7-day window
2023-07-26,88.6,V,88.8,E,0.0,V,0,V,80.6,C,80.6,C,50.4,C,50.4,C,54.9,C,54.9,C,,V,0.0,E,False,True,13.46,6.3,18.7,25.7,61,57,50,0.0,False,original
2023-07-27,88.6,V,88.8,E,0.0,V,0,V,77.2,C,77.2,C,52.2,C,52.2,C,52.2,C,52.2,C,,V,0.0,E,False,True,13.44,6.1,18.3,25.2,61,57,51,0.0,False,original
2023-07-28,88.6,V,88.8,E,,V,0,E,78.6,C,78.6,C,48.2,C,48.2,C,54.7,C,54.7,C,,V,0.0,E,False,True,13.46,5.9,17.8,24.8,60,57,51,0.0,True,7-day window
2023-07-29,88.6,V,88.8,E,0.0,V,0,V,78.6,C,78.6,C,51.4,C,51.4,C,51.6,C,51.6,C,,V,0.0,E,False,True,13.47,5.5,17.3,24.4,60,57,51,0.0,False,original
2023-07-30,88.6,V,88.8,E,,V,0,E,80.4,C,80.4,C,48.6,C,48.6,C,56.7,C,56.7,C,,V,0.0,E,False,True,13.46,5.4,16.8,24.1,61,57,51,0.0,True,7-day window
2023-07-31,88.6,V,88.8,E,0.0,V,0,V,78.8,C,78.8,C,51.1,C,51.1,C,54.0,C,54.0,C,,V,0.0,E,False,True,13.46,5.0,16.4,23.7,61,57,51,0.0,False,original
2023-08-01,88.6,V,88.8,E,0.0,V,0,V,76.1,C,76.1,C,51.4,C,51.4,C,53.6,C,53.6,C,,V,0.0,E,False,True,13.47,5.0,15.9,23.4,60,57,51,0.0,False,original
2023-08-02,88.6,V,88.8,E,,V,0,E,76.1,C,76.1,C,49.3,C,49.3,C,53.2,C,53.2,C,,V,0.0,E,False,True,13.47,4.6,15.6,23.1,61,57,51,0.0,True,7-day window
2023-08-03,,S,88.8,E,0.0,V,0,V,73.0,C,73.0,C,51.1,V,47.5,C,51.4,C,51.4,C,,V,0.0,E,False,True,13.44,4.5,15.1,22.8,60,57,51,0.0,False,original
2023-08-04,88.8,V,88.8,V,0.0,V,0,V,76.3,C,76.3,C,45.7,C,45.7,C,45.9,C,45.9,C,,V,0.0,E,False,True,13.45,4.1,14.7,22.5,61,57,51,0.0,False,original
2023-08-05,88.8,V,88.8,V,0.0,V,0,V,76.3,C,76.3,C,45.9,C,45.9,C,51.4,C,51.4,C,,V,0.0,E,False,True,13.44,4.2,14.2,22.1,61,57,51,0.0,False,original
2023-08-06,88.8,V,88.8,V,,V,0,E,78.1,C,78.1,C,51.1,C,51.1,C,53.8,C,53.8,C,,V,0.0,E,False,True,13.43,3.8,13.4,21.8,62,58,51,0.0,True,7-day window
2023-08-07,88.8,V,88.8,V,,V,0,E,76.8,C,76.8,C,49.5,C,49.5,C,51.8,C,51.8,C,,V,0.0,E,False,True,13.43,3.6,12.6,21.4,62,58,51,0.0,True,7-day window
2023-08-08,88.8,V,88.8,V,,V,0,E,75.2,C,75.2,C,47.3,C,47.3,C,53.8,C,53.8,C,,V,0.0,E,False,True,13.43,3.4,12.0,21.2,62,58,52,0.0,True,7-day window
2023-08-09,88.8,V,88.8,V,0.0,V,0,V,73.4,C,73.4,C,47.3,C,47.3,C,48.2,C,48.2,C,,V,0.0,E,False,True,13.45,3.1,11.2,20.8,61,58,52,0.0,False,original
2023-08-10,88.8,V,88.8,V,0.0,V,0,V,74.8,C,74.8,C,42.4,C,42.4,C,49.1,C,49.1,C,,V,0.0,E,False,True,13.48,3.0,10.5,20.5,61,57,52,0.0,False,original
2023-08-11,88.8,V,88.8,V,,V,0,E,76.5,C,76.5,C,45.3,C,45.3,C,55.4,C,55.4,C,0.0,V,0.0,V,False,True,13.46,2.8,9.9,20.2,62,58,52,0.0,True,7-day window
2023-08-12,88.8,V,88.8,V,0.0,V,0,V,80.4,C,80.4,C,52.0,C,52.0,C,55.8,C,55.8,C,0.1,V,0.0,E,False,False,13.43,2.8,9.1,19.9,62,58,52,0.0,False,original
2023-08-13,88.8,V,88.8,V,,V,0,E,83.8,C,83.8,C,53.2,C,53.2,C,55.0,C,55.0,C,0.1,V,0.0,E,False,True,13.42,2.5,8.2,19.5,62,58,52,0.0,True,7-day window
2023-08-14,89.5,V,89.4,E,,V,0,E,77.7,C,77.7,C,49.1,C,49.1,C,49.1,C,49.1,C,0.2,V,0.0,E,False,True,13.46,2.2,7.7,19.5,59,58,52,0.0,True,7-day window
2023-08-15,89.5,V,89.5,V,,V,0,E,76.8,C,76.8,C,47.7,C,47.7,C,52.9,C,52.9,C,0.2,V,0.0,E,False,True,13.51,1.9,7.1,19.3,58,56,52,0.0,True,7-day window
2023-08-16,89.4,V,89.5,E,0.0,V,0,V,82.2,C,82.2,C,50.9,C,50.9,C,58.1,C,58.1,C,0.2,V,0.0,E,False,False,13.47,1.7,6.6,19.0,60,57,52,0.0,False,original
2023-08-17,89.4,V,89.5,E,0.0,V,0,V,79.0,C,79.0,C,52.7,C,52.7,C,52.9,C,52.9,C,0.2,V,0.0,E,False,False,13.44,1.8,6.2,18.6,61,58,52,0.0,False,original
2023-08-18,89.5,V,89.5,V,,V,0,E,74.8,C,74.8,C,50.2,C,50.2,C,52.2,C,52.2,C,0.2,V,0.0,E,False,True,13.48,1.5,6.0,18.5,58,57,52,0.0,True,7-day window
2023-08-19,89.6,V,89.6,V,0.0,V,0,V,72.3,C,72.3,C,49.3,C,49.3,C,51.4,C,51.4,C,0.2,V,0.0,E,False,False,13.51,1.3,5.6,18.3,58,56,52,0.0,False,original
2023-08-20,89.9,V,89.9,V,0.0,V,0,V,58.5,C,58.5,C,49.6,C,49.6,C,49.8,C,49.8,C,0.3,V,0.0,E,False,False,13.53,1.1,5.6,18.3,57,56,52,0.0,False,original
2023-08-21,90.4,V,90.4,V,0.0,V,0,V,57.4,C,57.4,C,46.6,C,46.6,C,46.8,C,46.8,C,0.2,V,0.0,E,False,False,13.55,2.5,20.4,20.9,55,55,52,0.0,False,original
2023-08-22,90.8,V,90.6,E,,V,0,E,61.7,C,61.7,C,45.7,C,45.7,C,45.7,C,45.7,C,0.2,V,0.0,E,False,True,13.55,2.8,18.5,19.8,56,55,52,0.0,True,7-day window
2023-08-23,90.7,V,90.6,E,,V,0,E,70.7,C,70.7,C,45.0,C,45.0,C,51.3,C,51.3,C,0.2,V,0.0,E,False,True,13.48,2.9,16.7,19.1,58,55,52,0.0,True,7-day window
2023-08-24,90.7,V,90.6,E,0.0,V,0,V,74.3,C,74.3,C,46.9,C,46.9,C,51.3,C,51.3,C,0.2,V,0.0,E,False,False,13.48,2.9,15.1,18.6,58,56,52,0.0,False,original
2023-08-25,90.6,V,90.6,V,,V,0,E,72.5,C,72.5,C,48.2,C,48.2,C,53.2,C,53.2,C,0.2,V,0.0,E,False,True,13.48,3.0,13.6,18.3,60,56,52,0.0,True,7-day window
2023-08-26,90.6,V,90.6,V,0.0,V,0,V,73.2,C,73.2,C,46.2,C,46.2,C,50.0,C,50.0,C,0.2,V,0.0,E,False,False,13.47,3.0,12.3,17.8,60,57,52,0.0,False,original
2023-08-27,90.6,V,90.6,V,0.0,V,0,V,76.8,C,76.8,C,46.2,C,46.2,C,51.6,C,51.6,C,0.2,V,0.0,E,False,False,13.45,2.9,10.9,17.5,61,58,52,0.0,False,original
2023-08-28,90.6,V,90.6,V,0.0,V,0,V,80.1,C,80.1,C,48.0,C,48.0,C,50.4,C,50.4,C,0.1,V,0.0,E,False,False,13.45,2.8,9.8,17.0,62,58,53,0.0,False,original
2023-08-29,90.6,V,90.6,V,0.0,V,0,V,73.0,C,73.0,C,45.9,C,45.9,C,46.0,C,46.0,C,0.0,V,0.0,V,False,False,13.48,2.7,8.5,16.6,60,58,53,0.0,False,original
2023-08-30,90.6,V,90.6,V,0.0,V,0,V,81.3,C,81.3,C,46.0,C,46.0,C,49.5,C,49.5,C,0.1,V,0.0,E,False,False,13.45,2.7,7.5,16.2,62,58,53,0.0,False,original
2023-08-31,90.6,V,90.6,V,,V,0,E,71.8,C,71.8,C,44.4,C,44.4,C,56.5,C,56.5,C,0.1,V,0.0,E,False,True,13.49,2.4,6.7,15.8,61,58,53,0.0,True,7-day window
2023-09-01,91.5,V,91.5,V,,V,0,E,56.5,C,56.5,C,44.2,C,44.2,C,44.4,C,44.4,C,0.2,V,0.0,E,False,True,13.52,2.0,14.8,17.3,53,56,53,0.0,True,31-day fallback window
2023-09-02,91.9,V,91.9,V,,V,0,E,54.1,C,54.1,C,43.9,C,43.9,C,49.5,C,49.5,C,0.1,V,0.0,E,False,True,13.58,2.0,21.4,21.5,53,54,53,0.0,True,31-day fallback window
2023-09-03,92.2,V,92.2,V,,V,0,E,49.6,C,49.6,C,38.1,C,38.1,C,38.7,C,38.7,C,0.1,V,0.0,E,False,True,13.59,1.9,19.9,19.9,51,53,53,0.0,True,31-day fallback window
2023-09-04,92.4,V,92.4,V,,V,0,E,64.0,C,64.0,C,37.0,C,37.0,C,47.5,C,47.5,C,0.1,V,0.0,E,False,True,13.56,2.5,18.3,18.9,55,53,52,0.0,True,31-day fallback window
2023-09-05,92.4,V,92.4,V,0.0,V,0,V,68.4,C,68.4,C,42.6,C,42.6,C,48.4,C,48.4,C,0.1,V,0.0,E,False,False,13.53,2.7,16.7,18.2,57,55,52,0.0,False,original
2023-09-06,92.4,V,92.4,V,,V,0,E,67.1,C,67.1,C,44.8,C,44.8,C,44.8,C,44.8,C,0.1,V,0.0,E,False,True,13.51,2.8,15.4,17.5,58,56,52,0.0,True,7-day window
2023-09-07,92.4,V,92.4,V,0.0,V,0,V,68.4,C,68.4,C,42.3,C,42.3,C,46.8,C,46.8,C,0.1,V,0.0,E,False,False,13.51,2.9,13.9,16.9,59,56,52,0.0,False,original
2023-09-08,92.4,V,92.4,V,0.0,V,0,V,70.3,C,70.3,C,40.8,C,40.8,C,45.7,C,45.7,C,0.1,V,0.0,E,False,False,13.5,2.8,12.6,16.3,60,57,53,0.0,False,original
2023-09-09,92.4,V,92.4,V,,V,0,E,70.7,C,70.7,C,43.9,C,43.9,C,48.2,C,48.2,C,0.1,V,0.0,E,False,True,13.5,2.8,11.3,15.9,61,58,53,0.0,True,7-day window
2023-09-10,92.4,V,92.4,V,,V,0,E,72.3,C,72.3,C,44.1,C,44.1,C,49.3,C,49.3,C,0.1,V,0.0,E,False,True,13.48,2.8,10.4,15.4,62,59,53,0.0,True,7-day window
2023-09-11,92.4,V,92.4,V,0.0,V,0,V,72.7,C,72.7,C,44.6,C,44.6,C,44.6,C,44.6,C,0.1,V,0.0,E,False,False,13.49,2.7,9.1,15.1,62,59,54,0.0,False,original
2023-09-12,92.4,V,92.4,V,0.0,V,0,V,72.3,C,72.3,C,42.1,C,42.1,C,46.6,C,46.6,C,0.1,V,0.0,E,False,False,13.5,2.8,8.1,14.6,62,60,54,0.0,False,original
2023-09-13,92.4,V,92.4,V,0.0,V,0,V,73.2,C,73.2,C,44.2,C,44.2,C,54.7,C,54.7,C,0.1,V,0.0,E,False,False,13.52,2.5,7.2,14.3,61,59,54,0.0,False,original
2023-09-14,92.4,V,92.4,V,0.0,V,0,V,75.0,C,75.0,C,44.4,C,44.4,C,46.8,C,46.8,C,0.1,V,0.0,E,False,False,13.48,2.3,6.4,13.8,63,60,54,0.0,False,original
2023-09-15,92.4,V,92.4,V,,V,0,E,74.1,C,74.1,C,43.5,C,43.5,C,49.8,C,49.8,C,0.2,V,0.0,E,False,True,13.49,2.3,5.8,13.3,64,60,54,0.0,True,7-day window
2023-09-16,92.5,V,92.5,V,,V,0,E,73.0,C,73.0,C,47.7,C,47.7,C,47.7,C,47.7,C,0.1,V,0.0,E,False,True,13.51,2.0,5.3,13.0,61,60,55,0.0,True,7-day window
2023-09-17,92.5,V,92.5,V,,V,0,E,71.6,C,71.6,C,43.9,C,43.9,C,47.7,C,47.7,C,0.1,V,0.0,E,False,True,13.5,1.7,4.9,12.6,61,60,55,0.0,True,7-day window
2023-09-18,92.4,V,92.5,E,0.0,V,0,V,70.7,C,70.7,C,44.2,C,44.2,C,48.7,C,48.7,C,0.1,V,0.0,E,False,False,13.54,1.7,4.6,12.2,61,60,55,0.0,False,original
2023-09-19,92.6,V,92.6,V,,V,0,E,70.3,C,70.3,C,43.7,C,43.7,C,43.9,C,43.9,C,0.2,V,0.0,E,False,True,13.56,1.5,4.4,11.8,60,59,55,0.0,True,7-day window
2023-09-20,92.6,V,92.6,V,0.0,V,0,V,63.1,C,63.1,C,41.4,C,41.4,C,43.2,C,43.2,C,0.2,V,0.0,E,False,False,13.58,1.3,4.4,11.6,60,59,55,0.0,False,original
2023-09-21,92.6,V,92.6,V,0.0,V,0,V,53.8,C,53.8,C,33.1,C,33.1,C,34.0,C,34.0,C,0.1,V,0.0,E,False,False,13.6,1.2,4.3,11.3,57,58,55,0.0,False,original
2023-09-22,92.6,V,92.6,V,0.0,V,0,V,61.5,C,61.5,C,34.2,C,34.2,C,37.2,C,37.2,C,0.1,V,0.0,E,False,False,13.57,1.1,4.1,11.0,59,58,54,0.0,False,original
2023-09-23,92.6,V,92.6,V,0.0,V,0,V,62.4,C,62.4,C,34.7,C,34.7,C,40.3,C,40.3,C,0.1,V,0.0,E,False,False,13.56,0.9,4.0,10.5,59,58,54,0.0,False,original
2023-09-24,92.6,V,92.6,V,0.0,V,0,V,63.9,C,63.9,C,38.7,C,38.7,C,44.6,C,44.6,C,0.1,V,0.0,E,False,False,13.56,0.8,3.9,10.0,59,58,54,0.0,False,original
2023-09-25,92.6,V,92.6,V,0.0,V,0,V,62.4,C,62.4,C,42.6,C,42.6,C,45.5,C,45.5,C,0.1,V,0.0,E,False,False,13.56,0.8,3.7,9.5,59,58,54,0.0,False,original
2023-09-26,92.6,V,92.6,V,0.0,V,0,V,60.1,C,60.1,C,42.4,C,42.4,C,42.4,C,42.4,C,0.2,V,0.0,E,False,False,13.55,0.5,3.8,9.2,59,58,54,0.0,False,original
2023-09-27,92.6,V,92.6,V,0.0,V,0,V,63.7,C,63.7,C,34.5,C,34.5,C,39.2,C,39.2,C,0.2,V,0.0,E,False,False,13.54,0.5,3.6,8.8,60,58,54,0.0,False,original
2023-09-28,92.6,V,92.6,V,0.0,V,0,V,65.3,C,65.3,C,35.4,C,35.4,C,38.5,C,38.5,C,0.2,V,0.0,E,False,False,13.55,0.3,3.5,8.4,60,59,54,0.0,False,original
2023-09-29,92.6,V,92.6,V,0.0,V,0,V,60.1,C,60.1,C,34.7,C,34.7,C,43.2,C,43.2,C,0.2,V,0.0,E,False,False,13.58,0.1,3.6,8.2,58,58,54,0.0,False,original
2023-09-30,92.7,V,92.7,V,0.0,V,0,V,43.5,C,43.5,C,33.6,C,33.6,C,37.4,C,37.4,C,0.2,V,0.0,E,False,False,13.63,0.0,3.4,8.1,53,56,54,0.0,False,original
